Instance,Algorithm,Run,Best,Worst,Avg,Std,pop_size,gen,Px,Pm,tournament,Elitism,cooling,innerLoop
a-n60-k9.vrp,ga,1,1605.4043,4113.1401,3688.3547,230.2645,200,0,0.9000,0.0500,10,10,0.0000,0
a-n60-k9.vrp,ga,1,1605.4043,4032.1184,3408.4053,412.3976,200,1,0.9000,0.0500,10,10,0.0000,0
a-n60-k9.vrp,ga,1,1605.4043,3720.2146,2690.9082,585.2799,200,2,0.9000,0.0500,10,10,0.0000,0
a-n60-k9.vrp,ga,1,1575.0619,2487.7593,1873.6682,193.3030,200,3,0.9000,0.0500,10,10,0.0000,0
a-n60-k9.vrp,ga,1,1575.0619,2227.9370,1766.4199,130.8197,200,4,0.9000,0.0500,10,10,0.0000,0
a-n60-k9.vrp,ga,1,1575.0619,2118.8489,1764.2828,133.2996,200,5,0.9000,0.0500,10,10,0.0000,0
a-n60-k9.vrp,ga,1,1575.0619,2152.1211,1770.0653,141.6366,200,6,0.9000,0.0500,10,10,0.0000,0
a-n60-k9.vrp,ga,1,1575.0619,2244.3501,1792.4453,144.9782,200,7,0.9000,0.0500,10,10,0.0000,0
a-n60-k9.vrp,ga,1,1575.0619,2190.4170,1790.0414,149.7779,200,8,0.9000,0.0500,10,10,0.0000,0
a-n60-k9.vrp,ga,1,1575.0619,2175.6230,1790.2002,147.6963,200,9,0.9000,0.0500,10,10,0.0000,0
a-n60-k9.vrp,ga,1,1561.7944,2084.8264,1782.6030,152.7600,200,10,0.9000,0.0500,10,10,0.0000,0
a-n60-k9.vrp,ga,1,1561.7944,2159.9050,1797.6084,154.7655,200,11,0.9000,0.0500,10,10,0.0000,0
a-n60-k9.vrp,ga,1,1554.3199,2191.1021,1798.9741,153.0480,200,12,0.9000,0.0500,10,10,0.0000,0
a-n60-k9.vrp,ga,1,1554.3199,2216.3865,1793.6669,153.2197,200,13,0.9000,0.0500,10,10,0.0000,0
a-n60-k9.vrp,ga,1,1554.3199,2152.4243,1807.8796,147.9303,200,14,0.9000,0.0500,10,10,0.0000,0
a-n60-k9.vrp,ga,1,1554.3199,2209.6472,1811.6150,165.7870,200,15,0.9000,0.0500,10,10,0.0000,0
a-n60-k9.vrp,ga,1,1554.3199,2218.1641,1776.6133,163.0182,200,16,0.9000,0.0500,10,10,0.0000,0
a-n60-k9.vrp,ga,1,1554.3199,2129.3677,1772.1382,149.4715,200,17,0.9000,0.0500,10,10,0.0000,0
a-n60-k9.vrp,ga,1,1545.9001,2125.2925,1760.9449,150.6448,200,18,0.9000,0.0500,10,10,0.0000,0
a-n60-k9.vrp,ga,1,1545.9001,2261.3108,1784.6968,151.7309,200,19,0.9000,0.0500,10,10,0.0000,0
a-n60-k9.vrp,ga,1,1545.9001,2168.6404,1771.5190,154.2830,200,20,0.9000,0.0500,10,10,0.0000,0
a-n60-k9.vrp,ga,1,1545.9001,2261.8176,1780.7377,159.8019,200,21,0.9000,0.0500,10,10,0.0000,0
a-n60-k9.vrp,ga,1,1545.9001,2300.5667,1791.1365,170.0415,200,22,0.9000,0.0500,10,10,0.0000,0
a-n60-k9.vrp,ga,1,1545.9001,2172.3867,1784.9100,154.0803,200,23,0.9000,0.0500,10,10,0.0000,0
a-n60-k9.vrp,ga,1,1545.9001,2337.1658,1781.7865,159.1844,200,24,0.9000,0.0500,10,10,0.0000,0
a-n60-k9.vrp,ga,1,1545.9001,2174.0310,1761.8633,148.2286,200,25,0.9000,0.0500,10,10,0.0000,0
a-n60-k9.vrp,ga,1,1545.1898,2162.9143,1785.2239,167.2559,200,26,0.9000,0.0500,10,10,0.0000,0
a-n60-k9.vrp,ga,1,1545.1898,2198.0142,1808.5150,167.2597,200,27,0.9000,0.0500,10,10,0.0000,0
a-n60-k9.vrp,ga,1,1545.1898,2308.3599,1802.1287,161.9190,200,28,0.9000,0.0500,10,10,0.0000,0
a-n60-k9.vrp,ga,1,1545.1898,2200.3643,1797.9135,162.2857,200,29,0.9000,0.0500,10,10,0.0000,0
a-n60-k9.vrp,ga,1,1545.1898,2296.0312,1804.0496,156.9787,200,30,0.9000,0.0500,10,10,0.0000,0
a-n60-k9.vrp,ga,1,1545.1898,2345.0146,1833.0872,185.8543,200,31,0.9000,0.0500,10,10,0.0000,0
a-n60-k9.vrp,ga,1,1545.1898,2530.5933,1882.3247,228.6046,200,32,0.9000,0.0500,10,10,0.0000,0
a-n60-k9.vrp,ga,1,1545.1898,2423.5547,1885.4203,225.8346,200,33,0.9000,0.0500,10,10,0.0000,0
a-n60-k9.vrp,ga,1,1545.1898,2615.4480,1893.7310,224.1836,200,34,0.9000,0.0500,10,10,0.0000,0
a-n60-k9.vrp,ga,1,1545.1898,2690.7808,1896.8588,247.0739,200,35,0.9000,0.0500,10,10,0.0000,0
a-n60-k9.vrp,ga,1,1545.1898,2500.7786,1962.8939,246.5668,200,36,0.9000,0.0500,10,10,0.0000,0
a-n60-k9.vrp,ga,1,1545.1898,2644.0029,1982.1267,262.1735,200,37,0.9000,0.0500,10,10,0.0000,0
a-n60-k9.vrp,ga,1,1545.1898,2534.4644,1964.9751,250.2691,200,38,0.9000,0.0500,10,10,0.0000,0
a-n60-k9.vrp,ga,1,1545.1898,2627.7168,1951.9290,252.1136,200,39,0.9000,0.0500,10,10,0.0000,0
a-n60-k9.vrp,ga,1,1545.1898,2619.5305,1947.7258,252.5090,200,40,0.9000,0.0500,10,10,0.0000,0
a-n60-k9.vrp,ga,1,1545.1897,2518.8523,1852.5720,220.4629,200,41,0.9000,0.0500,10,10,0.0000,0
a-n60-k9.vrp,ga,1,1541.1251,2490.1968,1848.5972,212.7793,200,42,0.9000,0.0500,10,10,0.0000,0
a-n60-k9.vrp,ga,1,1541.1251,2466.8035,1822.3706,187.6946,200,43,0.9000,0.0500,10,10,0.0000,0
a-n60-k9.vrp,ga,1,1541.1251,2255.5181,1804.8203,179.5826,200,44,0.9000,0.0500,10,10,0.0000,0
a-n60-k9.vrp,ga,1,1541.1251,2329.2627,1819.4481,198.1559,200,45,0.9000,0.0500,10,10,0.0000,0
a-n60-k9.vrp,ga,1,1541.1251,2301.1077,1806.1233,175.4021,200,46,0.9000,0.0500,10,10,0.0000,0
a-n60-k9.vrp,ga,1,1541.1251,2305.1978,1792.7325,181.5191,200,47,0.9000,0.0500,10,10,0.0000,0
a-n60-k9.vrp,ga,1,1541.1251,2347.5596,1782.9150,161.5066,200,48,0.9000,0.0500,10,10,0.0000,0
a-n60-k9.vrp,ga,1,1541.1251,2286.7505,1801.7983,168.5805,200,49,0.9000,0.0500,10,10,0.0000,0
a-n60-k9.vrp,ga,1,1541.1251,2198.6482,1788.5463,164.3011,200,50,0.9000,0.0500,10,10,0.0000,0
a-n60-k9.vrp,ga,1,1527.5261,2176.9019,1798.5695,172.2322,200,51,0.9000,0.0500,10,10,0.0000,0
a-n60-k9.vrp,ga,1,1527.5261,2251.3804,1810.9955,170.0366,200,52,0.9000,0.0500,10,10,0.0000,0
a-n60-k9.vrp,ga,1,1527.5261,2546.0469,1826.8458,186.5737,200,53,0.9000,0.0500,10,10,0.0000,0
a-n60-k9.vrp,ga,1,1527.5261,2341.0562,1806.4506,166.7983,200,54,0.9000,0.0500,10,10,0.0000,0
a-n60-k9.vrp,ga,1,1527.5261,2231.0881,1841.1838,184.6688,200,55,0.9000,0.0500,10,10,0.0000,0
a-n60-k9.vrp,ga,1,1527.5261,2355.3784,1866.8960,204.4754,200,56,0.9000,0.0500,10,10,0.0000,0
a-n60-k9.vrp,ga,1,1527.5261,2323.4631,1860.3861,201.2798,200,57,0.9000,0.0500,10,10,0.0000,0
a-n60-k9.vrp,ga,1,1527.5261,2306.0979,1837.8052,184.4914,200,58,0.9000,0.0500,10,10,0.0000,0
a-n60-k9.vrp,ga,1,1527.5261,2380.2856,1829.8040,191.2439,200,59,0.9000,0.0500,10,10,0.0000,0
a-n60-k9.vrp,ga,1,1527.5261,2292.7219,1856.0519,184.2167,200,60,0.9000,0.0500,10,10,0.0000,0
a-n60-k9.vrp,ga,1,1527.5261,2349.2371,1849.5939,201.4195,200,61,0.9000,0.0500,10,10,0.0000,0
a-n60-k9.vrp,ga,1,1527.5261,2356.8230,1838.3655,200.9362,200,62,0.9000,0.0500,10,10,0.0000,0
a-n60-k9.vrp,ga,1,1521.9263,2465.5129,1858.7483,203.9058,200,63,0.9000,0.0500,10,10,0.0000,0
a-n60-k9.vrp,ga,1,1512.0256,2354.4819,1828.9122,195.8807,200,64,0.9000,0.0500,10,10,0.0000,0
a-n60-k9.vrp,ga,1,1512.0256,2303.8843,1826.7072,188.3609,200,65,0.9000,0.0500,10,10,0.0000,0
a-n60-k9.vrp,ga,1,1512.0256,2232.9473,1807.2206,171.4274,200,66,0.9000,0.0500,10,10,0.0000,0
a-n60-k9.vrp,ga,1,1512.0256,2255.4268,1805.2456,188.6027,200,67,0.9000,0.0500,10,10,0.0000,0
a-n60-k9.vrp,ga,1,1512.0256,2211.4285,1785.8319,178.6985,200,68,0.9000,0.0500,10,10,0.0000,0
a-n60-k9.vrp,ga,1,1512.0256,2211.9529,1794.4485,181.8126,200,69,0.9000,0.0500,10,10,0.0000,0
a-n60-k9.vrp,ga,1,1512.0256,2377.1011,1796.5638,175.1946,200,70,0.9000,0.0500,10,10,0.0000,0
a-n60-k9.vrp,ga,1,1512.0256,2315.4199,1774.3027,177.1223,200,71,0.9000,0.0500,10,10,0.0000,0
a-n60-k9.vrp,ga,1,1512.0256,2180.9868,1772.8983,175.0823,200,72,0.9000,0.0500,10,10,0.0000,0
a-n60-k9.vrp,ga,1,1512.0256,2154.1487,1779.1417,175.6577,200,73,0.9000,0.0500,10,10,0.0000,0
a-n60-k9.vrp,ga,1,1512.0256,2132.3018,1805.8727,185.5941,200,74,0.9000,0.0500,10,10,0.0000,0
a-n60-k9.vrp,ga,1,1512.0256,2269.7275,1804.2169,174.5625,200,75,0.9000,0.0500,10,10,0.0000,0
a-n60-k9.vrp,ga,1,1512.0256,2274.1003,1798.7289,176.8934,200,76,0.9000,0.0500,10,10,0.0000,0
a-n60-k9.vrp,ga,1,1512.0256,2187.9419,1803.1248,177.7964,200,77,0.9000,0.0500,10,10,0.0000,0
a-n60-k9.vrp,ga,1,1512.0256,2195.3506,1781.2590,179.1436,200,78,0.9000,0.0500,10,10,0.0000,0
a-n60-k9.vrp,ga,1,1512.0256,2299.3850,1796.8931,167.8453,200,79,0.9000,0.0500,10,10,0.0000,0
a-n60-k9.vrp,ga,1,1512.0256,2388.6348,1814.9214,190.7960,200,80,0.9000,0.0500,10,10,0.0000,0
a-n60-k9.vrp,ga,1,1512.0256,2343.2451,1831.4578,204.0132,200,81,0.9000,0.0500,10,10,0.0000,0
a-n60-k9.vrp,ga,1,1512.0256,2497.3215,1830.0643,206.5092,200,82,0.9000,0.0500,10,10,0.0000,0
a-n60-k9.vrp,ga,1,1512.0256,2441.6418,1840.3623,199.3369,200,83,0.9000,0.0500,10,10,0.0000,0
a-n60-k9.vrp,ga,1,1512.0256,2335.7307,1825.1307,208.3192,200,84,0.9000,0.0500,10,10,0.0000,0
a-n60-k9.vrp,ga,1,1512.0256,2274.3000,1804.0853,190.4607,200,85,0.9000,0.0500,10,10,0.0000,0
a-n60-k9.vrp,ga,1,1512.0256,2378.9294,1804.4165,207.0428,200,86,0.9000,0.0500,10,10,0.0000,0
a-n60-k9.vrp,ga,1,1512.0256,2343.2451,1820.6204,204.1095,200,87,0.9000,0.0500,10,10,0.0000,0
a-n60-k9.vrp,ga,1,1512.0256,2634.8630,1824.1312,209.4430,200,88,0.9000,0.0500,10,10,0.0000,0
a-n60-k9.vrp,ga,1,1512.0256,2388.7051,1826.1205,189.9168,200,89,0.9000,0.0500,10,10,0.0000,0
a-n60-k9.vrp,ga,1,1512.0256,2381.9062,1822.6672,207.5221,200,90,0.9000,0.0500,10,10,0.0000,0
a-n60-k9.vrp,ga,1,1512.0256,2432.3225,1824.4463,201.9935,200,91,0.9000,0.0500,10,10,0.0000,0
a-n60-k9.vrp,ga,1,1512.0256,2484.4019,1838.1108,202.0981,200,92,0.9000,0.0500,10,10,0.0000,0
a-n60-k9.vrp,ga,1,1512.0256,2456.8857,1855.4252,222.7966,200,93,0.9000,0.0500,10,10,0.0000,0
a-n60-k9.vrp,ga,1,1512.0256,2342.1584,1832.6610,197.2204,200,94,0.9000,0.0500,10,10,0.0000,0
a-n60-k9.vrp,ga,1,1512.0256,2554.6030,1850.7393,223.7576,200,95,0.9000,0.0500,10,10,0.0000,0
a-n60-k9.vrp,ga,1,1512.0256,2525.0493,1836.5668,207.4624,200,96,0.9000,0.0500,10,10,0.0000,0
a-n60-k9.vrp,ga,1,1503.3995,2413.5425,1819.4530,191.5042,200,97,0.9000,0.0500,10,10,0.0000,0
a-n60-k9.vrp,ga,1,1503.3995,2551.5808,1810.4274,224.7612,200,98,0.9000,0.0500,10,10,0.0000,0
a-n60-k9.vrp,ga,1,1503.3995,2355.3601,1802.9210,198.8530,200,99,0.9000,0.0500,10,10,0.0000,0
a-n60-k9.vrp,ga,1,1503.3995,2355.5571,1805.9264,198.7191,200,100,0.9000,0.0500,10,10,0.0000,0
a-n60-k9.vrp,ga,1,1503.3995,2189.7930,1815.4946,196.5458,200,101,0.9000,0.0500,10,10,0.0000,0
a-n60-k9.vrp,ga,1,1503.3995,2338.6487,1814.4763,204.5026,200,102,0.9000,0.0500,10,10,0.0000,0
a-n60-k9.vrp,ga,1,1503.3995,2304.9016,1861.9357,221.6908,200,103,0.9000,0.0500,10,10,0.0000,0
a-n60-k9.vrp,ga,1,1503.3995,2338.7856,1846.3650,221.2781,200,104,0.9000,0.0500,10,10,0.0000,0
a-n60-k9.vrp,ga,1,1503.3995,2344.1284,1856.8617,204.6282,200,105,0.9000,0.0500,10,10,0.0000,0
a-n60-k9.vrp,ga,1,1503.3995,2530.1843,1864.7632,220.4883,200,106,0.9000,0.0500,10,10,0.0000,0
a-n60-k9.vrp,ga,1,1503.3995,2438.5962,1871.4838,242.0142,200,107,0.9000,0.0500,10,10,0.0000,0
a-n60-k9.vrp,ga,1,1503.3995,2467.3967,1875.5326,244.8707,200,108,0.9000,0.0500,10,10,0.0000,0
a-n60-k9.vrp,ga,1,1503.3995,2572.6108,1855.6384,239.6814,200,109,0.9000,0.0500,10,10,0.0000,0
a-n60-k9.vrp,ga,1,1503.3995,2466.5195,1885.9893,249.1866,200,110,0.9000,0.0500,10,10,0.0000,0
a-n60-k9.vrp,ga,1,1503.3995,2425.4780,1889.8209,236.8144,200,111,0.9000,0.0500,10,10,0.0000,0
a-n60-k9.vrp,ga,1,1503.3995,2496.9409,1912.9916,238.6185,200,112,0.9000,0.0500,10,10,0.0000,0
a-n60-k9.vrp,ga,1,1503.3995,2447.6067,1897.6791,245.3117,200,113,0.9000,0.0500,10,10,0.0000,0
a-n60-k9.vrp,ga,1,1503.3995,2557.7986,1879.9923,236.7581,200,114,0.9000,0.0500,10,10,0.0000,0
a-n60-k9.vrp,ga,1,1503.3995,2688.3608,1865.5331,256.2473,200,115,0.9000,0.0500,10,10,0.0000,0
a-n60-k9.vrp,ga,1,1503.3995,2555.9949,1886.8427,240.6578,200,116,0.9000,0.0500,10,10,0.0000,0
a-n60-k9.vrp,ga,1,1503.3995,2636.3892,1931.7003,256.8077,200,117,0.9000,0.0500,10,10,0.0000,0
a-n60-k9.vrp,ga,1,1503.3995,2568.2014,1917.5663,244.0128,200,118,0.9000,0.0500,10,10,0.0000,0
a-n60-k9.vrp,ga,1,1503.3995,2529.1196,1927.7815,233.7562,200,119,0.9000,0.0500,10,10,0.0000,0
a-n60-k9.vrp,ga,1,1503.3995,2533.9758,1944.9620,240.9365,200,120,0.9000,0.0500,10,10,0.0000,0
a-n60-k9.vrp,ga,1,1503.3995,2619.4209,1927.8409,254.1903,200,121,0.9000,0.0500,10,10,0.0000,0
a-n60-k9.vrp,ga,1,1503.3995,2532.2217,1922.2086,260.3930,200,122,0.9000,0.0500,10,10,0.0000,0
a-n60-k9.vrp,ga,1,1500.9537,2529.3804,1886.3850,252.9746,200,123,0.9000,0.0500,10,10,0.0000,0
a-n60-k9.vrp,ga,1,1500.9537,2571.3806,1853.1041,248.2668,200,124,0.9000,0.0500,10,10,0.0000,0
a-n60-k9.vrp,ga,1,1500.9537,2543.2122,1846.1238,252.5214,200,125,0.9000,0.0500,10,10,0.0000,0
a-n60-k9.vrp,ga,1,1500.9537,2433.1050,1807.6085,213.2381,200,126,0.9000,0.0500,10,10,0.0000,0
a-n60-k9.vrp,ga,1,1500.9537,2357.0183,1876.5555,222.7921,200,127,0.9000,0.0500,10,10,0.0000,0
a-n60-k9.vrp,ga,1,1500.9537,2341.1628,1889.8258,218.3900,200,128,0.9000,0.0500,10,10,0.0000,0
a-n60-k9.vrp,ga,1,1500.9537,2350.4946,1833.8029,199.1133,200,129,0.9000,0.0500,10,10,0.0000,0
a-n60-k9.vrp,ga,1,1500.9537,2504.1858,1871.3973,206.0190,200,130,0.9000,0.0500,10,10,0.0000,0
a-n60-k9.vrp,ga,1,1500.9537,2527.5203,1871.7416,211.9624,200,131,0.9000,0.0500,10,10,0.0000,0
a-n60-k9.vrp,ga,1,1500.9537,2381.6941,1849.7523,218.5680,200,132,0.9000,0.0500,10,10,0.0000,0
a-n60-k9.vrp,ga,1,1500.9537,2328.8989,1827.6210,221.2826,200,133,0.9000,0.0500,10,10,0.0000,0
a-n60-k9.vrp,ga,1,1500.9537,2305.7114,1821.1907,203.6075,200,134,0.9000,0.0500,10,10,0.0000,0
a-n60-k9.vrp,ga,1,1500.9537,2277.7952,1837.7592,200.3544,200,135,0.9000,0.0500,10,10,0.0000,0
a-n60-k9.vrp,ga,1,1500.9537,2352.4207,1850.7185,222.0261,200,136,0.9000,0.0500,10,10,0.0000,0
a-n60-k9.vrp,ga,1,1500.9537,2495.5540,1862.8064,227.7250,200,137,0.9000,0.0500,10,10,0.0000,0
a-n60-k9.vrp,ga,1,1500.9537,2315.6282,1834.0428,217.2236,200,138,0.9000,0.0500,10,10,0.0000,0
a-n60-k9.vrp,ga,1,1500.9537,2248.1289,1803.0765,210.3476,200,139,0.9000,0.0500,10,10,0.0000,0
a-n60-k9.vrp,ga,1,1500.9537,2315.3877,1821.8175,212.9197,200,140,0.9000,0.0500,10,10,0.0000,0
a-n60-k9.vrp,ga,1,1500.9537,2264.3171,1815.7666,202.9767,200,141,0.9000,0.0500,10,10,0.0000,0
a-n60-k9.vrp,ga,1,1500.9537,2297.1975,1828.6030,214.8317,200,142,0.9000,0.0500,10,10,0.0000,0
a-n60-k9.vrp,ga,1,1500.9537,2383.0239,1838.6425,214.9662,200,143,0.9000,0.0500,10,10,0.0000,0
a-n60-k9.vrp,ga,1,1500.9537,2524.2793,1825.7144,220.2618,200,144,0.9000,0.0500,10,10,0.0000,0
a-n60-k9.vrp,ga,1,1500.9537,2298.5615,1805.4117,204.6714,200,145,0.9000,0.0500,10,10,0.0000,0
a-n60-k9.vrp,ga,1,1500.9537,2265.2373,1818.0087,199.8023,200,146,0.9000,0.0500,10,10,0.0000,0
a-n60-k9.vrp,ga,1,1500.9537,2318.4236,1846.5665,206.5506,200,147,0.9000,0.0500,10,10,0.0000,0
a-n60-k9.vrp,ga,1,1500.9537,2410.4775,1825.0984,218.0315,200,148,0.9000,0.0500,10,10,0.0000,0
a-n60-k9.vrp,ga,1,1500.9537,2332.1567,1834.4659,220.1697,200,149,0.9000,0.0500,10,10,0.0000,0
a-n60-k9.vrp,ga,1,1500.9537,2391.5032,1858.2751,219.8150,200,150,0.9000,0.0500,10,10,0.0000,0
a-n60-k9.vrp,ga,1,1500.9537,2334.7104,1853.0111,229.7200,200,151,0.9000,0.0500,10,10,0.0000,0
a-n60-k9.vrp,ga,1,1500.9537,2371.5447,1857.3367,230.1706,200,152,0.9000,0.0500,10,10,0.0000,0
a-n60-k9.vrp,ga,1,1500.9537,2445.8633,1828.6805,241.8632,200,153,0.9000,0.0500,10,10,0.0000,0
a-n60-k9.vrp,ga,1,1500.9537,2570.0737,1858.0243,228.2471,200,154,0.9000,0.0500,10,10,0.0000,0
a-n60-k9.vrp,ga,1,1500.9537,2447.5813,1877.7028,227.6062,200,155,0.9000,0.0500,10,10,0.0000,0
a-n60-k9.vrp,ga,1,1500.9537,2493.1553,1865.0774,228.7828,200,156,0.9000,0.0500,10,10,0.0000,0
a-n60-k9.vrp,ga,1,1500.9537,2376.5623,1854.7288,233.0392,200,157,0.9000,0.0500,10,10,0.0000,0
a-n60-k9.vrp,ga,1,1500.9537,2409.7173,1857.4468,236.3403,200,158,0.9000,0.0500,10,10,0.0000,0
a-n60-k9.vrp,ga,1,1500.9537,2373.4646,1861.9841,230.7102,200,159,0.9000,0.0500,10,10,0.0000,0
a-n60-k9.vrp,ga,1,1500.9537,2449.7854,1852.4489,233.9779,200,160,0.9000,0.0500,10,10,0.0000,0
a-n60-k9.vrp,ga,1,1500.9537,2480.6990,1864.3513,252.3227,200,161,0.9000,0.0500,10,10,0.0000,0
a-n60-k9.vrp,ga,1,1500.9537,2495.1223,1890.9935,252.1559,200,162,0.9000,0.0500,10,10,0.0000,0
a-n60-k9.vrp,ga,1,1500.9537,2551.5481,1879.8892,254.8627,200,163,0.9000,0.0500,10,10,0.0000,0
a-n60-k9.vrp,ga,1,1500.9537,2471.6235,1834.6086,254.0488,200,164,0.9000,0.0500,10,10,0.0000,0
a-n60-k9.vrp,ga,1,1500.9537,2515.1941,1859.1119,227.3922,200,165,0.9000,0.0500,10,10,0.0000,0
a-n60-k9.vrp,ga,1,1500.9537,2496.1587,1843.7845,240.3978,200,166,0.9000,0.0500,10,10,0.0000,0
a-n60-k9.vrp,ga,1,1500.9536,2603.5142,1828.6016,230.2164,200,167,0.9000,0.0500,10,10,0.0000,0
a-n60-k9.vrp,ga,1,1500.9536,2383.5120,1815.7633,238.4246,200,168,0.9000,0.0500,10,10,0.0000,0
a-n60-k9.vrp,ga,1,1500.9536,2546.0994,1767.6189,230.9700,200,169,0.9000,0.0500,10,10,0.0000,0
a-n60-k9.vrp,ga,1,1499.3733,2302.4519,1722.3789,210.2518,200,170,0.9000,0.0500,10,10,0.0000,0
a-n60-k9.vrp,ga,1,1499.3733,2275.9485,1783.6456,225.5066,200,171,0.9000,0.0500,10,10,0.0000,0
a-n60-k9.vrp,ga,1,1499.3733,2283.3821,1795.4385,222.5986,200,172,0.9000,0.0500,10,10,0.0000,0
a-n60-k9.vrp,ga,1,1499.3733,2188.5210,1800.4172,206.7072,200,173,0.9000,0.0500,10,10,0.0000,0
a-n60-k9.vrp,ga,1,1499.3733,2303.7725,1815.1454,237.7146,200,174,0.9000,0.0500,10,10,0.0000,0
a-n60-k9.vrp,ga,1,1499.3733,2199.6426,1829.0258,218.1169,200,175,0.9000,0.0500,10,10,0.0000,0
a-n60-k9.vrp,ga,1,1499.3733,2396.5542,1825.8589,226.0090,200,176,0.9000,0.0500,10,10,0.0000,0
a-n60-k9.vrp,ga,1,1499.3733,2332.1648,1802.4589,232.8706,200,177,0.9000,0.0500,10,10,0.0000,0
a-n60-k9.vrp,ga,1,1499.3733,2229.2988,1791.5360,217.3315,200,178,0.9000,0.0500,10,10,0.0000,0
a-n60-k9.vrp,ga,1,1499.3733,2245.4246,1805.9135,222.7413,200,179,0.9000,0.0500,10,10,0.0000,0
a-n60-k9.vrp,ga,1,1499.3733,2291.9785,1821.2220,227.9189,200,180,0.9000,0.0500,10,10,0.0000,0
a-n60-k9.vrp,ga,1,1499.3733,2481.0920,1802.6368,238.3658,200,181,0.9000,0.0500,10,10,0.0000,0
a-n60-k9.vrp,ga,1,1499.3733,2280.1865,1803.5220,230.7281,200,182,0.9000,0.0500,10,10,0.0000,0
a-n60-k9.vrp,ga,1,1499.3733,2391.9053,1798.0343,245.4297,200,183,0.9000,0.0500,10,10,0.0000,0
a-n60-k9.vrp,ga,1,1499.3733,2282.1729,1750.9911,237.7083,200,184,0.9000,0.0500,10,10,0.0000,0
a-n60-k9.vrp,ga,1,1499.3733,2417.8032,1725.3542,244.9144,200,185,0.9000,0.0500,10,10,0.0000,0
a-n60-k9.vrp,ga,1,1499.3733,2316.4729,1789.4537,232.3235,200,186,0.9000,0.0500,10,10,0.0000,0
a-n60-k9.vrp,ga,1,1499.3733,2289.9856,1786.2502,237.0471,200,187,0.9000,0.0500,10,10,0.0000,0
a-n60-k9.vrp,ga,1,1499.3733,2473.3530,1776.7969,238.6574,200,188,0.9000,0.0500,10,10,0.0000,0
a-n60-k9.vrp,ga,1,1499.3733,2297.4441,1790.7838,233.0790,200,189,0.9000,0.0500,10,10,0.0000,0
a-n60-k9.vrp,ga,1,1499.3733,2272.0576,1796.9904,227.1306,200,190,0.9000,0.0500,10,10,0.0000,0
a-n60-k9.vrp,ga,1,1499.3733,2320.2822,1781.1556,247.3853,200,191,0.9000,0.0500,10,10,0.0000,0
a-n60-k9.vrp,ga,1,1499.3733,2350.3870,1742.3450,229.6163,200,192,0.9000,0.0500,10,10,0.0000,0
a-n60-k9.vrp,ga,1,1499.3733,2434.2395,1769.5493,227.6908,200,193,0.9000,0.0500,10,10,0.0000,0
a-n60-k9.vrp,ga,1,1499.3733,2389.5198,1756.9333,236.2417,200,194,0.9000,0.0500,10,10,0.0000,0
a-n60-k9.vrp,ga,1,1499.3733,2294.5386,1749.8267,225.0499,200,195,0.9000,0.0500,10,10,0.0000,0
a-n60-k9.vrp,ga,1,1499.3733,2353.1462,1775.7036,243.2303,200,196,0.9000,0.0500,10,10,0.0000,0
a-n60-k9.vrp,ga,1,1499.3733,2492.0610,1778.1249,237.7112,200,197,0.9000,0.0500,10,10,0.0000,0
a-n60-k9.vrp,ga,1,1499.3733,2344.8652,1762.5405,230.6469,200,198,0.9000,0.0500,10,10,0.0000,0
a-n60-k9.vrp,ga,1,1499.3733,2341.7871,1754.4806,231.8468,200,199,0.9000,0.0500,10,10,0.0000,0
a-n60-k9.vrp,ga,1,1499.3733,2356.4734,1752.1157,242.4812,200,200,0.9000,0.0500,10,10,0.0000,0
a-n60-k9.vrp,ga,1,1499.3733,2327.6938,1776.8551,227.5407,200,201,0.9000,0.0500,10,10,0.0000,0
a-n60-k9.vrp,ga,1,1499.3733,2307.9771,1764.7616,225.9398,200,202,0.9000,0.0500,10,10,0.0000,0
a-n60-k9.vrp,ga,1,1499.3733,2329.9321,1708.2100,221.5725,200,203,0.9000,0.0500,10,10,0.0000,0
a-n60-k9.vrp,ga,1,1499.3733,2371.0908,1766.3678,229.4255,200,204,0.9000,0.0500,10,10,0.0000,0
a-n60-k9.vrp,ga,1,1499.3733,2585.3743,1764.9391,234.6177,200,205,0.9000,0.0500,10,10,0.0000,0
a-n60-k9.vrp,ga,1,1499.3733,2512.7644,1765.8707,247.4958,200,206,0.9000,0.0500,10,10,0.0000,0
a-n60-k9.vrp,ga,1,1499.3733,2584.8975,1773.9039,235.2344,200,207,0.9000,0.0500,10,10,0.0000,0
a-n60-k9.vrp,ga,1,1499.3733,2539.9578,1754.3317,230.4700,200,208,0.9000,0.0500,10,10,0.0000,0
a-n60-k9.vrp,ga,1,1499.3733,2655.7271,1746.5002,257.0947,200,209,0.9000,0.0500,10,10,0.0000,0
a-n60-k9.vrp,ga,1,1499.3733,2528.9065,1777.1138,237.9804,200,210,0.9000,0.0500,10,10,0.0000,0
a-n60-k9.vrp,ga,1,1499.3733,2639.1187,1777.2604,239.5765,200,211,0.9000,0.0500,10,10,0.0000,0
a-n60-k9.vrp,ga,1,1499.3733,2504.1602,1758.3888,242.2400,200,212,0.9000,0.0500,10,10,0.0000,0
a-n60-k9.vrp,ga,1,1499.3733,2362.9724,1764.8029,232.2057,200,213,0.9000,0.0500,10,10,0.0000,0
a-n60-k9.vrp,ga,1,1499.3733,2791.7986,1780.0483,252.4881,200,214,0.9000,0.0500,10,10,0.0000,0
a-n60-k9.vrp,ga,1,1499.3733,2643.5303,1787.6753,249.8461,200,215,0.9000,0.0500,10,10,0.0000,0
a-n60-k9.vrp,ga,1,1499.3733,2977.3633,1771.6028,253.5941,200,216,0.9000,0.0500,10,10,0.0000,0
a-n60-k9.vrp,ga,1,1499.3733,2434.6150,1773.9167,245.5391,200,217,0.9000,0.0500,10,10,0.0000,0
a-n60-k9.vrp,ga,1,1499.3733,2774.5601,1789.9498,256.2452,200,218,0.9000,0.0500,10,10,0.0000,0
a-n60-k9.vrp,ga,1,1499.3733,2637.7424,1759.1090,256.9669,200,219,0.9000,0.0500,10,10,0.0000,0
a-n60-k9.vrp,ga,1,1499.3733,2582.9424,1773.9969,243.1019,200,220,0.9000,0.0500,10,10,0.0000,0
a-n60-k9.vrp,ga,1,1499.3733,2628.0532,1776.5576,253.1909,200,221,0.9000,0.0500,10,10,0.0000,0
a-n60-k9.vrp,ga,1,1499.3733,2730.3296,1757.5229,243.4793,200,222,0.9000,0.0500,10,10,0.0000,0
a-n60-k9.vrp,ga,1,1499.3733,2675.0500,1766.7469,260.3405,200,223,0.9000,0.0500,10,10,0.0000,0
a-n60-k9.vrp,ga,1,1499.3733,2790.0527,1763.1213,241.7417,200,224,0.9000,0.0500,10,10,0.0000,0
a-n60-k9.vrp,ga,1,1499.3733,2704.0444,1789.0488,257.8698,200,225,0.9000,0.0500,10,10,0.0000,0
a-n60-k9.vrp,ga,1,1499.3733,2705.6943,1782.4369,252.7339,200,226,0.9000,0.0500,10,10,0.0000,0
a-n60-k9.vrp,ga,1,1499.3733,2576.1902,1789.1683,241.5945,200,227,0.9000,0.0500,10,10,0.0000,0
a-n60-k9.vrp,ga,1,1499.3733,2527.7180,1732.1848,225.6775,200,228,0.9000,0.0500,10,10,0.0000,0
a-n60-k9.vrp,ga,1,1499.3733,2661.2197,1783.3721,251.6862,200,229,0.9000,0.0500,10,10,0.0000,0
a-n60-k9.vrp,ga,1,1499.3733,2463.8596,1734.1168,233.7686,200,230,0.9000,0.0500,10,10,0.0000,0
a-n60-k9.vrp,ga,1,1499.3733,2331.6533,1734.0464,235.1171,200,231,0.9000,0.0500,10,10,0.0000,0
a-n60-k9.vrp,ga,1,1499.3733,2692.2344,1773.8110,238.7732,200,232,0.9000,0.0500,10,10,0.0000,0
a-n60-k9.vrp,ga,1,1491.6797,2819.5176,1776.8965,268.5435,200,233,0.9000,0.0500,10,10,0.0000,0
a-n60-k9.vrp,ga,1,1491.6797,2243.6028,1733.7606,218.2878,200,234,0.9000,0.0500,10,10,0.0000,0
a-n60-k9.vrp,ga,1,1491.6797,2489.5378,1742.7651,234.0713,200,235,0.9000,0.0500,10,10,0.0000,0
a-n60-k9.vrp,ga,1,1491.6797,2214.0142,1738.6458,218.8794,200,236,0.9000,0.0500,10,10,0.0000,0
a-n60-k9.vrp,ga,1,1491.6797,2290.8877,1750.6799,226.3727,200,237,0.9000,0.0500,10,10,0.0000,0
a-n60-k9.vrp,ga,1,1491.6797,2253.9285,1784.5583,225.4821,200,238,0.9000,0.0500,10,10,0.0000,0
a-n60-k9.vrp,ga,1,1491.6797,2251.0193,1807.0624,228.0329,200,239,0.9000,0.0500,10,10,0.0000,0
a-n60-k9.vrp,ga,1,1491.6797,2380.0312,1844.8956,239.3480,200,240,0.9000,0.0500,10,10,0.0000,0
a-n60-k9.vrp,ga,1,1491.6797,2375.7876,1846.6296,231.4234,200,241,0.9000,0.0500,10,10,0.0000,0
a-n60-k9.vrp,ga,1,1491.6797,2264.7090,1800.2458,224.6654,200,242,0.9000,0.0500,10,10,0.0000,0
a-n60-k9.vrp,ga,1,1491.6797,2300.6484,1796.2349,212.0645,200,243,0.9000,0.0500,10,10,0.0000,0
a-n60-k9.vrp,ga,1,1491.6797,2292.4639,1802.5040,208.7538,200,244,0.9000,0.0500,10,10,0.0000,0
a-n60-k9.vrp,ga,1,1491.6797,2327.9302,1836.1881,232.0802,200,245,0.9000,0.0500,10,10,0.0000,0
a-n60-k9.vrp,ga,1,1491.6797,2302.8257,1827.1755,224.2509,200,246,0.9000,0.0500,10,10,0.0000,0
a-n60-k9.vrp,ga,1,1491.6797,2394.4788,1848.5640,226.3447,200,247,0.9000,0.0500,10,10,0.0000,0
a-n60-k9.vrp,ga,1,1491.6797,2578.0938,1870.3434,221.2471,200,248,0.9000,0.0500,10,10,0.0000,0
a-n60-k9.vrp,ga,1,1491.6797,2477.9072,1892.4806,228.6072,200,249,0.9000,0.0500,10,10,0.0000,0
a-n60-k9.vrp,ga,1,1491.6797,2330.8948,1826.0837,223.8483,200,250,0.9000,0.0500,10,10,0.0000,0
a-n60-k9.vrp,ga,1,1491.6797,2318.7209,1846.9279,230.7484,200,251,0.9000,0.0500,10,10,0.0000,0
a-n60-k9.vrp,ga,1,1491.6797,2527.3223,1815.6775,230.1336,200,252,0.9000,0.0500,10,10,0.0000,0
a-n60-k9.vrp,ga,1,1491.6797,2302.6550,1816.8707,217.7704,200,253,0.9000,0.0500,10,10,0.0000,0
a-n60-k9.vrp,ga,1,1491.6797,2361.1379,1856.3750,225.4847,200,254,0.9000,0.0500,10,10,0.0000,0
a-n60-k9.vrp,ga,1,1483.8595,2604.2432,1824.4467,234.0136,200,255,0.9000,0.0500,10,10,0.0000,0
a-n60-k9.vrp,ga,1,1483.8595,2515.3442,1821.5815,233.2825,200,256,0.9000,0.0500,10,10,0.0000,0
a-n60-k9.vrp,ga,1,1483.8595,2295.5623,1804.9138,213.9324,200,257,0.9000,0.0500,10,10,0.0000,0
a-n60-k9.vrp,ga,1,1483.8595,2287.7627,1788.9586,213.7353,200,258,0.9000,0.0500,10,10,0.0000,0
a-n60-k9.vrp,ga,1,1483.8595,2219.2156,1780.4645,198.6809,200,259,0.9000,0.0500,10,10,0.0000,0
a-n60-k9.vrp,ga,1,1482.9587,2231.8787,1831.9565,204.4657,200,260,0.9000,0.0500,10,10,0.0000,0
a-n60-k9.vrp,ga,1,1482.9587,2384.3484,1795.4133,196.7838,200,261,0.9000,0.0500,10,10,0.0000,0
a-n60-k9.vrp,ga,1,1482.9587,2296.3477,1747.2561,225.4756,200,262,0.9000,0.0500,10,10,0.0000,0
a-n60-k9.vrp,ga,1,1482.9587,2259.0498,1760.3490,226.2677,200,263,0.9000,0.0500,10,10,0.0000,0
a-n60-k9.vrp,ga,1,1482.9587,2208.4707,1783.9609,222.1406,200,264,0.9000,0.0500,10,10,0.0000,0
a-n60-k9.vrp,ga,1,1482.9587,2277.9868,1816.6483,209.6087,200,265,0.9000,0.0500,10,10,0.0000,0
a-n60-k9.vrp,ga,1,1482.9587,2292.8289,1819.3838,223.5434,200,266,0.9000,0.0500,10,10,0.0000,0
a-n60-k9.vrp,ga,1,1482.9587,2405.7283,1808.7478,221.1842,200,267,0.9000,0.0500,10,10,0.0000,0
a-n60-k9.vrp,ga,1,1482.9587,2285.4050,1836.5464,208.8574,200,268,0.9000,0.0500,10,10,0.0000,0
a-n60-k9.vrp,ga,1,1482.9587,2413.7849,1840.8306,220.4825,200,269,0.9000,0.0500,10,10,0.0000,0
a-n60-k9.vrp,ga,1,1482.9587,2375.2571,1851.0973,221.3543,200,270,0.9000,0.0500,10,10,0.0000,0
a-n60-k9.vrp,ga,1,1482.9587,2288.4089,1823.1086,217.8678,200,271,0.9000,0.0500,10,10,0.0000,0
a-n60-k9.vrp,ga,1,1482.9587,2245.3452,1833.2385,214.2511,200,272,0.9000,0.0500,10,10,0.0000,0
a-n60-k9.vrp,ga,1,1482.9587,2274.0500,1807.9697,220.4295,200,273,0.9000,0.0500,10,10,0.0000,0
a-n60-k9.vrp,ga,1,1482.9587,2390.0698,1808.6362,226.0780,200,274,0.9000,0.0500,10,10,0.0000,0
a-n60-k9.vrp,ga,1,1482.9587,2463.0247,1834.0581,245.1563,200,275,0.9000,0.0500,10,10,0.0000,0
a-n60-k9.vrp,ga,1,1482.9587,2336.5757,1835.3921,225.4520,200,276,0.9000,0.0500,10,10,0.0000,0
a-n60-k9.vrp,ga,1,1482.9587,2406.4758,1829.0172,225.1150,200,277,0.9000,0.0500,10,10,0.0000,0
a-n60-k9.vrp,ga,1,1482.9587,2380.8982,1839.8505,228.4408,200,278,0.9000,0.0500,10,10,0.0000,0
a-n60-k9.vrp,ga,1,1482.9587,2526.9839,1892.4658,240.9528,200,279,0.9000,0.0500,10,10,0.0000,0
a-n60-k9.vrp,ga,1,1482.9587,2386.6853,1851.3679,225.2474,200,280,0.9000,0.0500,10,10,0.0000,0
a-n60-k9.vrp,ga,1,1479.9265,2376.5864,1839.4501,244.3169,200,281,0.9000,0.0500,10,10,0.0000,0
a-n60-k9.vrp,ga,1,1479.9265,2326.3523,1784.0947,230.7963,200,282,0.9000,0.0500,10,10,0.0000,0
a-n60-k9.vrp,ga,1,1479.9265,2301.4512,1764.5746,220.2861,200,283,0.9000,0.0500,10,10,0.0000,0
a-n60-k9.vrp,ga,1,1479.9265,2338.8318,1748.1556,219.0521,200,284,0.9000,0.0500,10,10,0.0000,0
a-n60-k9.vrp,ga,1,1479.9265,2325.9143,1747.2087,228.5014,200,285,0.9000,0.0500,10,10,0.0000,0
a-n60-k9.vrp,ga,1,1479.9260,2493.7676,1765.9521,223.2357,200,286,0.9000,0.0500,10,10,0.0000,0
a-n60-k9.vrp,ga,1,1479.9259,2266.2949,1775.2992,236.7996,200,287,0.9000,0.0500,10,10,0.0000,0
a-n60-k9.vrp,ga,1,1479.9259,2188.4851,1710.4377,217.6316,200,288,0.9000,0.0500,10,10,0.0000,0
a-n60-k9.vrp,ga,1,1479.9259,2293.2812,1766.4155,218.7465,200,289,0.9000,0.0500,10,10,0.0000,0
a-n60-k9.vrp,ga,1,1479.9259,2301.6628,1785.6970,232.8595,200,290,0.9000,0.0500,10,10,0.0000,0
a-n60-k9.vrp,ga,1,1479.9259,2361.2258,1805.0812,225.6764,200,291,0.9000,0.0500,10,10,0.0000,0
a-n60-k9.vrp,ga,1,1479.9259,2294.0493,1809.7990,219.3105,200,292,0.9000,0.0500,10,10,0.0000,0
a-n60-k9.vrp,ga,1,1479.9259,2396.1494,1824.3350,216.8028,200,293,0.9000,0.0500,10,10,0.0000,0
a-n60-k9.vrp,ga,1,1479.9259,2293.4172,1807.9742,211.6207,200,294,0.9000,0.0500,10,10,0.0000,0
a-n60-k9.vrp,ga,1,1479.9259,2264.9387,1779.9812,215.4251,200,295,0.9000,0.0500,10,10,0.0000,0
a-n60-k9.vrp,ga,1,1479.9259,2425.7112,1800.3853,213.3050,200,296,0.9000,0.0500,10,10,0.0000,0
a-n60-k9.vrp,ga,1,1479.9259,2296.2419,1805.8246,215.9047,200,297,0.9000,0.0500,10,10,0.0000,0
a-n60-k9.vrp,ga,1,1479.9259,2436.3882,1784.1512,221.0492,200,298,0.9000,0.0500,10,10,0.0000,0
a-n60-k9.vrp,ga,1,1479.9259,2251.4265,1815.9644,210.1383,200,299,0.9000,0.0500,10,10,0.0000,0
a-n60-k9.vrp,ga,1,1479.9259,2481.9275,1817.6302,224.6151,200,300,0.9000,0.0500,10,10,0.0000,0
a-n60-k9.vrp,ga,1,1479.9259,2392.4602,1819.9530,219.6780,200,301,0.9000,0.0500,10,10,0.0000,0
a-n60-k9.vrp,ga,1,1479.9259,2510.7842,1809.4105,221.5686,200,302,0.9000,0.0500,10,10,0.0000,0
a-n60-k9.vrp,ga,1,1479.9259,2607.2927,1818.6849,234.5870,200,303,0.9000,0.0500,10,10,0.0000,0
a-n60-k9.vrp,ga,1,1479.9259,2452.4590,1856.5184,245.8749,200,304,0.9000,0.0500,10,10,0.0000,0
a-n60-k9.vrp,ga,1,1474.7587,2520.3633,1831.9711,227.9683,200,305,0.9000,0.0500,10,10,0.0000,0
a-n60-k9.vrp,ga,1,1474.7587,2566.7451,1872.3920,266.9869,200,306,0.9000,0.0500,10,10,0.0000,0
a-n60-k9.vrp,ga,1,1474.7587,2429.0750,1822.3307,234.8907,200,307,0.9000,0.0500,10,10,0.0000,0
a-n60-k9.vrp,ga,1,1474.7587,2521.4839,1807.8602,239.3964,200,308,0.9000,0.0500,10,10,0.0000,0
a-n60-k9.vrp,ga,1,1474.7587,2399.9341,1848.0082,209.3095,200,309,0.9000,0.0500,10,10,0.0000,0
a-n60-k9.vrp,ga,1,1474.7587,2470.7642,1859.4263,243.1460,200,310,0.9000,0.0500,10,10,0.0000,0
a-n60-k9.vrp,ga,1,1474.7587,2327.4509,1838.7068,204.1930,200,311,0.9000,0.0500,10,10,0.0000,0
a-n60-k9.vrp,ga,1,1474.7587,2417.5891,1889.7617,229.5539,200,312,0.9000,0.0500,10,10,0.0000,0
a-n60-k9.vrp,ga,1,1474.7587,2312.8679,1856.8842,217.2466,200,313,0.9000,0.0500,10,10,0.0000,0
a-n60-k9.vrp,ga,1,1474.7587,2328.6599,1817.5450,245.1994,200,314,0.9000,0.0500,10,10,0.0000,0
a-n60-k9.vrp,ga,1,1474.7587,2392.1636,1797.8561,220.8964,200,315,0.9000,0.0500,10,10,0.0000,0
a-n60-k9.vrp,ga,1,1474.7587,2333.0676,1807.6951,242.7562,200,316,0.9000,0.0500,10,10,0.0000,0
a-n60-k9.vrp,ga,1,1474.7587,2364.3018,1796.8344,237.7011,200,317,0.9000,0.0500,10,10,0.0000,0
a-n60-k9.vrp,ga,1,1474.7587,2380.8164,1816.8732,240.4432,200,318,0.9000,0.0500,10,10,0.0000,0
a-n60-k9.vrp,ga,1,1474.7587,2335.3638,1794.5583,226.7819,200,319,0.9000,0.0500,10,10,0.0000,0
a-n60-k9.vrp,ga,1,1474.7587,2233.4653,1795.5096,213.1450,200,320,0.9000,0.0500,10,10,0.0000,0
a-n60-k9.vrp,ga,1,1474.7587,2484.5437,1803.1835,236.5536,200,321,0.9000,0.0500,10,10,0.0000,0
a-n60-k9.vrp,ga,1,1474.7587,2460.8079,1819.6669,227.7285,200,322,0.9000,0.0500,10,10,0.0000,0
a-n60-k9.vrp,ga,1,1474.7585,2555.4182,1849.3334,244.0289,200,323,0.9000,0.0500,10,10,0.0000,0
a-n60-k9.vrp,ga,1,1474.7585,2446.0950,1858.1176,233.7115,200,324,0.9000,0.0500,10,10,0.0000,0
a-n60-k9.vrp,ga,1,1474.7585,2396.3262,1835.3201,233.2931,200,325,0.9000,0.0500,10,10,0.0000,0
a-n60-k9.vrp,ga,1,1474.7585,2530.9722,1847.4119,244.1115,200,326,0.9000,0.0500,10,10,0.0000,0
a-n60-k9.vrp,ga,1,1474.7585,2390.9028,1836.4102,238.4923,200,327,0.9000,0.0500,10,10,0.0000,0
a-n60-k9.vrp,ga,1,1474.7585,2321.3457,1818.9729,231.2076,200,328,0.9000,0.0500,10,10,0.0000,0
a-n60-k9.vrp,ga,1,1474.7585,2395.3691,1831.0176,237.1348,200,329,0.9000,0.0500,10,10,0.0000,0
a-n60-k9.vrp,ga,1,1474.7585,2441.5806,1833.9138,243.4118,200,330,0.9000,0.0500,10,10,0.0000,0
a-n60-k9.vrp,ga,1,1474.7585,2401.3550,1874.5181,255.5211,200,331,0.9000,0.0500,10,10,0.0000,0
a-n60-k9.vrp,ga,1,1474.7585,2259.3010,1845.3419,226.3639,200,332,0.9000,0.0500,10,10,0.0000,0
a-n60-k9.vrp,ga,1,1474.7585,2404.1692,1820.4735,226.3351,200,333,0.9000,0.0500,10,10,0.0000,0
a-n60-k9.vrp,ga,1,1474.7585,2422.9788,1821.2185,242.8625,200,334,0.9000,0.0500,10,10,0.0000,0
a-n60-k9.vrp,ga,1,1474.7585,2398.1157,1806.7574,244.9903,200,335,0.9000,0.0500,10,10,0.0000,0
a-n60-k9.vrp,ga,1,1474.7585,2525.4238,1830.0316,247.3816,200,336,0.9000,0.0500,10,10,0.0000,0
a-n60-k9.vrp,ga,1,1474.7585,2527.0073,1829.3522,250.8223,200,337,0.9000,0.0500,10,10,0.0000,0
a-n60-k9.vrp,ga,1,1474.7585,2354.5803,1863.6761,245.0292,200,338,0.9000,0.0500,10,10,0.0000,0
a-n60-k9.vrp,ga,1,1474.7585,2544.9463,1890.1989,265.2751,200,339,0.9000,0.0500,10,10,0.0000,0
a-n60-k9.vrp,ga,1,1474.7585,2458.0664,1858.4493,236.6346,200,340,0.9000,0.0500,10,10,0.0000,0
a-n60-k9.vrp,ga,1,1474.7585,2495.8262,1848.4646,262.3540,200,341,0.9000,0.0500,10,10,0.0000,0
a-n60-k9.vrp,ga,1,1474.7585,2469.1060,1838.8936,256.4223,200,342,0.9000,0.0500,10,10,0.0000,0
a-n60-k9.vrp,ga,1,1474.7585,2478.5171,1834.1158,254.7506,200,343,0.9000,0.0500,10,10,0.0000,0
a-n60-k9.vrp,ga,1,1474.7585,2623.1160,1843.9498,246.6672,200,344,0.9000,0.0500,10,10,0.0000,0
a-n60-k9.vrp,ga,1,1474.7585,2439.2354,1822.6879,232.2397,200,345,0.9000,0.0500,10,10,0.0000,0
a-n60-k9.vrp,ga,1,1474.7585,2520.9639,1868.7069,251.3161,200,346,0.9000,0.0500,10,10,0.0000,0
a-n60-k9.vrp,ga,1,1474.7585,2422.4004,1882.9619,264.2893,200,347,0.9000,0.0500,10,10,0.0000,0
a-n60-k9.vrp,ga,1,1474.7585,2507.0278,1851.3126,263.0209,200,348,0.9000,0.0500,10,10,0.0000,0
a-n60-k9.vrp,ga,1,1474.7585,2697.3687,1877.4917,283.3244,200,349,0.9000,0.0500,10,10,0.0000,0
a-n60-k9.vrp,ga,1,1474.7585,2538.9731,1857.4282,250.2430,200,350,0.9000,0.0500,10,10,0.0000,0
a-n60-k9.vrp,ga,1,1474.7585,2527.0947,1881.3959,266.7726,200,351,0.9000,0.0500,10,10,0.0000,0
a-n60-k9.vrp,ga,1,1474.7585,2486.2439,1870.2617,256.2820,200,352,0.9000,0.0500,10,10,0.0000,0
a-n60-k9.vrp,ga,1,1474.7585,2799.9543,1855.2373,275.4327,200,353,0.9000,0.0500,10,10,0.0000,0
a-n60-k9.vrp,ga,1,1474.7585,2626.3550,1908.8840,223.9874,200,354,0.9000,0.0500,10,10,0.0000,0
a-n60-k9.vrp,ga,1,1474.7585,2723.9680,1863.3636,242.9439,200,355,0.9000,0.0500,10,10,0.0000,0
a-n60-k9.vrp,ga,1,1474.7585,2645.5652,1886.4840,262.5689,200,356,0.9000,0.0500,10,10,0.0000,0
a-n60-k9.vrp,ga,1,1474.7585,2495.0540,1887.2936,251.5304,200,357,0.9000,0.0500,10,10,0.0000,0
a-n60-k9.vrp,ga,1,1474.7585,2507.3804,1866.1185,244.4964,200,358,0.9000,0.0500,10,10,0.0000,0
a-n60-k9.vrp,ga,1,1474.7585,2434.2007,1853.1486,256.4517,200,359,0.9000,0.0500,10,10,0.0000,0
a-n60-k9.vrp,ga,1,1474.7585,2347.8049,1824.5042,245.4727,200,360,0.9000,0.0500,10,10,0.0000,0
a-n60-k9.vrp,ga,1,1474.7585,2426.7368,1798.8662,245.4445,200,361,0.9000,0.0500,10,10,0.0000,0
a-n60-k9.vrp,ga,1,1474.7585,2627.3923,1832.6322,247.1559,200,362,0.9000,0.0500,10,10,0.0000,0
a-n60-k9.vrp,ga,1,1474.7585,2425.2900,1847.6973,247.5351,200,363,0.9000,0.0500,10,10,0.0000,0
a-n60-k9.vrp,ga,1,1474.7585,2378.1453,1861.3914,256.8478,200,364,0.9000,0.0500,10,10,0.0000,0
a-n60-k9.vrp,ga,1,1474.7585,2544.0637,1852.4893,248.5528,200,365,0.9000,0.0500,10,10,0.0000,0
a-n60-k9.vrp,ga,1,1474.7585,2431.3281,1818.4762,238.4305,200,366,0.9000,0.0500,10,10,0.0000,0
a-n60-k9.vrp,ga,1,1474.7585,2411.6233,1836.4235,252.5885,200,367,0.9000,0.0500,10,10,0.0000,0
a-n60-k9.vrp,ga,1,1474.7585,2408.4307,1841.7292,251.9411,200,368,0.9000,0.0500,10,10,0.0000,0
a-n60-k9.vrp,ga,1,1474.7585,2390.5249,1821.4468,231.3029,200,369,0.9000,0.0500,10,10,0.0000,0
a-n60-k9.vrp,ga,1,1474.7585,2454.9363,1861.5795,250.3062,200,370,0.9000,0.0500,10,10,0.0000,0
a-n60-k9.vrp,ga,1,1474.7585,2458.2383,1885.5681,235.7484,200,371,0.9000,0.0500,10,10,0.0000,0
a-n60-k9.vrp,ga,1,1474.7585,2529.7935,1859.2837,253.0558,200,372,0.9000,0.0500,10,10,0.0000,0
a-n60-k9.vrp,ga,1,1474.7585,2479.3826,1838.1526,252.0010,200,373,0.9000,0.0500,10,10,0.0000,0
a-n60-k9.vrp,ga,1,1474.7585,2577.4626,1836.1000,247.5793,200,374,0.9000,0.0500,10,10,0.0000,0
a-n60-k9.vrp,ga,1,1474.7585,2385.9377,1839.3611,249.1093,200,375,0.9000,0.0500,10,10,0.0000,0
a-n60-k9.vrp,ga,1,1474.7585,2400.7039,1829.8352,232.6707,200,376,0.9000,0.0500,10,10,0.0000,0
a-n60-k9.vrp,ga,1,1474.7585,2400.7207,1829.1897,248.8950,200,377,0.9000,0.0500,10,10,0.0000,0
a-n60-k9.vrp,ga,1,1474.7585,2306.5410,1841.4973,223.8290,200,378,0.9000,0.0500,10,10,0.0000,0
a-n60-k9.vrp,ga,1,1474.7585,2420.1885,1865.6545,242.6691,200,379,0.9000,0.0500,10,10,0.0000,0
a-n60-k9.vrp,ga,1,1474.7585,2412.4578,1842.6219,245.2529,200,380,0.9000,0.0500,10,10,0.0000,0
a-n60-k9.vrp,ga,1,1474.7585,2449.9202,1844.0039,238.7093,200,381,0.9000,0.0500,10,10,0.0000,0
a-n60-k9.vrp,ga,1,1474.7585,2773.6343,1876.8765,251.8574,200,382,0.9000,0.0500,10,10,0.0000,0
a-n60-k9.vrp,ga,1,1474.7585,2442.1936,1841.0702,247.2612,200,383,0.9000,0.0500,10,10,0.0000,0
a-n60-k9.vrp,ga,1,1474.7585,2564.9902,1826.3397,258.6398,200,384,0.9000,0.0500,10,10,0.0000,0
a-n60-k9.vrp,ga,1,1474.7585,2516.2129,1832.9559,248.1255,200,385,0.9000,0.0500,10,10,0.0000,0
a-n60-k9.vrp,ga,1,1474.7585,2429.2080,1853.5781,247.2211,200,386,0.9000,0.0500,10,10,0.0000,0
a-n60-k9.vrp,ga,1,1474.7585,2400.4590,1878.6591,249.1517,200,387,0.9000,0.0500,10,10,0.0000,0
a-n60-k9.vrp,ga,1,1474.7585,2553.5203,1872.9708,261.4021,200,388,0.9000,0.0500,10,10,0.0000,0
a-n60-k9.vrp,ga,1,1474.7585,2542.0955,1881.5106,256.0224,200,389,0.9000,0.0500,10,10,0.0000,0
a-n60-k9.vrp,ga,1,1474.7585,2642.8440,1871.9872,254.5237,200,390,0.9000,0.0500,10,10,0.0000,0
a-n60-k9.vrp,ga,1,1474.7585,2499.8740,1851.4946,257.5156,200,391,0.9000,0.0500,10,10,0.0000,0
a-n60-k9.vrp,ga,1,1474.7585,2514.5569,1881.2305,255.5326,200,392,0.9000,0.0500,10,10,0.0000,0
a-n60-k9.vrp,ga,1,1474.7585,2463.8228,1920.6730,259.2147,200,393,0.9000,0.0500,10,10,0.0000,0
a-n60-k9.vrp,ga,1,1474.7585,2574.3110,1923.3713,247.4065,200,394,0.9000,0.0500,10,10,0.0000,0
a-n60-k9.vrp,ga,1,1471.7501,2482.2651,1935.8719,275.8104,200,395,0.9000,0.0500,10,10,0.0000,0
a-n60-k9.vrp,ga,1,1471.7501,2708.5498,1895.8702,268.8821,200,396,0.9000,0.0500,10,10,0.0000,0
a-n60-k9.vrp,ga,1,1471.7501,2535.2617,1779.3918,274.2227,200,397,0.9000,0.0500,10,10,0.0000,0
a-n60-k9.vrp,ga,1,1471.7501,2311.0688,1776.1227,240.4164,200,398,0.9000,0.0500,10,10,0.0000,0
a-n60-k9.vrp,ga,1,1471.7501,2272.0649,1766.0746,243.6180,200,399,0.9000,0.0500,10,10,0.0000,0
a-n60-k9.vrp,ga,1,1466.8937,2396.5481,1840.0725,274.9118,200,400,0.9000,0.0500,10,10,0.0000,0
a-n60-k9.vrp,ga,1,1466.8937,2529.0977,1876.2059,276.5083,200,401,0.9000,0.0500,10,10,0.0000,0
a-n60-k9.vrp,ga,1,1466.8937,2430.0315,1830.2181,270.8228,200,402,0.9000,0.0500,10,10,0.0000,0
a-n60-k9.vrp,ga,1,1466.8937,2486.5701,1866.6105,278.0693,200,403,0.9000,0.0500,10,10,0.0000,0
a-n60-k9.vrp,ga,1,1466.8937,2426.4009,1857.1721,282.3112,200,404,0.9000,0.0500,10,10,0.0000,0
a-n60-k9.vrp,ga,1,1466.8937,2396.5481,1857.3218,292.6291,200,405,0.9000,0.0500,10,10,0.0000,0
a-n60-k9.vrp,ga,1,1466.8937,2458.4258,1857.2819,269.9980,200,406,0.9000,0.0500,10,10,0.0000,0
a-n60-k9.vrp,ga,1,1466.8937,2473.3616,1918.3611,275.7500,200,407,0.9000,0.0500,10,10,0.0000,0
a-n60-k9.vrp,ga,1,1466.8937,2505.1245,1903.2124,288.1821,200,408,0.9000,0.0500,10,10,0.0000,0
a-n60-k9.vrp,ga,1,1466.8937,2493.5103,1912.0856,295.5520,200,409,0.9000,0.0500,10,10,0.0000,0
a-n60-k9.vrp,ga,1,1466.8937,2518.1099,1986.3789,293.6622,200,410,0.9000,0.0500,10,10,0.0000,0
a-n60-k9.vrp,ga,1,1466.8937,2521.5371,2025.1366,286.0470,200,411,0.9000,0.0500,10,10,0.0000,0
a-n60-k9.vrp,ga,1,1466.8937,2506.1589,1978.2533,292.4418,200,412,0.9000,0.0500,10,10,0.0000,0
a-n60-k9.vrp,ga,1,1466.8937,2556.2505,1965.6821,289.1198,200,413,0.9000,0.0500,10,10,0.0000,0
a-n60-k9.vrp,ga,1,1466.8937,2528.5115,1962.8273,282.7858,200,414,0.9000,0.0500,10,10,0.0000,0
a-n60-k9.vrp,ga,1,1466.8937,2534.6489,1953.7471,286.9635,200,415,0.9000,0.0500,10,10,0.0000,0
a-n60-k9.vrp,ga,1,1466.8937,2790.3467,1988.0131,312.1736,200,416,0.9000,0.0500,10,10,0.0000,0
a-n60-k9.vrp,ga,1,1466.8937,2605.5981,2010.4674,309.0338,200,417,0.9000,0.0500,10,10,0.0000,0
a-n60-k9.vrp,ga,1,1466.8937,2560.0845,2011.6423,310.4066,200,418,0.9000,0.0500,10,10,0.0000,0
a-n60-k9.vrp,ga,1,1466.8937,2740.1543,2003.3943,313.0888,200,419,0.9000,0.0500,10,10,0.0000,0
a-n60-k9.vrp,ga,1,1466.8937,2555.8743,2000.0986,306.3333,200,420,0.9000,0.0500,10,10,0.0000,0
a-n60-k9.vrp,ga,1,1466.8937,2783.0918,2040.9541,332.0548,200,421,0.9000,0.0500,10,10,0.0000,0
a-n60-k9.vrp,ga,1,1466.8937,2594.2622,1991.2817,289.4644,200,422,0.9000,0.0500,10,10,0.0000,0
a-n60-k9.vrp,ga,1,1466.8937,2715.5850,2019.9437,296.7875,200,423,0.9000,0.0500,10,10,0.0000,0
a-n60-k9.vrp,ga,1,1466.8937,2628.5378,2013.4354,296.6659,200,424,0.9000,0.0500,10,10,0.0000,0
a-n60-k9.vrp,ga,1,1466.8937,2744.8335,2030.5972,310.2438,200,425,0.9000,0.0500,10,10,0.0000,0
a-n60-k9.vrp,ga,1,1466.8937,2638.6694,2026.0811,325.7077,200,426,0.9000,0.0500,10,10,0.0000,0
a-n60-k9.vrp,ga,1,1466.8937,2769.0957,2029.4597,334.4737,200,427,0.9000,0.0500,10,10,0.0000,0
a-n60-k9.vrp,ga,1,1466.8937,2673.3284,1991.9167,329.5036,200,428,0.9000,0.0500,10,10,0.0000,0
a-n60-k9.vrp,ga,1,1466.1578,2643.4092,1974.3423,341.5675,200,429,0.9000,0.0500,10,10,0.0000,0
a-n60-k9.vrp,ga,1,1466.1578,2594.4216,1950.5447,297.8854,200,430,0.9000,0.0500,10,10,0.0000,0
a-n60-k9.vrp,ga,1,1466.1578,2634.3274,1970.8214,314.4320,200,431,0.9000,0.0500,10,10,0.0000,0
a-n60-k9.vrp,ga,1,1466.1578,2547.6838,1957.6881,294.8081,200,432,0.9000,0.0500,10,10,0.0000,0
a-n60-k9.vrp,ga,1,1466.1578,2744.7688,1957.5116,299.9658,200,433,0.9000,0.0500,10,10,0.0000,0
a-n60-k9.vrp,ga,1,1466.1578,2661.7698,2009.5260,298.7187,200,434,0.9000,0.0500,10,10,0.0000,0
a-n60-k9.vrp,ga,1,1466.1578,2610.8787,2019.1525,289.6604,200,435,0.9000,0.0500,10,10,0.0000,0
a-n60-k9.vrp,ga,1,1466.1578,2594.3914,2004.6041,291.8356,200,436,0.9000,0.0500,10,10,0.0000,0
a-n60-k9.vrp,ga,1,1466.1578,2673.0872,2056.5222,291.0220,200,437,0.9000,0.0500,10,10,0.0000,0
a-n60-k9.vrp,ga,1,1466.1578,2700.5203,2019.4969,304.7539,200,438,0.9000,0.0500,10,10,0.0000,0
a-n60-k9.vrp,ga,1,1466.1578,2552.8687,1986.6246,289.9830,200,439,0.9000,0.0500,10,10,0.0000,0
a-n60-k9.vrp,ga,1,1466.1578,2422.4604,1967.1298,260.6173,200,440,0.9000,0.0500,10,10,0.0000,0
a-n60-k9.vrp,ga,1,1466.1578,2646.3044,1991.0646,292.3124,200,441,0.9000,0.0500,10,10,0.0000,0
a-n60-k9.vrp,ga,1,1466.1578,2532.8342,1962.7089,285.1236,200,442,0.9000,0.0500,10,10,0.0000,0
a-n60-k9.vrp,ga,1,1466.1578,2526.6011,1958.2473,281.0560,200,443,0.9000,0.0500,10,10,0.0000,0
a-n60-k9.vrp,ga,1,1466.1578,2546.3774,1964.5361,272.0561,200,444,0.9000,0.0500,10,10,0.0000,0
a-n60-k9.vrp,ga,1,1466.1578,2523.5784,1922.5354,281.4840,200,445,0.9000,0.0500,10,10,0.0000,0
a-n60-k9.vrp,ga,1,1466.1578,2515.4165,1916.8047,281.1891,200,446,0.9000,0.0500,10,10,0.0000,0
a-n60-k9.vrp,ga,1,1466.1578,2645.0715,1908.6415,275.1987,200,447,0.9000,0.0500,10,10,0.0000,0
a-n60-k9.vrp,ga,1,1466.1578,2585.4719,1928.5339,284.8604,200,448,0.9000,0.0500,10,10,0.0000,0
a-n60-k9.vrp,ga,1,1466.1578,2594.7407,1971.9133,276.6057,200,449,0.9000,0.0500,10,10,0.0000,0
a-n60-k9.vrp,ga,1,1466.1578,2797.6487,1970.5043,293.7508,200,450,0.9000,0.0500,10,10,0.0000,0
a-n60-k9.vrp,ga,1,1466.1578,2751.7842,1981.1768,284.2834,200,451,0.9000,0.0500,10,10,0.0000,0
a-n60-k9.vrp,ga,1,1466.1578,2619.9282,1958.4647,266.2712,200,452,0.9000,0.0500,10,10,0.0000,0
a-n60-k9.vrp,ga,1,1466.1578,2752.0422,1958.3386,314.1769,200,453,0.9000,0.0500,10,10,0.0000,0
a-n60-k9.vrp,ga,1,1466.1578,2678.5315,1953.2667,320.9107,200,454,0.9000,0.0500,10,10,0.0000,0
a-n60-k9.vrp,ga,1,1466.1578,2701.8494,1940.0797,296.6346,200,455,0.9000,0.0500,10,10,0.0000,0
a-n60-k9.vrp,ga,1,1466.1578,2700.4023,1941.0029,279.4204,200,456,0.9000,0.0500,10,10,0.0000,0
a-n60-k9.vrp,ga,1,1466.1578,2670.0496,1907.1063,290.7801,200,457,0.9000,0.0500,10,10,0.0000,0
a-n60-k9.vrp,ga,1,1466.1578,2655.8181,1930.1464,285.7313,200,458,0.9000,0.0500,10,10,0.0000,0
a-n60-k9.vrp,ga,1,1466.1578,2511.1135,1940.2802,276.3942,200,459,0.9000,0.0500,10,10,0.0000,0
a-n60-k9.vrp,ga,1,1466.1578,2567.8335,1935.0825,282.0777,200,460,0.9000,0.0500,10,10,0.0000,0
a-n60-k9.vrp,ga,1,1466.1578,2646.3438,1911.2919,276.2872,200,461,0.9000,0.0500,10,10,0.0000,0
a-n60-k9.vrp,ga,1,1466.1578,2572.8044,1922.3148,273.9399,200,462,0.9000,0.0500,10,10,0.0000,0
a-n60-k9.vrp,ga,1,1466.1578,2792.5166,1965.6772,285.8828,200,463,0.9000,0.0500,10,10,0.0000,0
a-n60-k9.vrp,ga,1,1466.1578,2623.7852,1910.3193,286.1076,200,464,0.9000,0.0500,10,10,0.0000,0
a-n60-k9.vrp,ga,1,1466.1578,2517.7324,1939.8169,290.2532,200,465,0.9000,0.0500,10,10,0.0000,0
a-n60-k9.vrp,ga,1,1466.1578,2704.9534,1949.7548,291.9701,200,466,0.9000,0.0500,10,10,0.0000,0
a-n60-k9.vrp,ga,1,1460.6345,2572.4521,1906.4651,294.1511,200,467,0.9000,0.0500,10,10,0.0000,0
a-n60-k9.vrp,ga,1,1460.6345,2767.1287,1905.4281,278.6033,200,468,0.9000,0.0500,10,10,0.0000,0
a-n60-k9.vrp,ga,1,1460.6345,2899.9937,1944.7057,319.0965,200,469,0.9000,0.0500,10,10,0.0000,0
a-n60-k9.vrp,ga,1,1460.6345,2495.8379,1935.3099,287.9907,200,470,0.9000,0.0500,10,10,0.0000,0
a-n60-k9.vrp,ga,1,1460.6345,2609.3201,1983.1893,270.5274,200,471,0.9000,0.0500,10,10,0.0000,0
a-n60-k9.vrp,ga,1,1460.6345,2784.5879,1964.5466,288.7253,200,472,0.9000,0.0500,10,10,0.0000,0
a-n60-k9.vrp,ga,1,1460.6345,2573.6606,1952.1720,288.4228,200,473,0.9000,0.0500,10,10,0.0000,0
a-n60-k9.vrp,ga,1,1460.6345,2493.1968,1911.6370,295.8611,200,474,0.9000,0.0500,10,10,0.0000,0
a-n60-k9.vrp,ga,1,1460.6345,2667.7197,1938.3104,306.4843,200,475,0.9000,0.0500,10,10,0.0000,0
a-n60-k9.vrp,ga,1,1460.6345,2536.4666,1905.3033,292.6906,200,476,0.9000,0.0500,10,10,0.0000,0
a-n60-k9.vrp,ga,1,1460.6345,2506.7869,1920.5891,272.6704,200,477,0.9000,0.0500,10,10,0.0000,0
a-n60-k9.vrp,ga,1,1460.6345,2377.4341,1892.0076,278.2082,200,478,0.9000,0.0500,10,10,0.0000,0
a-n60-k9.vrp,ga,1,1460.6345,2558.3022,1914.7633,285.3926,200,479,0.9000,0.0500,10,10,0.0000,0
a-n60-k9.vrp,ga,1,1460.6345,2418.5984,1930.0399,267.5776,200,480,0.9000,0.0500,10,10,0.0000,0
a-n60-k9.vrp,ga,1,1460.6345,2568.4512,1916.6830,285.9001,200,481,0.9000,0.0500,10,10,0.0000,0
a-n60-k9.vrp,ga,1,1460.6345,2417.0903,1878.9442,271.7734,200,482,0.9000,0.0500,10,10,0.0000,0
a-n60-k9.vrp,ga,1,1460.6345,2514.7859,1917.1182,269.6436,200,483,0.9000,0.0500,10,10,0.0000,0
a-n60-k9.vrp,ga,1,1460.6345,2640.9150,1974.6836,277.0990,200,484,0.9000,0.0500,10,10,0.0000,0
a-n60-k9.vrp,ga,1,1460.6345,2574.7534,1921.0592,272.2827,200,485,0.9000,0.0500,10,10,0.0000,0
a-n60-k9.vrp,ga,1,1460.6345,2521.7151,1951.2791,276.3710,200,486,0.9000,0.0500,10,10,0.0000,0
a-n60-k9.vrp,ga,1,1460.6345,2591.0676,1976.7412,287.1441,200,487,0.9000,0.0500,10,10,0.0000,0
a-n60-k9.vrp,ga,1,1460.6345,2622.8696,1963.8854,278.6336,200,488,0.9000,0.0500,10,10,0.0000,0
a-n60-k9.vrp,ga,1,1460.6345,2530.4966,1947.6957,272.6544,200,489,0.9000,0.0500,10,10,0.0000,0
a-n60-k9.vrp,ga,1,1460.6345,2509.8162,1952.6821,304.5992,200,490,0.9000,0.0500,10,10,0.0000,0
a-n60-k9.vrp,ga,1,1460.6345,2632.2756,1941.5164,309.0885,200,491,0.9000,0.0500,10,10,0.0000,0
a-n60-k9.vrp,ga,1,1460.6345,2477.9353,1966.1644,290.4044,200,492,0.9000,0.0500,10,10,0.0000,0
a-n60-k9.vrp,ga,1,1460.6345,2780.7300,1930.4441,299.8322,200,493,0.9000,0.0500,10,10,0.0000,0
a-n60-k9.vrp,ga,1,1460.6345,2598.7876,1956.3115,283.4831,200,494,0.9000,0.0500,10,10,0.0000,0
a-n60-k9.vrp,ga,1,1460.6345,2420.5125,1930.4778,274.0798,200,495,0.9000,0.0500,10,10,0.0000,0
a-n60-k9.vrp,ga,1,1460.6345,2597.5613,1919.2106,284.8946,200,496,0.9000,0.0500,10,10,0.0000,0
a-n60-k9.vrp,ga,1,1460.6345,2470.3167,1893.1561,282.9250,200,497,0.9000,0.0500,10,10,0.0000,0
a-n60-k9.vrp,ga,1,1460.6345,2693.5315,1902.6898,300.6784,200,498,0.9000,0.0500,10,10,0.0000,0
a-n60-k9.vrp,ga,1,1460.6345,2557.6350,1918.3284,289.1703,200,499,0.9000,0.0500,10,10,0.0000,0
a-n60-k9.vrp,ga,1,1460.6345,2890.1587,1908.8080,287.6943,200,500,0.9000,0.0500,10,10,0.0000,0
a-n60-k9.vrp,ga,1,1460.6345,2435.9731,1941.3070,266.8527,200,501,0.9000,0.0500,10,10,0.0000,0
a-n60-k9.vrp,ga,1,1460.6345,2514.7021,1921.8159,282.6576,200,502,0.9000,0.0500,10,10,0.0000,0
a-n60-k9.vrp,ga,1,1460.6345,2537.4885,1908.6793,288.4177,200,503,0.9000,0.0500,10,10,0.0000,0
a-n60-k9.vrp,ga,1,1460.6345,2609.5889,1893.8599,287.6449,200,504,0.9000,0.0500,10,10,0.0000,0
a-n60-k9.vrp,ga,1,1460.6345,2487.6001,1889.1180,278.0906,200,505,0.9000,0.0500,10,10,0.0000,0
a-n60-k9.vrp,ga,1,1460.6345,2390.9294,1885.3121,269.6982,200,506,0.9000,0.0500,10,10,0.0000,0
a-n60-k9.vrp,ga,1,1460.4259,2441.7847,1908.2791,276.1209,200,507,0.9000,0.0500,10,10,0.0000,0
a-n60-k9.vrp,ga,1,1460.4259,2514.9790,1914.1682,275.6119,200,508,0.9000,0.0500,10,10,0.0000,0
a-n60-k9.vrp,ga,1,1460.4259,2430.0891,1912.2131,269.5991,200,509,0.9000,0.0500,10,10,0.0000,0
a-n60-k9.vrp,ga,1,1460.4259,2436.1008,1891.1318,274.5694,200,510,0.9000,0.0500,10,10,0.0000,0
a-n60-k9.vrp,ga,1,1460.4259,2453.9946,1908.8608,287.2213,200,511,0.9000,0.0500,10,10,0.0000,0
a-n60-k9.vrp,ga,1,1460.4259,2334.2771,1855.9514,265.8573,200,512,0.9000,0.0500,10,10,0.0000,0
a-n60-k9.vrp,ga,1,1460.4259,2460.7366,1917.3232,282.0643,200,513,0.9000,0.0500,10,10,0.0000,0
a-n60-k9.vrp,ga,1,1460.4259,2508.6934,1895.0571,269.8535,200,514,0.9000,0.0500,10,10,0.0000,0
a-n60-k9.vrp,ga,1,1460.4259,2459.9407,1911.2162,277.9592,200,515,0.9000,0.0500,10,10,0.0000,0
a-n60-k9.vrp,ga,1,1460.4259,2375.9973,1946.6700,266.7600,200,516,0.9000,0.0500,10,10,0.0000,0
a-n60-k9.vrp,ga,1,1460.4259,2477.3240,1937.0201,294.5595,200,517,0.9000,0.0500,10,10,0.0000,0
a-n60-k9.vrp,ga,1,1460.4259,2496.2285,1960.1492,291.0376,200,518,0.9000,0.0500,10,10,0.0000,0
a-n60-k9.vrp,ga,1,1460.4259,2435.6191,1932.7544,296.5180,200,519,0.9000,0.0500,10,10,0.0000,0
a-n60-k9.vrp,ga,1,1460.4259,2574.0571,1937.4227,288.0804,200,520,0.9000,0.0500,10,10,0.0000,0
a-n60-k9.vrp,ga,1,1460.4259,2590.4529,1912.2474,289.6021,200,521,0.9000,0.0500,10,10,0.0000,0
a-n60-k9.vrp,ga,1,1460.4259,2535.8657,1924.2723,260.9403,200,522,0.9000,0.0500,10,10,0.0000,0
a-n60-k9.vrp,ga,1,1460.4259,2475.0298,1896.9324,275.9763,200,523,0.9000,0.0500,10,10,0.0000,0
a-n60-k9.vrp,ga,1,1460.4259,2788.3264,1920.0759,299.5003,200,524,0.9000,0.0500,10,10,0.0000,0
a-n60-k9.vrp,ga,1,1460.4259,2896.4453,1950.6953,289.3436,200,525,0.9000,0.0500,10,10,0.0000,0
a-n60-k9.vrp,ga,1,1460.4259,2682.1519,1952.7435,294.4284,200,526,0.9000,0.0500,10,10,0.0000,0
a-n60-k9.vrp,ga,1,1460.4259,2733.2292,1960.4297,310.7493,200,527,0.9000,0.0500,10,10,0.0000,0
a-n60-k9.vrp,ga,1,1460.4259,2775.9773,1984.8918,306.2910,200,528,0.9000,0.0500,10,10,0.0000,0
a-n60-k9.vrp,ga,1,1460.4259,2794.0168,1949.9435,298.6730,200,529,0.9000,0.0500,10,10,0.0000,0
a-n60-k9.vrp,ga,1,1460.4258,2829.8894,1945.1689,304.5393,200,530,0.9000,0.0500,10,10,0.0000,0
a-n60-k9.vrp,ga,1,1460.4258,2673.7351,1958.6505,292.0018,200,531,0.9000,0.0500,10,10,0.0000,0
a-n60-k9.vrp,ga,1,1460.4258,2859.0530,1917.6174,308.7142,200,532,0.9000,0.0500,10,10,0.0000,0
a-n60-k9.vrp,ga,1,1460.4258,2687.3352,1911.1455,309.5968,200,533,0.9000,0.0500,10,10,0.0000,0
a-n60-k9.vrp,ga,1,1460.4258,2772.8569,1919.9469,288.0574,200,534,0.9000,0.0500,10,10,0.0000,0
a-n60-k9.vrp,ga,1,1460.4258,2344.2610,1888.8524,264.4471,200,535,0.9000,0.0500,10,10,0.0000,0
a-n60-k9.vrp,ga,1,1460.4258,2353.1184,1852.4985,265.0188,200,536,0.9000,0.0500,10,10,0.0000,0
a-n60-k9.vrp,ga,1,1460.4258,2372.5020,1886.6075,271.8198,200,537,0.9000,0.0500,10,10,0.0000,0
a-n60-k9.vrp,ga,1,1460.4258,2423.4382,1903.2000,290.1116,200,538,0.9000,0.0500,10,10,0.0000,0
a-n60-k9.vrp,ga,1,1460.4258,2298.4631,1850.3262,265.9976,200,539,0.9000,0.0500,10,10,0.0000,0
a-n60-k9.vrp,ga,1,1460.4258,2507.6587,1905.3176,286.4458,200,540,0.9000,0.0500,10,10,0.0000,0
a-n60-k9.vrp,ga,1,1460.4258,2584.7959,1906.4197,264.3671,200,541,0.9000,0.0500,10,10,0.0000,0
a-n60-k9.vrp,ga,1,1460.4258,2497.0029,1948.7238,289.3148,200,542,0.9000,0.0500,10,10,0.0000,0
a-n60-k9.vrp,ga,1,1460.4258,2573.1377,1963.1238,271.1718,200,543,0.9000,0.0500,10,10,0.0000,0
a-n60-k9.vrp,ga,1,1460.4258,2473.8425,1966.0361,265.5864,200,544,0.9000,0.0500,10,10,0.0000,0
a-n60-k9.vrp,ga,1,1460.4258,2473.9868,1961.2776,284.5537,200,545,0.9000,0.0500,10,10,0.0000,0
a-n60-k9.vrp,ga,1,1460.4258,2579.7275,1966.6621,288.7110,200,546,0.9000,0.0500,10,10,0.0000,0
a-n60-k9.vrp,ga,1,1460.4258,2496.1394,1949.8699,273.8927,200,547,0.9000,0.0500,10,10,0.0000,0
a-n60-k9.vrp,ga,1,1460.4258,2579.7583,1967.5361,281.3050,200,548,0.9000,0.0500,10,10,0.0000,0
a-n60-k9.vrp,ga,1,1460.4258,2459.4312,1940.6200,265.2526,200,549,0.9000,0.0500,10,10,0.0000,0
a-n60-k9.vrp,ga,1,1460.4258,2506.5278,1957.9543,265.2682,200,550,0.9000,0.0500,10,10,0.0000,0
a-n60-k9.vrp,ga,1,1460.4258,2617.6392,1993.7344,291.7112,200,551,0.9000,0.0500,10,10,0.0000,0
a-n60-k9.vrp,ga,1,1460.4258,2739.4434,1989.0065,302.3885,200,552,0.9000,0.0500,10,10,0.0000,0
a-n60-k9.vrp,ga,1,1460.4258,2563.2188,1929.4579,315.4703,200,553,0.9000,0.0500,10,10,0.0000,0
a-n60-k9.vrp,ga,1,1460.4258,2647.3218,1921.6257,296.4039,200,554,0.9000,0.0500,10,10,0.0000,0
a-n60-k9.vrp,ga,1,1460.4258,2544.3918,1889.5278,313.2807,200,555,0.9000,0.0500,10,10,0.0000,0
a-n60-k9.vrp,ga,1,1460.4258,2575.3909,1902.8640,274.6480,200,556,0.9000,0.0500,10,10,0.0000,0
a-n60-k9.vrp,ga,1,1460.4258,2489.7537,1936.3109,280.0918,200,557,0.9000,0.0500,10,10,0.0000,0
a-n60-k9.vrp,ga,1,1460.4258,2700.4158,1977.0028,292.7761,200,558,0.9000,0.0500,10,10,0.0000,0
a-n60-k9.vrp,ga,1,1460.4258,2571.3892,1959.1458,286.4646,200,559,0.9000,0.0500,10,10,0.0000,0
a-n60-k9.vrp,ga,1,1460.4258,2596.4915,1982.3215,320.4531,200,560,0.9000,0.0500,10,10,0.0000,0
a-n60-k9.vrp,ga,1,1460.4258,2606.8062,1966.3691,303.2579,200,561,0.9000,0.0500,10,10,0.0000,0
a-n60-k9.vrp,ga,1,1460.4258,2624.2449,1958.5430,304.8194,200,562,0.9000,0.0500,10,10,0.0000,0
a-n60-k9.vrp,ga,1,1460.4258,2696.6641,1959.8009,299.1244,200,563,0.9000,0.0500,10,10,0.0000,0
a-n60-k9.vrp,ga,1,1460.4258,2682.9873,1977.6016,305.1076,200,564,0.9000,0.0500,10,10,0.0000,0
a-n60-k9.vrp,ga,1,1460.4258,2629.5425,1949.7260,315.8760,200,565,0.9000,0.0500,10,10,0.0000,0
a-n60-k9.vrp,ga,1,1460.4258,2501.3120,1969.3396,311.5397,200,566,0.9000,0.0500,10,10,0.0000,0
a-n60-k9.vrp,ga,1,1460.4258,2600.6348,1998.8884,306.6535,200,567,0.9000,0.0500,10,10,0.0000,0
a-n60-k9.vrp,ga,1,1460.4258,2695.8101,1961.0514,318.5557,200,568,0.9000,0.0500,10,10,0.0000,0
a-n60-k9.vrp,ga,1,1460.4258,2676.9473,1994.2822,290.0829,200,569,0.9000,0.0500,10,10,0.0000,0
a-n60-k9.vrp,ga,1,1460.4258,2716.4905,1970.0498,334.4231,200,570,0.9000,0.0500,10,10,0.0000,0
a-n60-k9.vrp,ga,1,1460.4258,2623.3357,1942.0540,323.4245,200,571,0.9000,0.0500,10,10,0.0000,0
a-n60-k9.vrp,ga,1,1460.4258,2659.3247,1930.2437,310.8359,200,572,0.9000,0.0500,10,10,0.0000,0
a-n60-k9.vrp,ga,1,1460.4258,2703.4033,1938.9723,310.7696,200,573,0.9000,0.0500,10,10,0.0000,0
a-n60-k9.vrp,ga,1,1460.4258,2561.8643,1925.3931,296.6210,200,574,0.9000,0.0500,10,10,0.0000,0
a-n60-k9.vrp,ga,1,1460.4258,2573.8042,1903.9774,310.3382,200,575,0.9000,0.0500,10,10,0.0000,0
a-n60-k9.vrp,ga,1,1460.4258,2608.5925,1890.0880,301.3222,200,576,0.9000,0.0500,10,10,0.0000,0
a-n60-k9.vrp,ga,1,1460.4258,2554.5278,1917.8088,315.8578,200,577,0.9000,0.0500,10,10,0.0000,0
a-n60-k9.vrp,ga,1,1460.4258,2627.0117,1886.5955,286.3999,200,578,0.9000,0.0500,10,10,0.0000,0
a-n60-k9.vrp,ga,1,1460.4258,2757.2302,1914.8785,292.5300,200,579,0.9000,0.0500,10,10,0.0000,0
a-n60-k9.vrp,ga,1,1460.4258,2705.2295,1969.5206,313.3781,200,580,0.9000,0.0500,10,10,0.0000,0
a-n60-k9.vrp,ga,1,1460.4258,2842.9258,1991.6503,329.4348,200,581,0.9000,0.0500,10,10,0.0000,0
a-n60-k9.vrp,ga,1,1460.4258,2868.4800,1982.3610,350.5659,200,582,0.9000,0.0500,10,10,0.0000,0
a-n60-k9.vrp,ga,1,1460.4258,2879.2349,1956.2040,344.9675,200,583,0.9000,0.0500,10,10,0.0000,0
a-n60-k9.vrp,ga,1,1460.4258,2794.4858,1950.5334,346.4948,200,584,0.9000,0.0500,10,10,0.0000,0
a-n60-k9.vrp,ga,1,1460.4258,2879.2349,1961.0406,342.0147,200,585,0.9000,0.0500,10,10,0.0000,0
a-n60-k9.vrp,ga,1,1460.4258,2864.7698,1930.7483,354.1909,200,586,0.9000,0.0500,10,10,0.0000,0
a-n60-k9.vrp,ga,1,1460.4258,2624.3958,1909.7057,302.4012,200,587,0.9000,0.0500,10,10,0.0000,0
a-n60-k9.vrp,ga,1,1460.4258,2952.9719,1952.3860,341.8913,200,588,0.9000,0.0500,10,10,0.0000,0
a-n60-k9.vrp,ga,1,1460.4258,2739.2146,1947.3585,321.7216,200,589,0.9000,0.0500,10,10,0.0000,0
a-n60-k9.vrp,ga,1,1460.4258,2762.8037,1941.5269,334.7750,200,590,0.9000,0.0500,10,10,0.0000,0
a-n60-k9.vrp,ga,1,1460.4258,2838.9185,1981.8718,319.9821,200,591,0.9000,0.0500,10,10,0.0000,0
a-n60-k9.vrp,ga,1,1460.4258,2981.9238,1987.1824,361.1248,200,592,0.9000,0.0500,10,10,0.0000,0
a-n60-k9.vrp,ga,1,1460.4258,2849.9468,1962.8300,335.1364,200,593,0.9000,0.0500,10,10,0.0000,0
a-n60-k9.vrp,ga,1,1460.4258,2799.3547,1945.4905,341.3792,200,594,0.9000,0.0500,10,10,0.0000,0
a-n60-k9.vrp,ga,1,1460.4258,2920.8313,1932.8024,333.5876,200,595,0.9000,0.0500,10,10,0.0000,0
a-n60-k9.vrp,ga,1,1460.4258,2746.9670,1916.4315,301.4634,200,596,0.9000,0.0500,10,10,0.0000,0
a-n60-k9.vrp,ga,1,1460.4258,2807.5212,1951.6780,325.6750,200,597,0.9000,0.0500,10,10,0.0000,0
a-n60-k9.vrp,ga,1,1460.4258,2848.3955,1961.4032,342.7513,200,598,0.9000,0.0500,10,10,0.0000,0
a-n60-k9.vrp,ga,1,1460.4258,2896.1799,1908.2655,325.1076,200,599,0.9000,0.0500,10,10,0.0000,0
a-n60-k9.vrp,ga,1,1460.4258,2925.7466,1965.3737,341.4656,200,600,0.9000,0.0500,10,10,0.0000,0
a-n60-k9.vrp,ga,1,1460.4258,2856.9990,1933.2688,315.1177,200,601,0.9000,0.0500,10,10,0.0000,0
a-n60-k9.vrp,ga,1,1460.4258,2828.0906,1946.8967,365.1929,200,602,0.9000,0.0500,10,10,0.0000,0
a-n60-k9.vrp,ga,1,1460.4258,2910.7383,1992.7943,361.3726,200,603,0.9000,0.0500,10,10,0.0000,0
a-n60-k9.vrp,ga,1,1460.4258,2844.6143,1967.6556,353.4701,200,604,0.9000,0.0500,10,10,0.0000,0
a-n60-k9.vrp,ga,1,1460.4258,2553.9729,1927.8239,282.2603,200,605,0.9000,0.0500,10,10,0.0000,0
a-n60-k9.vrp,ga,1,1460.4258,2779.4214,1911.6926,317.5234,200,606,0.9000,0.0500,10,10,0.0000,0
a-n60-k9.vrp,ga,1,1460.4258,2990.2900,1934.7655,321.3147,200,607,0.9000,0.0500,10,10,0.0000,0
a-n60-k9.vrp,ga,1,1460.4258,2637.4004,1913.4597,298.0980,200,608,0.9000,0.0500,10,10,0.0000,0
a-n60-k9.vrp,ga,1,1460.4258,2504.0173,1925.1132,288.4267,200,609,0.9000,0.0500,10,10,0.0000,0
a-n60-k9.vrp,ga,1,1460.4258,2724.6470,1949.0049,301.3763,200,610,0.9000,0.0500,10,10,0.0000,0
a-n60-k9.vrp,ga,1,1460.4258,2941.4014,2004.1797,318.4507,200,611,0.9000,0.0500,10,10,0.0000,0
a-n60-k9.vrp,ga,1,1460.4258,2770.2407,1932.3459,281.3084,200,612,0.9000,0.0500,10,10,0.0000,0
a-n60-k9.vrp,ga,1,1460.4258,2509.8291,1910.4067,277.6231,200,613,0.9000,0.0500,10,10,0.0000,0
a-n60-k9.vrp,ga,1,1460.4258,2796.8640,1938.7029,297.9008,200,614,0.9000,0.0500,10,10,0.0000,0
a-n60-k9.vrp,ga,1,1460.4258,2817.7070,1945.7159,302.5164,200,615,0.9000,0.0500,10,10,0.0000,0
a-n60-k9.vrp,ga,1,1460.4258,2675.4951,1971.1764,307.4545,200,616,0.9000,0.0500,10,10,0.0000,0
a-n60-k9.vrp,ga,1,1460.4258,2805.6379,1955.2019,307.6394,200,617,0.9000,0.0500,10,10,0.0000,0
a-n60-k9.vrp,ga,1,1460.4258,2841.6846,1968.9757,331.7224,200,618,0.9000,0.0500,10,10,0.0000,0
a-n60-k9.vrp,ga,1,1460.4258,2778.4434,1953.5812,293.3738,200,619,0.9000,0.0500,10,10,0.0000,0
a-n60-k9.vrp,ga,1,1460.4258,2846.2856,1923.4053,296.1675,200,620,0.9000,0.0500,10,10,0.0000,0
a-n60-k9.vrp,ga,1,1460.4258,2757.1680,1968.8445,310.1967,200,621,0.9000,0.0500,10,10,0.0000,0
a-n60-k9.vrp,ga,1,1460.4258,2919.9167,1953.6218,310.8342,200,622,0.9000,0.0500,10,10,0.0000,0
a-n60-k9.vrp,ga,1,1460.4258,2858.9417,1971.1659,314.1748,200,623,0.9000,0.0500,10,10,0.0000,0
a-n60-k9.vrp,ga,1,1460.4258,2953.5217,1911.1108,317.4759,200,624,0.9000,0.0500,10,10,0.0000,0
a-n60-k9.vrp,ga,1,1460.4258,2667.2356,1923.5492,284.2993,200,625,0.9000,0.0500,10,10,0.0000,0
a-n60-k9.vrp,ga,1,1460.4258,2747.8538,1941.8474,275.9265,200,626,0.9000,0.0500,10,10,0.0000,0
a-n60-k9.vrp,ga,1,1460.4258,2860.8665,1938.8064,281.9363,200,627,0.9000,0.0500,10,10,0.0000,0
a-n60-k9.vrp,ga,1,1460.4258,2929.6440,1961.5576,276.1912,200,628,0.9000,0.0500,10,10,0.0000,0
a-n60-k9.vrp,ga,1,1460.4258,2555.2739,1952.5474,281.0287,200,629,0.9000,0.0500,10,10,0.0000,0
a-n60-k9.vrp,ga,1,1460.4258,2700.7708,1923.6558,298.4909,200,630,0.9000,0.0500,10,10,0.0000,0
a-n60-k9.vrp,ga,1,1460.4258,2934.1895,1924.6470,311.2157,200,631,0.9000,0.0500,10,10,0.0000,0
a-n60-k9.vrp,ga,1,1460.4258,2503.9497,1878.9304,278.2191,200,632,0.9000,0.0500,10,10,0.0000,0
a-n60-k9.vrp,ga,1,1460.4258,2669.5771,1884.1997,294.2945,200,633,0.9000,0.0500,10,10,0.0000,0
a-n60-k9.vrp,ga,1,1460.4258,2644.8167,1886.1591,301.9639,200,634,0.9000,0.0500,10,10,0.0000,0
a-n60-k9.vrp,ga,1,1460.4258,2912.3018,1957.6676,288.7993,200,635,0.9000,0.0500,10,10,0.0000,0
a-n60-k9.vrp,ga,1,1460.4258,2622.6609,1916.2134,287.4756,200,636,0.9000,0.0500,10,10,0.0000,0
a-n60-k9.vrp,ga,1,1460.4258,2766.1428,1922.9918,302.5020,200,637,0.9000,0.0500,10,10,0.0000,0
a-n60-k9.vrp,ga,1,1460.4258,2642.2092,1913.4954,275.7493,200,638,0.9000,0.0500,10,10,0.0000,0
a-n60-k9.vrp,ga,1,1460.4258,2553.5042,1928.4332,274.6635,200,639,0.9000,0.0500,10,10,0.0000,0
a-n60-k9.vrp,ga,1,1460.4258,2515.9563,1889.4429,296.5681,200,640,0.9000,0.0500,10,10,0.0000,0
a-n60-k9.vrp,ga,1,1460.4258,2814.6396,1873.4370,265.1952,200,641,0.9000,0.0500,10,10,0.0000,0
a-n60-k9.vrp,ga,1,1460.4258,2616.1892,1861.7706,284.3431,200,642,0.9000,0.0500,10,10,0.0000,0
a-n60-k9.vrp,ga,1,1460.4258,2504.9937,1895.8160,278.5577,200,643,0.9000,0.0500,10,10,0.0000,0
a-n60-k9.vrp,ga,1,1460.4258,2912.3018,1902.4246,302.6248,200,644,0.9000,0.0500,10,10,0.0000,0
a-n60-k9.vrp,ga,1,1460.4258,2983.0554,1914.4893,310.8767,200,645,0.9000,0.0500,10,10,0.0000,0
a-n60-k9.vrp,ga,1,1460.4258,2892.9661,1897.5387,280.3815,200,646,0.9000,0.0500,10,10,0.0000,0
a-n60-k9.vrp,ga,1,1460.4258,2757.1680,1947.5201,313.1334,200,647,0.9000,0.0500,10,10,0.0000,0
a-n60-k9.vrp,ga,1,1460.4258,2514.4993,1924.8499,268.1433,200,648,0.9000,0.0500,10,10,0.0000,0
a-n60-k9.vrp,ga,1,1460.4258,2768.2952,1908.7762,291.6894,200,649,0.9000,0.0500,10,10,0.0000,0
a-n60-k9.vrp,ga,1,1460.4258,2763.6907,1902.9612,297.0403,200,650,0.9000,0.0500,10,10,0.0000,0
a-n60-k9.vrp,ga,1,1460.4258,2938.8118,1995.4388,310.9761,200,651,0.9000,0.0500,10,10,0.0000,0
a-n60-k9.vrp,ga,1,1460.4258,2948.1101,1961.2893,301.5042,200,652,0.9000,0.0500,10,10,0.0000,0
a-n60-k9.vrp,ga,1,1460.4258,2876.2864,1948.5995,300.4190,200,653,0.9000,0.0500,10,10,0.0000,0
a-n60-k9.vrp,ga,1,1460.4258,2773.8362,1945.4188,300.5080,200,654,0.9000,0.0500,10,10,0.0000,0
a-n60-k9.vrp,ga,1,1460.4258,2723.2559,1947.3442,295.5213,200,655,0.9000,0.0500,10,10,0.0000,0
a-n60-k9.vrp,ga,1,1460.4258,2970.5112,1989.7671,306.2264,200,656,0.9000,0.0500,10,10,0.0000,0
a-n60-k9.vrp,ga,1,1460.4258,2794.6965,1952.1976,303.8936,200,657,0.9000,0.0500,10,10,0.0000,0
a-n60-k9.vrp,ga,1,1460.4258,2727.6387,1922.1135,290.1648,200,658,0.9000,0.0500,10,10,0.0000,0
a-n60-k9.vrp,ga,1,1460.4258,2870.3328,1902.1815,305.2578,200,659,0.9000,0.0500,10,10,0.0000,0
a-n60-k9.vrp,ga,1,1460.4258,2683.8079,1925.7982,311.8188,200,660,0.9000,0.0500,10,10,0.0000,0
a-n60-k9.vrp,ga,1,1460.4258,2938.8118,1933.8130,324.3959,200,661,0.9000,0.0500,10,10,0.0000,0
a-n60-k9.vrp,ga,1,1460.4258,2542.1423,1902.3856,269.4475,200,662,0.9000,0.0500,10,10,0.0000,0
a-n60-k9.vrp,ga,1,1460.4258,2748.0339,1915.3256,305.3626,200,663,0.9000,0.0500,10,10,0.0000,0
a-n60-k9.vrp,ga,1,1460.4258,2900.5869,1925.8649,304.4357,200,664,0.9000,0.0500,10,10,0.0000,0
a-n60-k9.vrp,ga,1,1460.4258,2990.6467,1939.1376,300.1993,200,665,0.9000,0.0500,10,10,0.0000,0
a-n60-k9.vrp,ga,1,1460.4258,2856.4702,1907.1624,307.5323,200,666,0.9000,0.0500,10,10,0.0000,0
a-n60-k9.vrp,ga,1,1460.4258,2670.2175,1886.9630,287.8136,200,667,0.9000,0.0500,10,10,0.0000,0
a-n60-k9.vrp,ga,1,1460.4258,2920.0503,1903.0438,299.4445,200,668,0.9000,0.0500,10,10,0.0000,0
a-n60-k9.vrp,ga,1,1460.4258,2600.7515,1921.2129,286.9436,200,669,0.9000,0.0500,10,10,0.0000,0
a-n60-k9.vrp,ga,1,1460.4258,2752.4414,1881.1891,291.9261,200,670,0.9000,0.0500,10,10,0.0000,0
a-n60-k9.vrp,ga,1,1460.4258,2841.6846,1896.0630,301.5851,200,671,0.9000,0.0500,10,10,0.0000,0
a-n60-k9.vrp,ga,1,1460.4258,2731.5759,1894.0309,300.3455,200,672,0.9000,0.0500,10,10,0.0000,0
a-n60-k9.vrp,ga,1,1460.4258,2973.6577,1882.4985,316.7879,200,673,0.9000,0.0500,10,10,0.0000,0
a-n60-k9.vrp,ga,1,1460.4258,2614.1423,1894.3154,279.1189,200,674,0.9000,0.0500,10,10,0.0000,0
a-n60-k9.vrp,ga,1,1460.4258,2958.2842,1895.8054,309.9193,200,675,0.9000,0.0500,10,10,0.0000,0
a-n60-k9.vrp,ga,1,1460.4258,2868.9944,1925.2296,290.2236,200,676,0.9000,0.0500,10,10,0.0000,0
a-n60-k9.vrp,ga,1,1460.4258,2734.6084,1921.9893,307.4247,200,677,0.9000,0.0500,10,10,0.0000,0
a-n60-k9.vrp,ga,1,1460.4258,2963.8325,1935.4438,310.4390,200,678,0.9000,0.0500,10,10,0.0000,0
a-n60-k9.vrp,ga,1,1460.4258,2840.9053,1871.6682,311.8884,200,679,0.9000,0.0500,10,10,0.0000,0
a-n60-k9.vrp,ga,1,1460.4258,2861.3433,1860.8689,308.1476,200,680,0.9000,0.0500,10,10,0.0000,0
a-n60-k9.vrp,ga,1,1460.4258,2770.2942,1886.9102,268.9558,200,681,0.9000,0.0500,10,10,0.0000,0
a-n60-k9.vrp,ga,1,1460.4258,2502.2942,1864.5348,254.3354,200,682,0.9000,0.0500,10,10,0.0000,0
a-n60-k9.vrp,ga,1,1460.4258,2508.4919,1872.6462,251.2361,200,683,0.9000,0.0500,10,10,0.0000,0
a-n60-k9.vrp,ga,1,1460.4258,2730.6687,1847.5657,297.7348,200,684,0.9000,0.0500,10,10,0.0000,0
a-n60-k9.vrp,ga,1,1460.4258,2710.0571,1863.6688,280.8410,200,685,0.9000,0.0500,10,10,0.0000,0
a-n60-k9.vrp,ga,1,1460.4258,2872.0020,1888.9010,282.2871,200,686,0.9000,0.0500,10,10,0.0000,0
a-n60-k9.vrp,ga,1,1460.4258,2891.0449,1908.0513,298.8051,200,687,0.9000,0.0500,10,10,0.0000,0
a-n60-k9.vrp,ga,1,1460.4258,2654.8647,1888.5153,257.9921,200,688,0.9000,0.0500,10,10,0.0000,0
a-n60-k9.vrp,ga,1,1460.4258,2636.7253,1848.9364,278.8087,200,689,0.9000,0.0500,10,10,0.0000,0
a-n60-k9.vrp,ga,1,1460.4258,2892.9722,1896.3290,285.1166,200,690,0.9000,0.0500,10,10,0.0000,0
a-n60-k9.vrp,ga,1,1460.4258,2818.6382,1849.5936,275.4800,200,691,0.9000,0.0500,10,10,0.0000,0
a-n60-k9.vrp,ga,1,1460.4258,2803.0762,1864.2997,271.4439,200,692,0.9000,0.0500,10,10,0.0000,0
a-n60-k9.vrp,ga,1,1460.4258,2787.1924,1866.1687,263.9611,200,693,0.9000,0.0500,10,10,0.0000,0
a-n60-k9.vrp,ga,1,1460.4258,2805.3628,1828.2722,279.2074,200,694,0.9000,0.0500,10,10,0.0000,0
a-n60-k9.vrp,ga,1,1460.4258,2865.0139,1825.5510,257.5517,200,695,0.9000,0.0500,10,10,0.0000,0
a-n60-k9.vrp,ga,1,1460.4258,2738.7083,1874.9189,289.8767,200,696,0.9000,0.0500,10,10,0.0000,0
a-n60-k9.vrp,ga,1,1460.4258,2800.3196,1846.0609,283.8985,200,697,0.9000,0.0500,10,10,0.0000,0
a-n60-k9.vrp,ga,1,1460.4258,2791.5498,1820.8470,261.6040,200,698,0.9000,0.0500,10,10,0.0000,0
a-n60-k9.vrp,ga,1,1460.4258,2642.5139,1829.2695,280.4300,200,699,0.9000,0.0500,10,10,0.0000,0
a-n60-k9.vrp,ga,1,1460.4258,2732.4939,1836.4130,270.2033,200,700,0.9000,0.0500,10,10,0.0000,0
a-n60-k9.vrp,ga,1,1460.4258,2793.2451,1895.0828,287.6827,200,701,0.9000,0.0500,10,10,0.0000,0
a-n60-k9.vrp,ga,1,1460.4258,2532.9346,1834.3120,258.4349,200,702,0.9000,0.0500,10,10,0.0000,0
a-n60-k9.vrp,ga,1,1460.4258,2841.5923,1832.8898,260.5564,200,703,0.9000,0.0500,10,10,0.0000,0
a-n60-k9.vrp,ga,1,1460.4257,2733.7583,1822.3181,260.7374,200,704,0.9000,0.0500,10,10,0.0000,0
a-n60-k9.vrp,ga,1,1460.4257,2789.4912,1869.7948,286.7749,200,705,0.9000,0.0500,10,10,0.0000,0
a-n60-k9.vrp,ga,1,1460.4257,2648.8027,1823.9414,244.8221,200,706,0.9000,0.0500,10,10,0.0000,0
a-n60-k9.vrp,ga,1,1460.4257,2535.8750,1827.5459,258.1125,200,707,0.9000,0.0500,10,10,0.0000,0
a-n60-k9.vrp,ga,1,1460.4257,2633.7805,1844.8832,278.6268,200,708,0.9000,0.0500,10,10,0.0000,0
a-n60-k9.vrp,ga,1,1460.4257,2726.9878,1848.0491,276.1528,200,709,0.9000,0.0500,10,10,0.0000,0
a-n60-k9.vrp,ga,1,1460.4257,2370.8079,1832.8619,238.4828,200,710,0.9000,0.0500,10,10,0.0000,0
a-n60-k9.vrp,ga,1,1460.4257,2475.5542,1896.6686,273.5963,200,711,0.9000,0.0500,10,10,0.0000,0
a-n60-k9.vrp,ga,1,1460.4257,2503.2141,1921.4054,308.4980,200,712,0.9000,0.0500,10,10,0.0000,0
a-n60-k9.vrp,ga,1,1460.4257,2644.9426,1902.7917,308.2865,200,713,0.9000,0.0500,10,10,0.0000,0
a-n60-k9.vrp,ga,1,1460.4257,2637.1877,1889.4875,289.9723,200,714,0.9000,0.0500,10,10,0.0000,0
a-n60-k9.vrp,ga,1,1460.4257,2761.9834,1940.1283,332.2384,200,715,0.9000,0.0500,10,10,0.0000,0
a-n60-k9.vrp,ga,1,1460.4257,2762.9729,1916.1492,293.7941,200,716,0.9000,0.0500,10,10,0.0000,0
a-n60-k9.vrp,ga,1,1460.4257,2944.4485,1926.5879,327.9471,200,717,0.9000,0.0500,10,10,0.0000,0
a-n60-k9.vrp,ga,1,1460.4257,2712.7056,1922.1677,319.8981,200,718,0.9000,0.0500,10,10,0.0000,0
a-n60-k9.vrp,ga,1,1460.4257,2845.9722,1904.3334,319.2927,200,719,0.9000,0.0500,10,10,0.0000,0
a-n60-k9.vrp,ga,1,1460.4257,2602.3298,1881.8307,274.8851,200,720,0.9000,0.0500,10,10,0.0000,0
a-n60-k9.vrp,ga,1,1460.4257,2756.1189,1918.8529,316.3160,200,721,0.9000,0.0500,10,10,0.0000,0
a-n60-k9.vrp,ga,1,1460.4257,2759.0911,1931.5269,320.8362,200,722,0.9000,0.0500,10,10,0.0000,0
a-n60-k9.vrp,ga,1,1460.4257,2657.5657,1915.1799,304.7510,200,723,0.9000,0.0500,10,10,0.0000,0
a-n60-k9.vrp,ga,1,1460.4257,2726.4856,1897.2762,315.8076,200,724,0.9000,0.0500,10,10,0.0000,0
a-n60-k9.vrp,ga,1,1460.4257,2775.3042,1928.5134,307.2533,200,725,0.9000,0.0500,10,10,0.0000,0
a-n60-k9.vrp,ga,1,1460.4257,2895.4375,1960.1772,355.4405,200,726,0.9000,0.0500,10,10,0.0000,0
a-n60-k9.vrp,ga,1,1460.4257,2930.2349,1968.9419,359.9750,200,727,0.9000,0.0500,10,10,0.0000,0
a-n60-k9.vrp,ga,1,1460.4257,2945.1379,1934.0889,359.3149,200,728,0.9000,0.0500,10,10,0.0000,0
a-n60-k9.vrp,ga,1,1460.4257,2904.3506,1913.3237,326.8428,200,729,0.9000,0.0500,10,10,0.0000,0
a-n60-k9.vrp,ga,1,1460.4257,2909.7375,1969.1522,375.9631,200,730,0.9000,0.0500,10,10,0.0000,0
a-n60-k9.vrp,ga,1,1460.4257,2858.5537,1908.4508,329.3625,200,731,0.9000,0.0500,10,10,0.0000,0
a-n60-k9.vrp,ga,1,1460.4257,2991.0620,1938.1161,330.8318,200,732,0.9000,0.0500,10,10,0.0000,0
a-n60-k9.vrp,ga,1,1460.4257,3072.5745,1947.7609,320.7023,200,733,0.9000,0.0500,10,10,0.0000,0
a-n60-k9.vrp,ga,1,1460.4257,3071.7664,1951.2252,346.9750,200,734,0.9000,0.0500,10,10,0.0000,0
a-n60-k9.vrp,ga,1,1460.4257,2902.9216,1989.7812,343.5438,200,735,0.9000,0.0500,10,10,0.0000,0
a-n60-k9.vrp,ga,1,1460.4257,2944.7134,1935.0636,343.2021,200,736,0.9000,0.0500,10,10,0.0000,0
a-n60-k9.vrp,ga,1,1460.4257,2898.0337,1949.2097,354.5820,200,737,0.9000,0.0500,10,10,0.0000,0
a-n60-k9.vrp,ga,1,1460.4257,2881.2930,1927.7988,348.2384,200,738,0.9000,0.0500,10,10,0.0000,0
a-n60-k9.vrp,ga,1,1460.4257,2877.1033,1954.5864,352.5704,200,739,0.9000,0.0500,10,10,0.0000,0
a-n60-k9.vrp,ga,1,1460.4257,2970.9407,1908.3436,329.6118,200,740,0.9000,0.0500,10,10,0.0000,0
a-n60-k9.vrp,ga,1,1460.4257,2858.5537,1942.5472,316.3694,200,741,0.9000,0.0500,10,10,0.0000,0
a-n60-k9.vrp,ga,1,1460.4257,3247.3164,1940.1001,375.3521,200,742,0.9000,0.0500,10,10,0.0000,0
a-n60-k9.vrp,ga,1,1460.4257,2935.6331,1959.8461,339.9680,200,743,0.9000,0.0500,10,10,0.0000,0
a-n60-k9.vrp,ga,1,1460.4257,2922.7502,1982.3146,364.8335,200,744,0.9000,0.0500,10,10,0.0000,0
a-n60-k9.vrp,ga,1,1460.4257,2918.3113,1966.4960,347.0477,200,745,0.9000,0.0500,10,10,0.0000,0
a-n60-k9.vrp,ga,1,1460.4257,3049.1653,1952.0060,325.9112,200,746,0.9000,0.0500,10,10,0.0000,0
a-n60-k9.vrp,ga,1,1460.4257,2886.6294,1965.5917,340.4689,200,747,0.9000,0.0500,10,10,0.0000,0
a-n60-k9.vrp,ga,1,1460.3217,2939.1201,1998.7546,328.0807,200,748,0.9000,0.0500,10,10,0.0000,0
a-n60-k9.vrp,ga,1,1460.3217,2889.5950,1924.2023,329.9977,200,749,0.9000,0.0500,10,10,0.0000,0
a-n60-k9.vrp,ga,1,1460.3217,2800.8142,1937.7050,297.6664,200,750,0.9000,0.0500,10,10,0.0000,0
a-n60-k9.vrp,ga,1,1460.3217,2882.4512,1898.9338,315.7290,200,751,0.9000,0.0500,10,10,0.0000,0
a-n60-k9.vrp,ga,1,1460.3217,2562.6306,1863.8119,253.8469,200,752,0.9000,0.0500,10,10,0.0000,0
a-n60-k9.vrp,ga,1,1460.3217,2390.9675,1819.5538,241.5669,200,753,0.9000,0.0500,10,10,0.0000,0
a-n60-k9.vrp,ga,1,1460.3217,2353.8779,1798.3940,256.9236,200,754,0.9000,0.0500,10,10,0.0000,0
a-n60-k9.vrp,ga,1,1460.3217,2525.1812,1842.4576,245.1410,200,755,0.9000,0.0500,10,10,0.0000,0
a-n60-k9.vrp,ga,1,1460.3217,2498.3745,1837.2664,253.7837,200,756,0.9000,0.0500,10,10,0.0000,0
a-n60-k9.vrp,ga,1,1460.3217,2371.1833,1796.5414,230.3402,200,757,0.9000,0.0500,10,10,0.0000,0
a-n60-k9.vrp,ga,1,1460.3217,2414.5913,1829.1011,224.9085,200,758,0.9000,0.0500,10,10,0.0000,0
a-n60-k9.vrp,ga,1,1460.3217,2518.6975,1846.4955,231.3457,200,759,0.9000,0.0500,10,10,0.0000,0
a-n60-k9.vrp,ga,1,1460.3217,2456.2246,1870.3507,243.4695,200,760,0.9000,0.0500,10,10,0.0000,0
a-n60-k9.vrp,ga,1,1460.3217,2579.8381,1845.2938,252.8951,200,761,0.9000,0.0500,10,10,0.0000,0
a-n60-k9.vrp,ga,1,1460.3217,2400.6152,1820.2911,225.1606,200,762,0.9000,0.0500,10,10,0.0000,0
a-n60-k9.vrp,ga,1,1459.8375,2329.8789,1817.4668,236.9735,200,763,0.9000,0.0500,10,10,0.0000,0
a-n60-k9.vrp,ga,1,1459.8375,2348.8777,1856.5035,248.7336,200,764,0.9000,0.0500,10,10,0.0000,0
a-n60-k9.vrp,ga,1,1459.8375,2384.9756,1842.3057,259.7716,200,765,0.9000,0.0500,10,10,0.0000,0
a-n60-k9.vrp,ga,1,1459.8375,2519.1067,1942.9995,279.7963,200,766,0.9000,0.0500,10,10,0.0000,0
a-n60-k9.vrp,ga,1,1459.8375,2550.8513,1971.3413,305.0341,200,767,0.9000,0.0500,10,10,0.0000,0
a-n60-k9.vrp,ga,1,1459.8375,2576.5259,1940.0236,287.9582,200,768,0.9000,0.0500,10,10,0.0000,0
a-n60-k9.vrp,ga,1,1459.8375,2488.4937,1907.0782,283.0693,200,769,0.9000,0.0500,10,10,0.0000,0
a-n60-k9.vrp,ga,1,1459.8375,2608.2068,1904.4286,304.9084,200,770,0.9000,0.0500,10,10,0.0000,0
a-n60-k9.vrp,ga,1,1459.8375,2692.1147,1900.3353,296.8028,200,771,0.9000,0.0500,10,10,0.0000,0
a-n60-k9.vrp,ga,1,1459.8375,2536.1975,1903.5148,278.1538,200,772,0.9000,0.0500,10,10,0.0000,0
a-n60-k9.vrp,ga,1,1459.8375,2581.0701,1877.8385,282.6625,200,773,0.9000,0.0500,10,10,0.0000,0
a-n60-k9.vrp,ga,1,1459.8375,2494.7444,1886.0509,270.8247,200,774,0.9000,0.0500,10,10,0.0000,0
a-n60-k9.vrp,ga,1,1459.8375,2672.4866,1876.7061,303.4109,200,775,0.9000,0.0500,10,10,0.0000,0
a-n60-k9.vrp,ga,1,1459.8375,2503.9673,1877.6295,280.6713,200,776,0.9000,0.0500,10,10,0.0000,0
a-n60-k9.vrp,ga,1,1459.8375,2593.4170,1888.2495,293.4795,200,777,0.9000,0.0500,10,10,0.0000,0
a-n60-k9.vrp,ga,1,1446.3865,2497.3435,1846.2557,276.7992,200,778,0.9000,0.0500,10,10,0.0000,0
a-n60-k9.vrp,ga,1,1446.3865,2485.7932,1858.0397,275.9267,200,779,0.9000,0.0500,10,10,0.0000,0
a-n60-k9.vrp,ga,1,1446.3865,2529.0295,1843.8258,293.6227,200,780,0.9000,0.0500,10,10,0.0000,0
a-n60-k9.vrp,ga,1,1446.3865,2447.5591,1837.4178,267.1203,200,781,0.9000,0.0500,10,10,0.0000,0
a-n60-k9.vrp,ga,1,1446.3865,2397.1118,1844.1578,273.0031,200,782,0.9000,0.0500,10,10,0.0000,0
a-n60-k9.vrp,ga,1,1446.3865,2602.1821,1862.0752,299.8772,200,783,0.9000,0.0500,10,10,0.0000,0
a-n60-k9.vrp,ga,1,1446.3865,2453.6296,1865.8168,272.7473,200,784,0.9000,0.0500,10,10,0.0000,0
a-n60-k9.vrp,ga,1,1446.3865,2433.0701,1884.7310,279.9655,200,785,0.9000,0.0500,10,10,0.0000,0
a-n60-k9.vrp,ga,1,1446.3865,2520.9275,1860.3096,280.4265,200,786,0.9000,0.0500,10,10,0.0000,0
a-n60-k9.vrp,ga,1,1446.3865,2421.5093,1870.1057,273.0545,200,787,0.9000,0.0500,10,10,0.0000,0
a-n60-k9.vrp,ga,1,1446.3865,2453.6296,1882.4772,269.2950,200,788,0.9000,0.0500,10,10,0.0000,0
a-n60-k9.vrp,ga,1,1446.3865,2404.4275,1885.5986,275.2235,200,789,0.9000,0.0500,10,10,0.0000,0
a-n60-k9.vrp,ga,1,1446.3865,2394.9077,1844.1803,278.7071,200,790,0.9000,0.0500,10,10,0.0000,0
a-n60-k9.vrp,ga,1,1446.3865,2445.9194,1855.7041,301.8036,200,791,0.9000,0.0500,10,10,0.0000,0
a-n60-k9.vrp,ga,1,1446.3865,2431.5818,1865.9377,280.3267,200,792,0.9000,0.0500,10,10,0.0000,0
a-n60-k9.vrp,ga,1,1446.3865,2515.6492,1870.4918,267.1211,200,793,0.9000,0.0500,10,10,0.0000,0
a-n60-k9.vrp,ga,1,1446.3865,2471.9092,1908.5168,265.9111,200,794,0.9000,0.0500,10,10,0.0000,0
a-n60-k9.vrp,ga,1,1446.3862,2538.1328,1930.8245,270.9960,200,795,0.9000,0.0500,10,10,0.0000,0
a-n60-k9.vrp,ga,1,1446.3862,2593.5598,1874.6493,307.6585,200,796,0.9000,0.0500,10,10,0.0000,0
a-n60-k9.vrp,ga,1,1446.3862,2338.5435,1807.5634,289.0224,200,797,0.9000,0.0500,10,10,0.0000,0
a-n60-k9.vrp,ga,1,1446.3862,2432.1362,1747.0264,290.8010,200,798,0.9000,0.0500,10,10,0.0000,0
a-n60-k9.vrp,ga,1,1446.3862,2341.9614,1856.6426,283.9013,200,799,0.9000,0.0500,10,10,0.0000,0
a-n60-k9.vrp,ga,1,1446.3862,2405.0530,1866.2723,302.9586,200,800,0.9000,0.0500,10,10,0.0000,0
a-n60-k9.vrp,ga,1,1446.3862,2449.9688,1868.4312,287.3849,200,801,0.9000,0.0500,10,10,0.0000,0
a-n60-k9.vrp,ga,1,1446.3862,2407.0029,1865.7704,285.8118,200,802,0.9000,0.0500,10,10,0.0000,0
a-n60-k9.vrp,ga,1,1446.3860,2407.0029,1903.8823,298.5288,200,803,0.9000,0.0500,10,10,0.0000,0
a-n60-k9.vrp,ga,1,1446.3860,2546.1992,1859.5797,297.4234,200,804,0.9000,0.0500,10,10,0.0000,0
a-n60-k9.vrp,ga,1,1446.3860,2436.2417,1792.7621,297.2293,200,805,0.9000,0.0500,10,10,0.0000,0
a-n60-k9.vrp,ga,1,1446.3860,2385.6172,1805.6406,305.0642,200,806,0.9000,0.0500,10,10,0.0000,0
a-n60-k9.vrp,ga,1,1446.3860,2424.6130,1859.7225,272.5067,200,807,0.9000,0.0500,10,10,0.0000,0
a-n60-k9.vrp,ga,1,1446.3860,2429.4558,1875.1915,269.2374,200,808,0.9000,0.0500,10,10,0.0000,0
a-n60-k9.vrp,ga,1,1446.3860,2432.4646,1871.7281,271.1960,200,809,0.9000,0.0500,10,10,0.0000,0
a-n60-k9.vrp,ga,1,1446.3860,2631.6704,1892.2905,293.0277,200,810,0.9000,0.0500,10,10,0.0000,0
a-n60-k9.vrp,ga,1,1446.3860,2628.8713,1912.2145,281.0362,200,811,0.9000,0.0500,10,10,0.0000,0
a-n60-k9.vrp,ga,1,1446.3860,2417.6562,1926.0992,252.5799,200,812,0.9000,0.0500,10,10,0.0000,0
a-n60-k9.vrp,ga,1,1446.3860,2519.3210,1888.6476,276.7160,200,813,0.9000,0.0500,10,10,0.0000,0
a-n60-k9.vrp,ga,1,1446.3860,2504.2041,1939.2174,273.2784,200,814,0.9000,0.0500,10,10,0.0000,0
a-n60-k9.vrp,ga,1,1446.3860,2566.3950,1888.4731,266.2654,200,815,0.9000,0.0500,10,10,0.0000,0
a-n60-k9.vrp,ga,1,1446.3860,2424.3403,1922.4250,259.9349,200,816,0.9000,0.0500,10,10,0.0000,0
a-n60-k9.vrp,ga,1,1446.3860,2561.1125,1886.2230,263.5512,200,817,0.9000,0.0500,10,10,0.0000,0
a-n60-k9.vrp,ga,1,1446.3860,2635.5510,1971.2433,280.7744,200,818,0.9000,0.0500,10,10,0.0000,0
a-n60-k9.vrp,ga,1,1446.3860,2622.3999,1945.9740,282.7125,200,819,0.9000,0.0500,10,10,0.0000,0
a-n60-k9.vrp,ga,1,1446.3860,2691.6895,1923.1285,266.8364,200,820,0.9000,0.0500,10,10,0.0000,0
a-n60-k9.vrp,ga,1,1446.3860,2609.2012,1948.9901,277.4199,200,821,0.9000,0.0500,10,10,0.0000,0
a-n60-k9.vrp,ga,1,1446.3860,2581.5286,1972.0563,289.5660,200,822,0.9000,0.0500,10,10,0.0000,0
a-n60-k9.vrp,ga,1,1446.3860,2593.5627,1926.7290,308.3242,200,823,0.9000,0.0500,10,10,0.0000,0
a-n60-k9.vrp,ga,1,1446.3860,2705.6365,1949.9231,304.1311,200,824,0.9000,0.0500,10,10,0.0000,0
a-n60-k9.vrp,ga,1,1446.3860,2502.8337,1916.2639,289.6568,200,825,0.9000,0.0500,10,10,0.0000,0
a-n60-k9.vrp,ga,1,1446.3860,2737.5283,1949.0305,305.4797,200,826,0.9000,0.0500,10,10,0.0000,0
a-n60-k9.vrp,ga,1,1446.3860,2774.4109,1942.0730,298.0919,200,827,0.9000,0.0500,10,10,0.0000,0
a-n60-k9.vrp,ga,1,1446.3860,2717.3135,1950.5389,295.3748,200,828,0.9000,0.0500,10,10,0.0000,0
a-n60-k9.vrp,ga,1,1446.3860,2512.1853,1938.8801,295.0250,200,829,0.9000,0.0500,10,10,0.0000,0
a-n60-k9.vrp,ga,1,1441.3672,2752.6426,1950.6544,305.3057,200,830,0.9000,0.0500,10,10,0.0000,0
a-n60-k9.vrp,ga,1,1441.3672,2726.5974,1947.9070,296.9375,200,831,0.9000,0.0500,10,10,0.0000,0
a-n60-k9.vrp,ga,1,1441.3672,2617.1228,1925.2755,283.4254,200,832,0.9000,0.0500,10,10,0.0000,0
a-n60-k9.vrp,ga,1,1441.3672,2621.4263,1928.0308,291.9882,200,833,0.9000,0.0500,10,10,0.0000,0
a-n60-k9.vrp,ga,1,1441.3672,2517.1992,1913.1692,279.8954,200,834,0.9000,0.0500,10,10,0.0000,0
a-n60-k9.vrp,ga,1,1441.3672,2412.3462,1889.6261,263.4051,200,835,0.9000,0.0500,10,10,0.0000,0
a-n60-k9.vrp,ga,1,1441.3672,2665.4119,1903.4073,273.4256,200,836,0.9000,0.0500,10,10,0.0000,0
a-n60-k9.vrp,ga,1,1441.3672,2571.6675,1907.6085,267.5006,200,837,0.9000,0.0500,10,10,0.0000,0
a-n60-k9.vrp,ga,1,1441.3672,2476.8376,1918.9904,270.2080,200,838,0.9000,0.0500,10,10,0.0000,0
a-n60-k9.vrp,ga,1,1441.3672,2612.7273,1912.7264,273.3145,200,839,0.9000,0.0500,10,10,0.0000,0
a-n60-k9.vrp,ga,1,1441.3672,2579.8257,1887.1365,268.6653,200,840,0.9000,0.0500,10,10,0.0000,0
a-n60-k9.vrp,ga,1,1441.3672,2642.1665,1889.3837,282.0019,200,841,0.9000,0.0500,10,10,0.0000,0
a-n60-k9.vrp,ga,1,1441.3672,2474.4619,1879.7725,284.8337,200,842,0.9000,0.0500,10,10,0.0000,0
a-n60-k9.vrp,ga,1,1441.3672,2571.9802,1878.1769,292.0533,200,843,0.9000,0.0500,10,10,0.0000,0
a-n60-k9.vrp,ga,1,1441.3672,2509.6829,1906.4639,281.8631,200,844,0.9000,0.0500,10,10,0.0000,0
a-n60-k9.vrp,ga,1,1441.3672,2659.3469,1881.1964,286.7747,200,845,0.9000,0.0500,10,10,0.0000,0
a-n60-k9.vrp,ga,1,1441.3672,2615.8303,1905.2267,301.2918,200,846,0.9000,0.0500,10,10,0.0000,0
a-n60-k9.vrp,ga,1,1441.3672,2428.9631,1897.0973,269.3016,200,847,0.9000,0.0500,10,10,0.0000,0
a-n60-k9.vrp,ga,1,1441.3672,2510.0693,1894.0255,287.2125,200,848,0.9000,0.0500,10,10,0.0000,0
a-n60-k9.vrp,ga,1,1441.3672,2524.0361,1908.8997,291.0675,200,849,0.9000,0.0500,10,10,0.0000,0
a-n60-k9.vrp,ga,1,1441.3672,2562.2393,1932.7356,282.5016,200,850,0.9000,0.0500,10,10,0.0000,0
a-n60-k9.vrp,ga,1,1441.3672,2610.2939,1901.8945,288.0014,200,851,0.9000,0.0500,10,10,0.0000,0
a-n60-k9.vrp,ga,1,1441.3672,2468.7021,1905.4800,290.9235,200,852,0.9000,0.0500,10,10,0.0000,0
a-n60-k9.vrp,ga,1,1441.3672,2648.7366,1879.2267,280.2220,200,853,0.9000,0.0500,10,10,0.0000,0
a-n60-k9.vrp,ga,1,1441.3672,2562.2393,1900.7173,280.2200,200,854,0.9000,0.0500,10,10,0.0000,0
a-n60-k9.vrp,ga,1,1441.3672,2540.9280,1909.3010,303.1003,200,855,0.9000,0.0500,10,10,0.0000,0
a-n60-k9.vrp,ga,1,1441.3672,2507.5454,1924.3921,275.9543,200,856,0.9000,0.0500,10,10,0.0000,0
a-n60-k9.vrp,ga,1,1441.3672,2518.4502,1892.1675,296.9734,200,857,0.9000,0.0500,10,10,0.0000,0
a-n60-k9.vrp,ga,1,1441.3672,2484.0166,1913.2637,280.2617,200,858,0.9000,0.0500,10,10,0.0000,0
a-n60-k9.vrp,ga,1,1441.3672,2479.6704,1946.4138,275.9719,200,859,0.9000,0.0500,10,10,0.0000,0
a-n60-k9.vrp,ga,1,1441.3672,2491.7749,1947.7970,290.1913,200,860,0.9000,0.0500,10,10,0.0000,0
a-n60-k9.vrp,ga,1,1441.3672,2757.4536,1973.3922,300.7533,200,861,0.9000,0.0500,10,10,0.0000,0
a-n60-k9.vrp,ga,1,1441.3672,2573.3931,1950.3682,293.3939,200,862,0.9000,0.0500,10,10,0.0000,0
a-n60-k9.vrp,ga,1,1441.3672,2510.6519,1963.9353,288.2577,200,863,0.9000,0.0500,10,10,0.0000,0
a-n60-k9.vrp,ga,1,1441.3672,2638.6616,1960.5176,303.7266,200,864,0.9000,0.0500,10,10,0.0000,0
a-n60-k9.vrp,ga,1,1441.3672,2607.4697,1882.7788,302.3461,200,865,0.9000,0.0500,10,10,0.0000,0
a-n60-k9.vrp,ga,1,1441.3672,2730.7607,1909.2534,276.2195,200,866,0.9000,0.0500,10,10,0.0000,0
a-n60-k9.vrp,ga,1,1441.3672,2545.2412,1915.3297,276.9062,200,867,0.9000,0.0500,10,10,0.0000,0
a-n60-k9.vrp,ga,1,1441.3672,2552.2678,1897.7310,291.9018,200,868,0.9000,0.0500,10,10,0.0000,0
a-n60-k9.vrp,ga,1,1441.3672,2502.7783,1866.5814,277.5356,200,869,0.9000,0.0500,10,10,0.0000,0
a-n60-k9.vrp,ga,1,1441.3672,2608.7747,1901.8610,307.4120,200,870,0.9000,0.0500,10,10,0.0000,0
a-n60-k9.vrp,ga,1,1441.3672,2717.5151,1901.2626,286.0535,200,871,0.9000,0.0500,10,10,0.0000,0
a-n60-k9.vrp,ga,1,1441.3672,2517.1287,1876.0892,280.8470,200,872,0.9000,0.0500,10,10,0.0000,0
a-n60-k9.vrp,ga,1,1441.3672,2861.0369,1885.7108,293.3734,200,873,0.9000,0.0500,10,10,0.0000,0
a-n60-k9.vrp,ga,1,1441.3672,2525.2588,1948.2712,268.0322,200,874,0.9000,0.0500,10,10,0.0000,0
a-n60-k9.vrp,ga,1,1441.3672,2698.5835,1944.8082,293.4340,200,875,0.9000,0.0500,10,10,0.0000,0
a-n60-k9.vrp,ga,1,1441.3672,2855.0579,1919.7527,300.1921,200,876,0.9000,0.0500,10,10,0.0000,0
a-n60-k9.vrp,ga,1,1441.3672,2710.2222,1930.5391,300.7328,200,877,0.9000,0.0500,10,10,0.0000,0
a-n60-k9.vrp,ga,1,1441.3672,2550.3865,1912.2668,291.9583,200,878,0.9000,0.0500,10,10,0.0000,0
a-n60-k9.vrp,ga,1,1441.3672,2752.4751,1931.4106,309.6665,200,879,0.9000,0.0500,10,10,0.0000,0
a-n60-k9.vrp,ga,1,1441.3672,2758.6167,1974.6871,285.6231,200,880,0.9000,0.0500,10,10,0.0000,0
a-n60-k9.vrp,ga,1,1441.3672,2656.8223,1964.6885,312.6958,200,881,0.9000,0.0500,10,10,0.0000,0
a-n60-k9.vrp,ga,1,1441.3672,2806.3875,1925.6000,316.8429,200,882,0.9000,0.0500,10,10,0.0000,0
a-n60-k9.vrp,ga,1,1441.3672,2694.2195,1924.3887,315.0453,200,883,0.9000,0.0500,10,10,0.0000,0
a-n60-k9.vrp,ga,1,1441.3672,2569.8979,1903.2184,293.4489,200,884,0.9000,0.0500,10,10,0.0000,0
a-n60-k9.vrp,ga,1,1441.3672,2662.6709,1929.0704,292.7774,200,885,0.9000,0.0500,10,10,0.0000,0
a-n60-k9.vrp,ga,1,1441.3672,2801.7161,1915.2050,289.6989,200,886,0.9000,0.0500,10,10,0.0000,0
a-n60-k9.vrp,ga,1,1441.3672,2706.1279,1886.2938,298.0972,200,887,0.9000,0.0500,10,10,0.0000,0
a-n60-k9.vrp,ga,1,1441.3672,2751.3152,1886.6495,298.3032,200,888,0.9000,0.0500,10,10,0.0000,0
a-n60-k9.vrp,ga,1,1441.3672,2506.5898,1851.9445,275.2635,200,889,0.9000,0.0500,10,10,0.0000,0
a-n60-k9.vrp,ga,1,1441.3672,2600.2517,1877.4191,266.1058,200,890,0.9000,0.0500,10,10,0.0000,0
a-n60-k9.vrp,ga,1,1441.3672,2500.9768,1863.0385,280.4961,200,891,0.9000,0.0500,10,10,0.0000,0
a-n60-k9.vrp,ga,1,1441.3672,2545.6814,1894.7896,277.4843,200,892,0.9000,0.0500,10,10,0.0000,0
a-n60-k9.vrp,ga,1,1441.3672,2603.8323,1860.8370,279.1411,200,893,0.9000,0.0500,10,10,0.0000,0
a-n60-k9.vrp,ga,1,1441.3672,2690.8757,1856.6333,289.9452,200,894,0.9000,0.0500,10,10,0.0000,0
a-n60-k9.vrp,ga,1,1441.3672,2728.8459,1865.7239,297.1949,200,895,0.9000,0.0500,10,10,0.0000,0
a-n60-k9.vrp,ga,1,1441.3672,2649.7307,1896.5183,282.7989,200,896,0.9000,0.0500,10,10,0.0000,0
a-n60-k9.vrp,ga,1,1441.3672,2628.1985,1940.4545,271.9355,200,897,0.9000,0.0500,10,10,0.0000,0
a-n60-k9.vrp,ga,1,1441.3672,2549.4160,1947.0679,290.7847,200,898,0.9000,0.0500,10,10,0.0000,0
a-n60-k9.vrp,ga,1,1441.3672,2559.7739,1897.2438,282.7590,200,899,0.9000,0.0500,10,10,0.0000,0
a-n60-k9.vrp,ga,1,1441.3672,2742.1626,1880.5099,316.9707,200,900,0.9000,0.0500,10,10,0.0000,0
a-n60-k9.vrp,ga,1,1441.3672,2739.9590,1885.8096,296.1463,200,901,0.9000,0.0500,10,10,0.0000,0
a-n60-k9.vrp,ga,1,1441.3672,2594.5684,1871.5974,272.6902,200,902,0.9000,0.0500,10,10,0.0000,0
a-n60-k9.vrp,ga,1,1441.3672,2589.0906,1910.5967,280.8124,200,903,0.9000,0.0500,10,10,0.0000,0
a-n60-k9.vrp,ga,1,1441.3672,2515.4556,1914.9126,283.9736,200,904,0.9000,0.0500,10,10,0.0000,0
a-n60-k9.vrp,ga,1,1441.3672,2653.8987,1942.5859,285.6212,200,905,0.9000,0.0500,10,10,0.0000,0
a-n60-k9.vrp,ga,1,1441.3672,2625.1262,1951.1150,280.3249,200,906,0.9000,0.0500,10,10,0.0000,0
a-n60-k9.vrp,ga,1,1441.3672,2689.7781,1957.6444,300.9573,200,907,0.9000,0.0500,10,10,0.0000,0
a-n60-k9.vrp,ga,1,1441.3672,2675.5742,1931.2402,289.8460,200,908,0.9000,0.0500,10,10,0.0000,0
a-n60-k9.vrp,ga,1,1441.3672,2620.7505,1917.6592,297.9048,200,909,0.9000,0.0500,10,10,0.0000,0
a-n60-k9.vrp,ga,1,1441.3672,2728.8806,1926.9595,295.5802,200,910,0.9000,0.0500,10,10,0.0000,0
a-n60-k9.vrp,ga,1,1441.3672,2752.2803,1928.8029,289.6927,200,911,0.9000,0.0500,10,10,0.0000,0
a-n60-k9.vrp,ga,1,1441.3672,2706.2993,1922.4639,282.8088,200,912,0.9000,0.0500,10,10,0.0000,0
a-n60-k9.vrp,ga,1,1441.3672,2671.8594,1938.1914,304.8008,200,913,0.9000,0.0500,10,10,0.0000,0
a-n60-k9.vrp,ga,1,1441.3672,2899.3647,1939.9606,304.1837,200,914,0.9000,0.0500,10,10,0.0000,0
a-n60-k9.vrp,ga,1,1441.3672,2737.2004,1931.6434,283.1752,200,915,0.9000,0.0500,10,10,0.0000,0
a-n60-k9.vrp,ga,1,1441.3672,2806.7495,1940.9535,293.9279,200,916,0.9000,0.0500,10,10,0.0000,0
a-n60-k9.vrp,ga,1,1441.3672,2725.3235,1900.9093,300.4346,200,917,0.9000,0.0500,10,10,0.0000,0
a-n60-k9.vrp,ga,1,1441.3672,2469.0969,1900.4856,269.0383,200,918,0.9000,0.0500,10,10,0.0000,0
a-n60-k9.vrp,ga,1,1441.3672,2590.2327,1906.5831,255.7431,200,919,0.9000,0.0500,10,10,0.0000,0
a-n60-k9.vrp,ga,1,1441.3672,2595.4355,1896.3611,285.1578,200,920,0.9000,0.0500,10,10,0.0000,0
a-n60-k9.vrp,ga,1,1441.3672,2516.6858,1881.3182,278.8191,200,921,0.9000,0.0500,10,10,0.0000,0
a-n60-k9.vrp,ga,1,1441.3672,2518.1902,1873.5833,291.4749,200,922,0.9000,0.0500,10,10,0.0000,0
a-n60-k9.vrp,ga,1,1441.3672,2580.5513,1887.2839,283.3082,200,923,0.9000,0.0500,10,10,0.0000,0
a-n60-k9.vrp,ga,1,1441.3672,2453.7808,1887.0906,279.7374,200,924,0.9000,0.0500,10,10,0.0000,0
a-n60-k9.vrp,ga,1,1441.3672,2473.5652,1875.8792,268.2949,200,925,0.9000,0.0500,10,10,0.0000,0
a-n60-k9.vrp,ga,1,1441.3672,2522.1133,1912.7216,274.9649,200,926,0.9000,0.0500,10,10,0.0000,0
a-n60-k9.vrp,ga,1,1441.3672,2445.7607,1886.0090,260.1759,200,927,0.9000,0.0500,10,10,0.0000,0
a-n60-k9.vrp,ga,1,1441.3672,2479.0620,1878.8302,271.5634,200,928,0.9000,0.0500,10,10,0.0000,0
a-n60-k9.vrp,ga,1,1441.3672,2494.7356,1876.5739,280.0419,200,929,0.9000,0.0500,10,10,0.0000,0
a-n60-k9.vrp,ga,1,1441.3672,2596.7009,1900.7528,273.5413,200,930,0.9000,0.0500,10,10,0.0000,0
a-n60-k9.vrp,ga,1,1441.3672,2474.0371,1852.6611,284.0991,200,931,0.9000,0.0500,10,10,0.0000,0
a-n60-k9.vrp,ga,1,1441.3672,2456.4597,1904.2280,269.8499,200,932,0.9000,0.0500,10,10,0.0000,0
a-n60-k9.vrp,ga,1,1441.3672,2444.6392,1900.2390,264.1130,200,933,0.9000,0.0500,10,10,0.0000,0
a-n60-k9.vrp,ga,1,1441.3672,2551.6587,1926.7689,272.9879,200,934,0.9000,0.0500,10,10,0.0000,0
a-n60-k9.vrp,ga,1,1441.3672,2499.0144,1901.3843,277.9364,200,935,0.9000,0.0500,10,10,0.0000,0
a-n60-k9.vrp,ga,1,1441.3672,2570.8049,1904.4633,279.5910,200,936,0.9000,0.0500,10,10,0.0000,0
a-n60-k9.vrp,ga,1,1441.3672,2547.2854,1963.6942,290.8267,200,937,0.9000,0.0500,10,10,0.0000,0
a-n60-k9.vrp,ga,1,1441.3672,2612.1013,1992.5846,269.3586,200,938,0.9000,0.0500,10,10,0.0000,0
a-n60-k9.vrp,ga,1,1441.3672,2784.7607,1951.9727,273.1080,200,939,0.9000,0.0500,10,10,0.0000,0
a-n60-k9.vrp,ga,1,1441.3672,2542.4990,1930.8097,270.1968,200,940,0.9000,0.0500,10,10,0.0000,0
a-n60-k9.vrp,ga,1,1441.3672,2672.0962,1946.7108,297.2001,200,941,0.9000,0.0500,10,10,0.0000,0
a-n60-k9.vrp,ga,1,1441.3672,2495.5220,1932.4655,278.4932,200,942,0.9000,0.0500,10,10,0.0000,0
a-n60-k9.vrp,ga,1,1441.3672,2432.8010,1900.9614,281.6841,200,943,0.9000,0.0500,10,10,0.0000,0
a-n60-k9.vrp,ga,1,1441.3672,2517.1440,1877.3186,280.6440,200,944,0.9000,0.0500,10,10,0.0000,0
a-n60-k9.vrp,ga,1,1441.3672,2552.0039,1866.5221,260.0619,200,945,0.9000,0.0500,10,10,0.0000,0
a-n60-k9.vrp,ga,1,1441.3672,2597.7363,1908.1697,287.2560,200,946,0.9000,0.0500,10,10,0.0000,0
a-n60-k9.vrp,ga,1,1441.3672,2493.3064,1923.7177,267.7892,200,947,0.9000,0.0500,10,10,0.0000,0
a-n60-k9.vrp,ga,1,1441.3672,2523.9287,1908.0065,286.8223,200,948,0.9000,0.0500,10,10,0.0000,0
a-n60-k9.vrp,ga,1,1441.3672,2546.4924,1921.0511,274.9256,200,949,0.9000,0.0500,10,10,0.0000,0
a-n60-k9.vrp,ga,1,1441.3672,2505.3301,1895.6639,278.4020,200,950,0.9000,0.0500,10,10,0.0000,0
a-n60-k9.vrp,ga,1,1441.3672,2503.5105,1908.9578,285.8780,200,951,0.9000,0.0500,10,10,0.0000,0
a-n60-k9.vrp,ga,1,1441.3672,2522.4016,1883.5422,289.5009,200,952,0.9000,0.0500,10,10,0.0000,0
a-n60-k9.vrp,ga,1,1441.3672,2480.9124,1859.9487,289.0467,200,953,0.9000,0.0500,10,10,0.0000,0
a-n60-k9.vrp,ga,1,1441.3672,2321.5798,1902.4647,268.5933,200,954,0.9000,0.0500,10,10,0.0000,0
a-n60-k9.vrp,ga,1,1441.3672,2542.4053,1911.0542,298.7244,200,955,0.9000,0.0500,10,10,0.0000,0
a-n60-k9.vrp,ga,1,1441.3672,2488.9792,1882.6422,291.6985,200,956,0.9000,0.0500,10,10,0.0000,0
a-n60-k9.vrp,ga,1,1441.3672,2477.7126,1907.2758,285.8611,200,957,0.9000,0.0500,10,10,0.0000,0
a-n60-k9.vrp,ga,1,1441.3672,2423.2234,1930.7064,281.4158,200,958,0.9000,0.0500,10,10,0.0000,0
a-n60-k9.vrp,ga,1,1441.3672,2447.2778,1935.4857,283.4715,200,959,0.9000,0.0500,10,10,0.0000,0
a-n60-k9.vrp,ga,1,1441.3672,2487.8330,1917.4474,291.1374,200,960,0.9000,0.0500,10,10,0.0000,0
a-n60-k9.vrp,ga,1,1441.3672,2528.0896,1952.1370,288.7941,200,961,0.9000,0.0500,10,10,0.0000,0
a-n60-k9.vrp,ga,1,1441.3672,2587.1599,1945.7191,282.6181,200,962,0.9000,0.0500,10,10,0.0000,0
a-n60-k9.vrp,ga,1,1441.3672,2499.9871,1956.9457,281.2911,200,963,0.9000,0.0500,10,10,0.0000,0
a-n60-k9.vrp,ga,1,1441.3672,2603.7019,1926.8738,288.0992,200,964,0.9000,0.0500,10,10,0.0000,0
a-n60-k9.vrp,ga,1,1441.3672,2605.3994,1950.2109,275.9002,200,965,0.9000,0.0500,10,10,0.0000,0
a-n60-k9.vrp,ga,1,1441.3672,2571.5615,1966.2129,274.9935,200,966,0.9000,0.0500,10,10,0.0000,0
a-n60-k9.vrp,ga,1,1441.3672,2617.5503,1944.6967,305.5557,200,967,0.9000,0.0500,10,10,0.0000,0
a-n60-k9.vrp,ga,1,1441.3672,2596.2642,1952.0043,300.6404,200,968,0.9000,0.0500,10,10,0.0000,0
a-n60-k9.vrp,ga,1,1441.3672,2679.0535,1973.1273,302.7542,200,969,0.9000,0.0500,10,10,0.0000,0
a-n60-k9.vrp,ga,1,1441.3672,2594.3079,1951.7231,315.6342,200,970,0.9000,0.0500,10,10,0.0000,0
a-n60-k9.vrp,ga,1,1441.3672,2688.8865,1947.2103,316.4638,200,971,0.9000,0.0500,10,10,0.0000,0
a-n60-k9.vrp,ga,1,1441.3672,2558.6216,1956.3020,313.9569,200,972,0.9000,0.0500,10,10,0.0000,0
a-n60-k9.vrp,ga,1,1441.3672,2589.7544,1958.9502,294.1455,200,973,0.9000,0.0500,10,10,0.0000,0
a-n60-k9.vrp,ga,1,1441.3672,2573.9023,1917.5747,321.8617,200,974,0.9000,0.0500,10,10,0.0000,0
a-n60-k9.vrp,ga,1,1441.3672,2634.8000,1973.7151,323.7992,200,975,0.9000,0.0500,10,10,0.0000,0
a-n60-k9.vrp,ga,1,1441.3672,2571.5952,1945.9698,286.2907,200,976,0.9000,0.0500,10,10,0.0000,0
a-n60-k9.vrp,ga,1,1441.3672,2535.5208,1922.3901,304.8304,200,977,0.9000,0.0500,10,10,0.0000,0
a-n60-k9.vrp,ga,1,1441.3672,2789.7009,1953.8367,296.2718,200,978,0.9000,0.0500,10,10,0.0000,0
a-n60-k9.vrp,ga,1,1441.3672,2848.9919,1957.0145,304.5227,200,979,0.9000,0.0500,10,10,0.0000,0
a-n60-k9.vrp,ga,1,1441.3672,2592.7170,1969.7126,326.9727,200,980,0.9000,0.0500,10,10,0.0000,0
a-n60-k9.vrp,ga,1,1441.3672,2624.0242,1941.7162,313.0075,200,981,0.9000,0.0500,10,10,0.0000,0
a-n60-k9.vrp,ga,1,1441.3672,2566.6565,1936.6953,314.1893,200,982,0.9000,0.0500,10,10,0.0000,0
a-n60-k9.vrp,ga,1,1441.3672,2449.7385,1931.7539,276.8049,200,983,0.9000,0.0500,10,10,0.0000,0
a-n60-k9.vrp,ga,1,1441.3672,2631.2397,1870.3722,302.6237,200,984,0.9000,0.0500,10,10,0.0000,0
a-n60-k9.vrp,ga,1,1441.3672,2582.3708,1936.5605,291.7705,200,985,0.9000,0.0500,10,10,0.0000,0
a-n60-k9.vrp,ga,1,1441.3672,2569.5840,1918.7310,292.5199,200,986,0.9000,0.0500,10,10,0.0000,0
a-n60-k9.vrp,ga,1,1441.3672,2545.9451,1895.5328,292.2622,200,987,0.9000,0.0500,10,10,0.0000,0
a-n60-k9.vrp,ga,1,1441.3672,2537.1177,1917.0150,289.4854,200,988,0.9000,0.0500,10,10,0.0000,0
a-n60-k9.vrp,ga,1,1441.3672,2786.7063,1899.4132,301.7859,200,989,0.9000,0.0500,10,10,0.0000,0
a-n60-k9.vrp,ga,1,1441.3672,2470.3738,1864.1478,305.5013,200,990,0.9000,0.0500,10,10,0.0000,0
a-n60-k9.vrp,ga,1,1441.3672,2515.8132,1871.3003,280.5967,200,991,0.9000,0.0500,10,10,0.0000,0
a-n60-k9.vrp,ga,1,1441.3672,2400.2288,1891.5275,271.0802,200,992,0.9000,0.0500,10,10,0.0000,0
a-n60-k9.vrp,ga,1,1441.3672,2546.9502,1906.7936,284.5717,200,993,0.9000,0.0500,10,10,0.0000,0
a-n60-k9.vrp,ga,1,1441.3672,2625.7354,1940.4069,272.6041,200,994,0.9000,0.0500,10,10,0.0000,0
a-n60-k9.vrp,ga,1,1441.3672,2598.8201,1932.1964,279.0868,200,995,0.9000,0.0500,10,10,0.0000,0
a-n60-k9.vrp,ga,1,1441.3672,2564.1409,1907.8101,279.1462,200,996,0.9000,0.0500,10,10,0.0000,0
a-n60-k9.vrp,ga,1,1441.3672,2506.3643,1939.3531,266.7093,200,997,0.9000,0.0500,10,10,0.0000,0
a-n60-k9.vrp,ga,1,1441.3672,2605.6433,1956.6913,298.9403,200,998,0.9000,0.0500,10,10,0.0000,0
a-n60-k9.vrp,ga,1,1441.3672,2658.2798,1963.0229,287.6935,200,999,0.9000,0.0500,10,10,0.0000,0
a-n60-k9.vrp,ga,1,1441.3672,2515.8918,1923.3762,284.2508,200,1000,0.9000,0.0500,10,10,0.0000,0
a-n60-k9.vrp,ga,1,1441.3672,2527.7729,1906.9801,305.3631,200,1001,0.9000,0.0500,10,10,0.0000,0
a-n60-k9.vrp,ga,1,1441.3672,2535.5039,1894.2706,299.3445,200,1002,0.9000,0.0500,10,10,0.0000,0
a-n60-k9.vrp,ga,1,1441.3672,2618.9248,1888.7095,279.0386,200,1003,0.9000,0.0500,10,10,0.0000,0
a-n60-k9.vrp,ga,1,1441.3672,2668.5457,1992.4651,291.5901,200,1004,0.9000,0.0500,10,10,0.0000,0
a-n60-k9.vrp,ga,1,1441.3672,2833.5757,1946.7205,296.0606,200,1005,0.9000,0.0500,10,10,0.0000,0
a-n60-k9.vrp,ga,1,1441.3672,2732.2410,1920.7474,304.4216,200,1006,0.9000,0.0500,10,10,0.0000,0
a-n60-k9.vrp,ga,1,1441.3672,2504.2341,1931.3760,286.3882,200,1007,0.9000,0.0500,10,10,0.0000,0
a-n60-k9.vrp,ga,1,1441.3672,2597.4812,1956.2365,294.9656,200,1008,0.9000,0.0500,10,10,0.0000,0
a-n60-k9.vrp,ga,1,1441.3672,2640.6934,1934.3999,287.8966,200,1009,0.9000,0.0500,10,10,0.0000,0
a-n60-k9.vrp,ga,1,1441.3672,2461.7791,1916.9768,282.9792,200,1010,0.9000,0.0500,10,10,0.0000,0
a-n60-k9.vrp,ga,1,1441.3672,2549.9419,1940.0643,295.4535,200,1011,0.9000,0.0500,10,10,0.0000,0
a-n60-k9.vrp,ga,1,1441.3672,2753.7458,1956.7609,303.8517,200,1012,0.9000,0.0500,10,10,0.0000,0
a-n60-k9.vrp,ga,1,1441.3672,2454.8354,1929.0615,294.3282,200,1013,0.9000,0.0500,10,10,0.0000,0
a-n60-k9.vrp,ga,1,1441.3672,2692.7412,1898.0991,324.8963,200,1014,0.9000,0.0500,10,10,0.0000,0
a-n60-k9.vrp,ga,1,1441.3672,2567.5137,1923.0927,299.5589,200,1015,0.9000,0.0500,10,10,0.0000,0
a-n60-k9.vrp,ga,1,1441.3672,2596.7937,1927.0792,295.5125,200,1016,0.9000,0.0500,10,10,0.0000,0
a-n60-k9.vrp,ga,1,1441.3672,2531.5281,1883.9729,294.5647,200,1017,0.9000,0.0500,10,10,0.0000,0
a-n60-k9.vrp,ga,1,1441.3672,2525.1738,1929.7015,276.7954,200,1018,0.9000,0.0500,10,10,0.0000,0
a-n60-k9.vrp,ga,1,1441.3672,2672.5898,1926.3619,292.6068,200,1019,0.9000,0.0500,10,10,0.0000,0
a-n60-k9.vrp,ga,1,1441.3672,2611.8003,1914.5729,288.7118,200,1020,0.9000,0.0500,10,10,0.0000,0
a-n60-k9.vrp,ga,1,1441.3672,2690.1443,1961.7968,285.3913,200,1021,0.9000,0.0500,10,10,0.0000,0
a-n60-k9.vrp,ga,1,1441.3672,2654.5991,1910.4087,287.6373,200,1022,0.9000,0.0500,10,10,0.0000,0
a-n60-k9.vrp,ga,1,1441.3672,2625.0354,1916.9271,297.7243,200,1023,0.9000,0.0500,10,10,0.0000,0
a-n60-k9.vrp,ga,1,1441.3672,2723.6270,1896.0382,296.8445,200,1024,0.9000,0.0500,10,10,0.0000,0
a-n60-k9.vrp,ga,1,1441.3672,2776.9907,1891.6851,307.7013,200,1025,0.9000,0.0500,10,10,0.0000,0
a-n60-k9.vrp,ga,1,1441.3672,2772.8916,1890.9613,324.9499,200,1026,0.9000,0.0500,10,10,0.0000,0
a-n60-k9.vrp,ga,1,1441.3672,2911.7402,1892.8649,310.9930,200,1027,0.9000,0.0500,10,10,0.0000,0
a-n60-k9.vrp,ga,1,1441.3672,2899.3188,1911.9502,304.6893,200,1028,0.9000,0.0500,10,10,0.0000,0
a-n60-k9.vrp,ga,1,1441.3672,2988.2144,1907.7159,311.6808,200,1029,0.9000,0.0500,10,10,0.0000,0
a-n60-k9.vrp,ga,1,1441.3672,2815.5479,1857.9202,319.6714,200,1030,0.9000,0.0500,10,10,0.0000,0
a-n60-k9.vrp,ga,1,1441.3672,2623.8398,1895.4135,291.2708,200,1031,0.9000,0.0500,10,10,0.0000,0
a-n60-k9.vrp,ga,1,1441.3672,2616.8806,1928.7106,285.8016,200,1032,0.9000,0.0500,10,10,0.0000,0
a-n60-k9.vrp,ga,1,1441.3672,2690.5210,1924.3438,301.2382,200,1033,0.9000,0.0500,10,10,0.0000,0
a-n60-k9.vrp,ga,1,1441.3672,2574.1194,1904.4666,291.8453,200,1034,0.9000,0.0500,10,10,0.0000,0
a-n60-k9.vrp,ga,1,1441.3672,2664.4141,1921.9988,291.3273,200,1035,0.9000,0.0500,10,10,0.0000,0
a-n60-k9.vrp,ga,1,1441.3672,2548.7771,1907.2689,282.4935,200,1036,0.9000,0.0500,10,10,0.0000,0
a-n60-k9.vrp,ga,1,1441.3672,2769.6450,1905.1965,302.5849,200,1037,0.9000,0.0500,10,10,0.0000,0
a-n60-k9.vrp,ga,1,1441.3672,2712.9214,1964.2526,313.2391,200,1038,0.9000,0.0500,10,10,0.0000,0
a-n60-k9.vrp,ga,1,1441.3672,2738.7754,1961.0211,295.3378,200,1039,0.9000,0.0500,10,10,0.0000,0
a-n60-k9.vrp,ga,1,1441.3672,2707.8540,1914.1047,311.5977,200,1040,0.9000,0.0500,10,10,0.0000,0
a-n60-k9.vrp,ga,1,1441.3672,2742.3123,1916.7527,318.4193,200,1041,0.9000,0.0500,10,10,0.0000,0
a-n60-k9.vrp,ga,1,1441.3672,2598.2451,1906.6868,310.3038,200,1042,0.9000,0.0500,10,10,0.0000,0
a-n60-k9.vrp,ga,1,1441.3672,2620.6565,1882.0878,302.5764,200,1043,0.9000,0.0500,10,10,0.0000,0
a-n60-k9.vrp,ga,1,1441.3672,2780.3376,1941.4417,306.3337,200,1044,0.9000,0.0500,10,10,0.0000,0
a-n60-k9.vrp,ga,1,1441.3672,2809.8464,1943.9359,331.6809,200,1045,0.9000,0.0500,10,10,0.0000,0
a-n60-k9.vrp,ga,1,1441.3672,2731.3682,1926.4581,302.7470,200,1046,0.9000,0.0500,10,10,0.0000,0
a-n60-k9.vrp,ga,1,1441.3672,2723.7581,1915.9237,326.1652,200,1047,0.9000,0.0500,10,10,0.0000,0
a-n60-k9.vrp,ga,1,1441.3672,2694.2822,1892.8517,327.8269,200,1048,0.9000,0.0500,10,10,0.0000,0
a-n60-k9.vrp,ga,1,1441.3672,2517.3599,1897.0638,290.5275,200,1049,0.9000,0.0500,10,10,0.0000,0
a-n60-k9.vrp,ga,1,1441.3672,2635.6252,1952.3010,298.5504,200,1050,0.9000,0.0500,10,10,0.0000,0
a-n60-k9.vrp,ga,1,1441.3672,2478.9541,1907.5341,277.3388,200,1051,0.9000,0.0500,10,10,0.0000,0
a-n60-k9.vrp,ga,1,1441.3672,2649.7397,1949.1038,292.5404,200,1052,0.9000,0.0500,10,10,0.0000,0
a-n60-k9.vrp,ga,1,1441.3672,2617.4663,1899.5847,314.3146,200,1053,0.9000,0.0500,10,10,0.0000,0
a-n60-k9.vrp,ga,1,1441.3672,2768.6064,1935.4171,301.9878,200,1054,0.9000,0.0500,10,10,0.0000,0
a-n60-k9.vrp,ga,1,1441.3672,2692.9246,1965.1233,295.3899,200,1055,0.9000,0.0500,10,10,0.0000,0
a-n60-k9.vrp,ga,1,1441.3672,2790.9734,1961.4423,307.9694,200,1056,0.9000,0.0500,10,10,0.0000,0
a-n60-k9.vrp,ga,1,1441.3672,2893.1494,1959.1244,321.3338,200,1057,0.9000,0.0500,10,10,0.0000,0
a-n60-k9.vrp,ga,1,1441.3672,2731.5505,1958.7892,312.8367,200,1058,0.9000,0.0500,10,10,0.0000,0
a-n60-k9.vrp,ga,1,1441.3672,2798.4302,1953.9840,304.5640,200,1059,0.9000,0.0500,10,10,0.0000,0
a-n60-k9.vrp,ga,1,1441.3672,2768.6064,1935.2754,332.4000,200,1060,0.9000,0.0500,10,10,0.0000,0
a-n60-k9.vrp,ga,1,1441.3672,2661.5264,1917.7028,287.4114,200,1061,0.9000,0.0500,10,10,0.0000,0
a-n60-k9.vrp,ga,1,1441.3672,2811.1448,1951.5889,316.6263,200,1062,0.9000,0.0500,10,10,0.0000,0
a-n60-k9.vrp,ga,1,1441.3672,2782.9617,1941.9902,315.4787,200,1063,0.9000,0.0500,10,10,0.0000,0
a-n60-k9.vrp,ga,1,1441.3672,2789.6250,1887.4927,320.5316,200,1064,0.9000,0.0500,10,10,0.0000,0
a-n60-k9.vrp,ga,1,1441.3672,2664.8884,1909.3308,279.2647,200,1065,0.9000,0.0500,10,10,0.0000,0
a-n60-k9.vrp,ga,1,1439.8569,2836.5942,1870.6124,293.0070,200,1066,0.9000,0.0500,10,10,0.0000,0
a-n60-k9.vrp,ga,1,1439.8569,2480.0552,1869.6034,290.4363,200,1067,0.9000,0.0500,10,10,0.0000,0
a-n60-k9.vrp,ga,1,1439.8569,2858.6450,1876.5907,285.1409,200,1068,0.9000,0.0500,10,10,0.0000,0
a-n60-k9.vrp,ga,1,1439.8569,2685.9741,1853.9138,286.5994,200,1069,0.9000,0.0500,10,10,0.0000,0
a-n60-k9.vrp,ga,1,1439.8569,2414.0474,1884.1241,273.3182,200,1070,0.9000,0.0500,10,10,0.0000,0
a-n60-k9.vrp,ga,1,1439.8569,2456.0227,1876.4076,282.7855,200,1071,0.9000,0.0500,10,10,0.0000,0
a-n60-k9.vrp,ga,1,1439.8569,2394.7224,1866.2854,266.7473,200,1072,0.9000,0.0500,10,10,0.0000,0
a-n60-k9.vrp,ga,1,1439.8569,2512.3164,1902.8607,299.1629,200,1073,0.9000,0.0500,10,10,0.0000,0
a-n60-k9.vrp,ga,1,1439.8569,2645.4258,1904.0623,291.7393,200,1074,0.9000,0.0500,10,10,0.0000,0
a-n60-k9.vrp,ga,1,1439.8569,2581.4937,1926.6332,273.0354,200,1075,0.9000,0.0500,10,10,0.0000,0
a-n60-k9.vrp,ga,1,1439.8569,2511.0916,1896.4609,260.3454,200,1076,0.9000,0.0500,10,10,0.0000,0
a-n60-k9.vrp,ga,1,1439.8569,2451.9075,1929.5103,301.5817,200,1077,0.9000,0.0500,10,10,0.0000,0
a-n60-k9.vrp,ga,1,1439.8569,2560.1597,1939.5857,274.6410,200,1078,0.9000,0.0500,10,10,0.0000,0
a-n60-k9.vrp,ga,1,1439.8569,2535.5334,1931.4886,285.1129,200,1079,0.9000,0.0500,10,10,0.0000,0
a-n60-k9.vrp,ga,1,1439.8569,2541.6313,1905.7587,300.1924,200,1080,0.9000,0.0500,10,10,0.0000,0
a-n60-k9.vrp,ga,1,1439.8569,2677.1917,1938.1815,299.9009,200,1081,0.9000,0.0500,10,10,0.0000,0
a-n60-k9.vrp,ga,1,1439.8569,2613.9080,1932.4347,281.8653,200,1082,0.9000,0.0500,10,10,0.0000,0
a-n60-k9.vrp,ga,1,1439.8569,2550.0588,1925.3645,292.3471,200,1083,0.9000,0.0500,10,10,0.0000,0
a-n60-k9.vrp,ga,1,1439.8569,2451.2949,1952.1993,276.6838,200,1084,0.9000,0.0500,10,10,0.0000,0
a-n60-k9.vrp,ga,1,1439.8569,2509.2156,1946.2428,283.0388,200,1085,0.9000,0.0500,10,10,0.0000,0
a-n60-k9.vrp,ga,1,1439.8569,2498.4207,1929.3883,290.4640,200,1086,0.9000,0.0500,10,10,0.0000,0
a-n60-k9.vrp,ga,1,1439.8569,2491.5300,1929.8802,293.7642,200,1087,0.9000,0.0500,10,10,0.0000,0
a-n60-k9.vrp,ga,1,1439.8569,2617.5920,1913.7578,294.9240,200,1088,0.9000,0.0500,10,10,0.0000,0
a-n60-k9.vrp,ga,1,1439.8569,2423.0090,1890.6593,280.0473,200,1089,0.9000,0.0500,10,10,0.0000,0
a-n60-k9.vrp,ga,1,1439.8569,2481.0059,1964.2781,273.8873,200,1090,0.9000,0.0500,10,10,0.0000,0
a-n60-k9.vrp,ga,1,1439.8569,2617.2908,1998.1923,289.5300,200,1091,0.9000,0.0500,10,10,0.0000,0
a-n60-k9.vrp,ga,1,1439.8569,2720.5947,1969.1030,308.5380,200,1092,0.9000,0.0500,10,10,0.0000,0
a-n60-k9.vrp,ga,1,1439.8569,2689.8208,1975.8394,317.6808,200,1093,0.9000,0.0500,10,10,0.0000,0
a-n60-k9.vrp,ga,1,1439.8569,2713.8484,1923.0732,299.2552,200,1094,0.9000,0.0500,10,10,0.0000,0
a-n60-k9.vrp,ga,1,1439.8569,2778.5679,1956.0782,322.7830,200,1095,0.9000,0.0500,10,10,0.0000,0
a-n60-k9.vrp,ga,1,1439.8569,2614.2456,1915.1871,274.6466,200,1096,0.9000,0.0500,10,10,0.0000,0
a-n60-k9.vrp,ga,1,1439.8569,2617.2908,1916.4285,273.0991,200,1097,0.9000,0.0500,10,10,0.0000,0
a-n60-k9.vrp,ga,1,1439.8569,2560.6160,1867.4968,274.8217,200,1098,0.9000,0.0500,10,10,0.0000,0
a-n60-k9.vrp,ga,1,1439.8569,2614.0183,1919.3394,274.4139,200,1099,0.9000,0.0500,10,10,0.0000,0
a-n60-k9.vrp,ga,1,1439.8569,2473.5232,1876.7570,276.5659,200,1100,0.9000,0.0500,10,10,0.0000,0
a-n60-k9.vrp,ga,1,1439.8569,2733.1880,1925.8694,292.4337,200,1101,0.9000,0.0500,10,10,0.0000,0
a-n60-k9.vrp,ga,1,1439.8569,2645.8340,1895.5823,302.3933,200,1102,0.9000,0.0500,10,10,0.0000,0
a-n60-k9.vrp,ga,1,1439.8569,2620.7639,1897.0748,308.9501,200,1103,0.9000,0.0500,10,10,0.0000,0
a-n60-k9.vrp,ga,1,1439.8569,2671.8279,1900.4131,290.0829,200,1104,0.9000,0.0500,10,10,0.0000,0
a-n60-k9.vrp,ga,1,1439.8569,2579.6616,1917.4150,298.6394,200,1105,0.9000,0.0500,10,10,0.0000,0
a-n60-k9.vrp,ga,1,1439.8569,2632.1372,1927.3120,302.6382,200,1106,0.9000,0.0500,10,10,0.0000,0
a-n60-k9.vrp,ga,1,1439.8569,2544.5703,1908.3768,288.9099,200,1107,0.9000,0.0500,10,10,0.0000,0
a-n60-k9.vrp,ga,1,1439.8569,2599.7043,1892.6233,287.3302,200,1108,0.9000,0.0500,10,10,0.0000,0
a-n60-k9.vrp,ga,1,1439.8569,2565.0261,1866.3281,303.7557,200,1109,0.9000,0.0500,10,10,0.0000,0
a-n60-k9.vrp,ga,1,1439.8569,2547.0471,1906.4332,279.9016,200,1110,0.9000,0.0500,10,10,0.0000,0
a-n60-k9.vrp,ga,1,1439.8569,2635.4910,1930.3475,301.0079,200,1111,0.9000,0.0500,10,10,0.0000,0
a-n60-k9.vrp,ga,1,1439.8569,2559.3936,1914.3553,274.4585,200,1112,0.9000,0.0500,10,10,0.0000,0
a-n60-k9.vrp,ga,1,1439.8569,2551.9512,1929.8903,278.6309,200,1113,0.9000,0.0500,10,10,0.0000,0
a-n60-k9.vrp,ga,1,1439.8569,2714.1711,1882.1921,293.7429,200,1114,0.9000,0.0500,10,10,0.0000,0
a-n60-k9.vrp,ga,1,1439.8569,2702.1057,1917.4209,276.0675,200,1115,0.9000,0.0500,10,10,0.0000,0
a-n60-k9.vrp,ga,1,1439.8569,2410.6777,1889.5215,264.0559,200,1116,0.9000,0.0500,10,10,0.0000,0
a-n60-k9.vrp,ga,1,1439.8569,2414.2744,1845.3163,270.9297,200,1117,0.9000,0.0500,10,10,0.0000,0
a-n60-k9.vrp,ga,1,1439.8569,2412.7607,1863.8501,276.0253,200,1118,0.9000,0.0500,10,10,0.0000,0
a-n60-k9.vrp,ga,1,1439.8569,2592.2278,1885.3868,288.0903,200,1119,0.9000,0.0500,10,10,0.0000,0
a-n60-k9.vrp,ga,1,1439.8569,2328.1560,1852.0778,265.5921,200,1120,0.9000,0.0500,10,10,0.0000,0
a-n60-k9.vrp,ga,1,1439.8569,2449.6309,1859.8242,272.6870,200,1121,0.9000,0.0500,10,10,0.0000,0
a-n60-k9.vrp,ga,1,1439.8569,2358.4810,1866.2686,257.0812,200,1122,0.9000,0.0500,10,10,0.0000,0
a-n60-k9.vrp,ga,1,1439.8569,2368.1270,1889.5079,270.0752,200,1123,0.9000,0.0500,10,10,0.0000,0
a-n60-k9.vrp,ga,1,1439.8569,2390.2847,1892.5312,274.4051,200,1124,0.9000,0.0500,10,10,0.0000,0
a-n60-k9.vrp,ga,1,1439.8569,2550.6887,1883.0726,266.5986,200,1125,0.9000,0.0500,10,10,0.0000,0
a-n60-k9.vrp,ga,1,1439.8569,2658.4163,1887.1168,269.8341,200,1126,0.9000,0.0500,10,10,0.0000,0
a-n60-k9.vrp,ga,1,1439.8569,2658.4163,1916.3895,281.7331,200,1127,0.9000,0.0500,10,10,0.0000,0
a-n60-k9.vrp,ga,1,1439.8569,2569.8938,1926.1962,272.1841,200,1128,0.9000,0.0500,10,10,0.0000,0
a-n60-k9.vrp,ga,1,1439.8569,2526.5305,1941.2083,252.6024,200,1129,0.9000,0.0500,10,10,0.0000,0
a-n60-k9.vrp,ga,1,1439.8569,2440.8220,1919.3511,285.3412,200,1130,0.9000,0.0500,10,10,0.0000,0
a-n60-k9.vrp,ga,1,1439.8569,2490.1196,1938.4701,266.1702,200,1131,0.9000,0.0500,10,10,0.0000,0
a-n60-k9.vrp,ga,1,1439.8569,2615.8184,1891.2391,277.6993,200,1132,0.9000,0.0500,10,10,0.0000,0
a-n60-k9.vrp,ga,1,1439.8569,2465.4878,1901.0243,267.7353,200,1133,0.9000,0.0500,10,10,0.0000,0
a-n60-k9.vrp,ga,1,1439.8569,2438.1909,1889.3966,264.5848,200,1134,0.9000,0.0500,10,10,0.0000,0
a-n60-k9.vrp,ga,1,1439.8569,2515.2629,1862.0146,275.9957,200,1135,0.9000,0.0500,10,10,0.0000,0
a-n60-k9.vrp,ga,1,1439.8569,2345.2151,1900.7163,258.7647,200,1136,0.9000,0.0500,10,10,0.0000,0
a-n60-k9.vrp,ga,1,1439.8569,2478.3936,1940.4160,285.5238,200,1137,0.9000,0.0500,10,10,0.0000,0
a-n60-k9.vrp,ga,1,1439.8569,2485.7717,1899.4653,264.7094,200,1138,0.9000,0.0500,10,10,0.0000,0
a-n60-k9.vrp,ga,1,1439.8569,2445.8625,1889.8726,266.0294,200,1139,0.9000,0.0500,10,10,0.0000,0
a-n60-k9.vrp,ga,1,1439.8569,2502.6201,1888.5887,272.9893,200,1140,0.9000,0.0500,10,10,0.0000,0
a-n60-k9.vrp,ga,1,1439.8569,2414.0889,1903.6517,257.9620,200,1141,0.9000,0.0500,10,10,0.0000,0
a-n60-k9.vrp,ga,1,1439.8569,2429.6865,1882.2468,274.7163,200,1142,0.9000,0.0500,10,10,0.0000,0
a-n60-k9.vrp,ga,1,1439.8569,2496.3057,1904.4042,281.4079,200,1143,0.9000,0.0500,10,10,0.0000,0
a-n60-k9.vrp,ga,1,1439.8569,2472.6785,1876.4628,260.8395,200,1144,0.9000,0.0500,10,10,0.0000,0
a-n60-k9.vrp,ga,1,1439.8569,2349.1956,1894.8771,273.5604,200,1145,0.9000,0.0500,10,10,0.0000,0
a-n60-k9.vrp,ga,1,1439.8569,2340.6301,1887.1451,256.4630,200,1146,0.9000,0.0500,10,10,0.0000,0
a-n60-k9.vrp,ga,1,1439.8569,2389.2566,1879.6875,263.8802,200,1147,0.9000,0.0500,10,10,0.0000,0
a-n60-k9.vrp,ga,1,1439.8569,2527.0388,1869.3619,294.9354,200,1148,0.9000,0.0500,10,10,0.0000,0
a-n60-k9.vrp,ga,1,1439.8569,2462.4773,1873.6732,246.1466,200,1149,0.9000,0.0500,10,10,0.0000,0
a-n60-k9.vrp,ga,1,1439.8569,2470.9189,1914.5718,259.8217,200,1150,0.9000,0.0500,10,10,0.0000,0
a-n60-k9.vrp,ga,1,1439.8569,2473.5732,1936.9086,262.8108,200,1151,0.9000,0.0500,10,10,0.0000,0
a-n60-k9.vrp,ga,1,1439.8569,2454.3877,1890.0438,282.7998,200,1152,0.9000,0.0500,10,10,0.0000,0
a-n60-k9.vrp,ga,1,1439.8569,2496.5913,1952.1071,282.2111,200,1153,0.9000,0.0500,10,10,0.0000,0
a-n60-k9.vrp,ga,1,1439.8569,2512.0796,1917.8107,273.8199,200,1154,0.9000,0.0500,10,10,0.0000,0
a-n60-k9.vrp,ga,1,1439.8569,2534.6372,1929.8762,282.4438,200,1155,0.9000,0.0500,10,10,0.0000,0
a-n60-k9.vrp,ga,1,1439.8569,2492.4580,1940.7150,279.7887,200,1156,0.9000,0.0500,10,10,0.0000,0
a-n60-k9.vrp,ga,1,1439.8569,2509.1086,1961.4392,280.0488,200,1157,0.9000,0.0500,10,10,0.0000,0
a-n60-k9.vrp,ga,1,1439.8569,2403.9470,1944.3329,265.2211,200,1158,0.9000,0.0500,10,10,0.0000,0
a-n60-k9.vrp,ga,1,1439.8569,2415.2451,1931.5775,262.7350,200,1159,0.9000,0.0500,10,10,0.0000,0
a-n60-k9.vrp,ga,1,1439.8569,2415.8750,1907.6091,258.1713,200,1160,0.9000,0.0500,10,10,0.0000,0
a-n60-k9.vrp,ga,1,1439.8569,2432.3948,1869.1014,283.6660,200,1161,0.9000,0.0500,10,10,0.0000,0
a-n60-k9.vrp,ga,1,1439.8569,2454.7388,1921.3168,273.4076,200,1162,0.9000,0.0500,10,10,0.0000,0
a-n60-k9.vrp,ga,1,1439.8569,2523.5928,1915.7571,267.1050,200,1163,0.9000,0.0500,10,10,0.0000,0
a-n60-k9.vrp,ga,1,1439.8569,2508.3845,1907.7758,274.4605,200,1164,0.9000,0.0500,10,10,0.0000,0
a-n60-k9.vrp,ga,1,1439.8569,2767.6311,1883.5242,291.6287,200,1165,0.9000,0.0500,10,10,0.0000,0
a-n60-k9.vrp,ga,1,1439.8569,2726.3098,1969.9388,278.5305,200,1166,0.9000,0.0500,10,10,0.0000,0
a-n60-k9.vrp,ga,1,1439.8569,2605.8203,1921.7502,291.0664,200,1167,0.9000,0.0500,10,10,0.0000,0
a-n60-k9.vrp,ga,1,1439.8569,2595.8032,1927.8298,285.0516,200,1168,0.9000,0.0500,10,10,0.0000,0
a-n60-k9.vrp,ga,1,1439.8569,2663.8479,1911.6398,292.8463,200,1169,0.9000,0.0500,10,10,0.0000,0
a-n60-k9.vrp,ga,1,1439.8569,2712.5288,1935.5481,293.4123,200,1170,0.9000,0.0500,10,10,0.0000,0
a-n60-k9.vrp,ga,1,1439.8569,2683.3516,1928.7421,300.0374,200,1171,0.9000,0.0500,10,10,0.0000,0
a-n60-k9.vrp,ga,1,1439.8569,2686.2068,1936.2526,297.2488,200,1172,0.9000,0.0500,10,10,0.0000,0
a-n60-k9.vrp,ga,1,1439.8569,2581.9207,1913.7739,317.3184,200,1173,0.9000,0.0500,10,10,0.0000,0
a-n60-k9.vrp,ga,1,1439.8569,2631.0264,1904.6752,283.8097,200,1174,0.9000,0.0500,10,10,0.0000,0
a-n60-k9.vrp,ga,1,1439.8569,2630.7710,1920.9049,307.7558,200,1175,0.9000,0.0500,10,10,0.0000,0
a-n60-k9.vrp,ga,1,1439.8569,2912.3486,1923.9169,290.6310,200,1176,0.9000,0.0500,10,10,0.0000,0
a-n60-k9.vrp,ga,1,1439.8569,2747.3867,1915.6034,293.7174,200,1177,0.9000,0.0500,10,10,0.0000,0
a-n60-k9.vrp,ga,1,1439.8569,2573.8093,1926.4675,277.7284,200,1178,0.9000,0.0500,10,10,0.0000,0
a-n60-k9.vrp,ga,1,1439.8569,2604.8611,1931.3195,294.3081,200,1179,0.9000,0.0500,10,10,0.0000,0
a-n60-k9.vrp,ga,1,1439.8569,2401.9287,1897.1199,281.0913,200,1180,0.9000,0.0500,10,10,0.0000,0
a-n60-k9.vrp,ga,1,1439.8569,2416.3921,1938.3319,254.6149,200,1181,0.9000,0.0500,10,10,0.0000,0
a-n60-k9.vrp,ga,1,1439.8569,2884.8943,1953.7622,296.8050,200,1182,0.9000,0.0500,10,10,0.0000,0
a-n60-k9.vrp,ga,1,1439.8569,2621.6953,1974.0221,293.6443,200,1183,0.9000,0.0500,10,10,0.0000,0
a-n60-k9.vrp,ga,1,1439.8569,2509.6135,1913.6577,282.7427,200,1184,0.9000,0.0500,10,10,0.0000,0
a-n60-k9.vrp,ga,1,1439.8569,2457.7222,1873.3519,269.9571,200,1185,0.9000,0.0500,10,10,0.0000,0
a-n60-k9.vrp,ga,1,1439.8569,2557.4004,1845.2097,262.3276,200,1186,0.9000,0.0500,10,10,0.0000,0
a-n60-k9.vrp,ga,1,1439.8569,2406.2017,1871.3016,270.9276,200,1187,0.9000,0.0500,10,10,0.0000,0
a-n60-k9.vrp,ga,1,1439.8569,2437.2695,1881.4124,269.1981,200,1188,0.9000,0.0500,10,10,0.0000,0
a-n60-k9.vrp,ga,1,1439.8569,2402.1807,1857.3303,258.2401,200,1189,0.9000,0.0500,10,10,0.0000,0
a-n60-k9.vrp,ga,1,1439.8569,2411.2703,1883.1584,263.5416,200,1190,0.9000,0.0500,10,10,0.0000,0
a-n60-k9.vrp,ga,1,1439.8569,2625.5752,1914.9636,273.1274,200,1191,0.9000,0.0500,10,10,0.0000,0
a-n60-k9.vrp,ga,1,1439.8569,2548.3528,1872.1936,275.3502,200,1192,0.9000,0.0500,10,10,0.0000,0
a-n60-k9.vrp,ga,1,1439.8569,2522.1523,1911.5746,280.9613,200,1193,0.9000,0.0500,10,10,0.0000,0
a-n60-k9.vrp,ga,1,1439.8569,2467.1265,1877.6661,271.7845,200,1194,0.9000,0.0500,10,10,0.0000,0
a-n60-k9.vrp,ga,1,1439.8569,2583.3315,1892.3024,289.3724,200,1195,0.9000,0.0500,10,10,0.0000,0
a-n60-k9.vrp,ga,1,1439.8569,2569.4099,1900.2548,284.4427,200,1196,0.9000,0.0500,10,10,0.0000,0
a-n60-k9.vrp,ga,1,1439.8569,2498.0981,1885.1344,281.5161,200,1197,0.9000,0.0500,10,10,0.0000,0
a-n60-k9.vrp,ga,1,1439.8569,2426.0020,1910.9553,265.3912,200,1198,0.9000,0.0500,10,10,0.0000,0
a-n60-k9.vrp,ga,1,1439.8569,2499.6943,1892.0925,266.0793,200,1199,0.9000,0.0500,10,10,0.0000,0
a-n60-k9.vrp,ga,1,1438.7957,2566.6714,1876.6272,268.1386,200,1200,0.9000,0.0500,10,10,0.0000,0
a-n60-k9.vrp,ga,1,1438.7957,2471.0608,1898.3235,279.9336,200,1201,0.9000,0.0500,10,10,0.0000,0
a-n60-k9.vrp,ga,1,1438.7957,2741.0903,1931.9587,278.3474,200,1202,0.9000,0.0500,10,10,0.0000,0
a-n60-k9.vrp,ga,1,1438.7957,2548.1497,1952.1666,288.3036,200,1203,0.9000,0.0500,10,10,0.0000,0
a-n60-k9.vrp,ga,1,1438.7957,2526.3306,1969.3513,272.8158,200,1204,0.9000,0.0500,10,10,0.0000,0
a-n60-k9.vrp,ga,1,1438.7957,2544.0691,1914.6177,279.5705,200,1205,0.9000,0.0500,10,10,0.0000,0
a-n60-k9.vrp,ga,1,1438.7957,2508.1216,1914.8105,299.3322,200,1206,0.9000,0.0500,10,10,0.0000,0
a-n60-k9.vrp,ga,1,1438.7957,2445.9436,1942.7821,261.4899,200,1207,0.9000,0.0500,10,10,0.0000,0
a-n60-k9.vrp,ga,1,1438.7957,2537.0986,1923.3549,289.4746,200,1208,0.9000,0.0500,10,10,0.0000,0
a-n60-k9.vrp,ga,1,1438.7957,2474.5129,1878.1194,270.1006,200,1209,0.9000,0.0500,10,10,0.0000,0
a-n60-k9.vrp,ga,1,1438.7957,2563.9121,1924.7615,278.0813,200,1210,0.9000,0.0500,10,10,0.0000,0
a-n60-k9.vrp,ga,1,1438.7957,2484.5022,1905.3719,285.1729,200,1211,0.9000,0.0500,10,10,0.0000,0
a-n60-k9.vrp,ga,1,1438.7957,2563.9121,1906.0082,276.3948,200,1212,0.9000,0.0500,10,10,0.0000,0
a-n60-k9.vrp,ga,1,1438.7957,2445.2512,1867.3169,273.0512,200,1213,0.9000,0.0500,10,10,0.0000,0
a-n60-k9.vrp,ga,1,1438.7957,2438.0122,1922.8542,271.4662,200,1214,0.9000,0.0500,10,10,0.0000,0
a-n60-k9.vrp,ga,1,1438.7957,2402.0542,1874.6432,268.8286,200,1215,0.9000,0.0500,10,10,0.0000,0
a-n60-k9.vrp,ga,1,1438.7957,2361.9497,1904.8544,269.7088,200,1216,0.9000,0.0500,10,10,0.0000,0
a-n60-k9.vrp,ga,1,1438.7957,2504.8416,1895.8315,275.3826,200,1217,0.9000,0.0500,10,10,0.0000,0
a-n60-k9.vrp,ga,1,1438.7957,2704.4753,1969.3394,302.9683,200,1218,0.9000,0.0500,10,10,0.0000,0
a-n60-k9.vrp,ga,1,1438.7957,2561.5278,1953.0264,283.1862,200,1219,0.9000,0.0500,10,10,0.0000,0
a-n60-k9.vrp,ga,1,1438.7957,2510.2981,1973.8641,289.1586,200,1220,0.9000,0.0500,10,10,0.0000,0
a-n60-k9.vrp,ga,1,1438.7957,2563.9121,1967.7797,286.9684,200,1221,0.9000,0.0500,10,10,0.0000,0
a-n60-k9.vrp,ga,1,1438.7957,2553.4570,1939.5028,295.6665,200,1222,0.9000,0.0500,10,10,0.0000,0
a-n60-k9.vrp,ga,1,1438.7957,2541.1816,1924.5353,279.0775,200,1223,0.9000,0.0500,10,10,0.0000,0
a-n60-k9.vrp,ga,1,1438.7957,2740.2375,1980.8217,308.0910,200,1224,0.9000,0.0500,10,10,0.0000,0
a-n60-k9.vrp,ga,1,1438.7957,2699.9763,1971.7775,307.0434,200,1225,0.9000,0.0500,10,10,0.0000,0
a-n60-k9.vrp,ga,1,1438.7957,2724.7405,1969.4117,321.6181,200,1226,0.9000,0.0500,10,10,0.0000,0
a-n60-k9.vrp,ga,1,1438.7957,2743.8362,1975.3850,336.6618,200,1227,0.9000,0.0500,10,10,0.0000,0
a-n60-k9.vrp,ga,1,1438.7957,2896.2769,1977.3674,320.7764,200,1228,0.9000,0.0500,10,10,0.0000,0
a-n60-k9.vrp,ga,1,1438.7957,2884.4128,1971.8101,343.3047,200,1229,0.9000,0.0500,10,10,0.0000,0
a-n60-k9.vrp,ga,1,1438.7957,2783.7756,1978.0219,333.9313,200,1230,0.9000,0.0500,10,10,0.0000,0
a-n60-k9.vrp,ga,1,1438.7957,2713.8052,1993.9088,329.5333,200,1231,0.9000,0.0500,10,10,0.0000,0
a-n60-k9.vrp,ga,1,1438.7957,2755.4688,1988.9907,315.6474,200,1232,0.9000,0.0500,10,10,0.0000,0
a-n60-k9.vrp,ga,1,1438.7957,2836.4302,2014.6407,330.6883,200,1233,0.9000,0.0500,10,10,0.0000,0
a-n60-k9.vrp,ga,1,1438.7957,2827.6138,2001.3898,325.3916,200,1234,0.9000,0.0500,10,10,0.0000,0
a-n60-k9.vrp,ga,1,1438.7957,2827.6633,1973.3475,317.4508,200,1235,0.9000,0.0500,10,10,0.0000,0
a-n60-k9.vrp,ga,1,1438.7957,2698.7112,1956.3143,295.9589,200,1236,0.9000,0.0500,10,10,0.0000,0
a-n60-k9.vrp,ga,1,1438.7957,2882.6997,1988.7385,342.6319,200,1237,0.9000,0.0500,10,10,0.0000,0
a-n60-k9.vrp,ga,1,1438.7957,3182.4976,2015.9504,346.3358,200,1238,0.9000,0.0500,10,10,0.0000,0
a-n60-k9.vrp,ga,1,1438.7957,2910.0938,1971.8955,355.8556,200,1239,0.9000,0.0500,10,10,0.0000,0
a-n60-k9.vrp,ga,1,1438.7957,2718.1279,1940.0973,307.8745,200,1240,0.9000,0.0500,10,10,0.0000,0
a-n60-k9.vrp,ga,1,1438.7957,2900.2065,1972.2972,326.9770,200,1241,0.9000,0.0500,10,10,0.0000,0
a-n60-k9.vrp,ga,1,1438.7957,2876.6763,1952.7583,353.8542,200,1242,0.9000,0.0500,10,10,0.0000,0
a-n60-k9.vrp,ga,1,1438.7957,2956.8513,1916.0380,325.1799,200,1243,0.9000,0.0500,10,10,0.0000,0
a-n60-k9.vrp,ga,1,1438.7957,2815.3936,1965.4818,319.9701,200,1244,0.9000,0.0500,10,10,0.0000,0
a-n60-k9.vrp,ga,1,1438.7957,2916.5671,1989.4398,340.2941,200,1245,0.9000,0.0500,10,10,0.0000,0
a-n60-k9.vrp,ga,1,1438.7957,2881.5486,1956.2686,316.6786,200,1246,0.9000,0.0500,10,10,0.0000,0
a-n60-k9.vrp,ga,1,1438.7957,2833.6714,2006.9042,351.6677,200,1247,0.9000,0.0500,10,10,0.0000,0
a-n60-k9.vrp,ga,1,1438.7957,2822.0881,1961.3698,339.2386,200,1248,0.9000,0.0500,10,10,0.0000,0
a-n60-k9.vrp,ga,1,1438.7957,2856.8779,1994.5980,344.9387,200,1249,0.9000,0.0500,10,10,0.0000,0
a-n60-k9.vrp,ga,1,1438.7957,2921.1011,1950.1606,317.4069,200,1250,0.9000,0.0500,10,10,0.0000,0
a-n60-k9.vrp,ga,1,1438.7957,2929.4915,1971.9167,335.9627,200,1251,0.9000,0.0500,10,10,0.0000,0
a-n60-k9.vrp,ga,1,1438.7957,2830.2371,1938.0970,315.9796,200,1252,0.9000,0.0500,10,10,0.0000,0
a-n60-k9.vrp,ga,1,1438.7957,2891.1143,1922.8282,316.1817,200,1253,0.9000,0.0500,10,10,0.0000,0
a-n60-k9.vrp,ga,1,1438.7957,2933.9395,1938.9180,310.0876,200,1254,0.9000,0.0500,10,10,0.0000,0
a-n60-k9.vrp,ga,1,1438.7957,2781.9521,1978.1724,317.0592,200,1255,0.9000,0.0500,10,10,0.0000,0
a-n60-k9.vrp,ga,1,1438.7957,2747.2314,2005.9235,335.1635,200,1256,0.9000,0.0500,10,10,0.0000,0
a-n60-k9.vrp,ga,1,1438.7957,2733.0833,1966.1967,310.7321,200,1257,0.9000,0.0500,10,10,0.0000,0
a-n60-k9.vrp,ga,1,1438.7957,2877.3145,1975.2935,340.5998,200,1258,0.9000,0.0500,10,10,0.0000,0
a-n60-k9.vrp,ga,1,1438.7957,2856.8779,1974.6385,326.2915,200,1259,0.9000,0.0500,10,10,0.0000,0
a-n60-k9.vrp,ga,1,1438.7957,2681.5967,1933.9568,297.1720,200,1260,0.9000,0.0500,10,10,0.0000,0
a-n60-k9.vrp,ga,1,1438.7957,2883.4741,1953.0752,301.7011,200,1261,0.9000,0.0500,10,10,0.0000,0
a-n60-k9.vrp,ga,1,1438.7957,2878.9189,1952.9454,317.9911,200,1262,0.9000,0.0500,10,10,0.0000,0
a-n60-k9.vrp,ga,1,1438.7957,2746.3884,1958.9127,288.5154,200,1263,0.9000,0.0500,10,10,0.0000,0
a-n60-k9.vrp,ga,1,1438.7957,2732.5261,1939.8187,299.4669,200,1264,0.9000,0.0500,10,10,0.0000,0
a-n60-k9.vrp,ga,1,1438.7957,2783.7085,1971.2756,318.8878,200,1265,0.9000,0.0500,10,10,0.0000,0
a-n60-k9.vrp,ga,1,1438.7957,2436.2095,1930.2885,267.7767,200,1266,0.9000,0.0500,10,10,0.0000,0
a-n60-k9.vrp,ga,1,1438.7957,2687.8325,1935.0194,298.7129,200,1267,0.9000,0.0500,10,10,0.0000,0
a-n60-k9.vrp,ga,1,1438.7957,2703.4492,1894.5836,291.7209,200,1268,0.9000,0.0500,10,10,0.0000,0
a-n60-k9.vrp,ga,1,1438.7957,2632.5437,1944.7773,299.8120,200,1269,0.9000,0.0500,10,10,0.0000,0
a-n60-k9.vrp,ga,1,1438.7957,2858.9207,1939.6978,319.9774,200,1270,0.9000,0.0500,10,10,0.0000,0
a-n60-k9.vrp,ga,1,1438.7957,2684.4885,1939.9159,285.6675,200,1271,0.9000,0.0500,10,10,0.0000,0
a-n60-k9.vrp,ga,1,1438.7957,2690.6296,1932.6755,302.1842,200,1272,0.9000,0.0500,10,10,0.0000,0
a-n60-k9.vrp,ga,1,1438.7957,2705.1079,1948.2430,277.7875,200,1273,0.9000,0.0500,10,10,0.0000,0
a-n60-k9.vrp,ga,1,1438.7957,2828.2170,1920.5564,315.1446,200,1274,0.9000,0.0500,10,10,0.0000,0
a-n60-k9.vrp,ga,1,1438.7957,2643.6038,1891.7512,306.8726,200,1275,0.9000,0.0500,10,10,0.0000,0
a-n60-k9.vrp,ga,1,1438.7957,2600.2852,1914.2365,283.8564,200,1276,0.9000,0.0500,10,10,0.0000,0
a-n60-k9.vrp,ga,1,1438.7957,2969.8206,1941.1697,318.9178,200,1277,0.9000,0.0500,10,10,0.0000,0
a-n60-k9.vrp,ga,1,1438.7957,2830.3391,1947.9821,305.3716,200,1278,0.9000,0.0500,10,10,0.0000,0
a-n60-k9.vrp,ga,1,1438.7957,2799.1836,1912.0677,301.0907,200,1279,0.9000,0.0500,10,10,0.0000,0
a-n60-k9.vrp,ga,1,1438.7957,2817.2327,1941.7596,308.1171,200,1280,0.9000,0.0500,10,10,0.0000,0
a-n60-k9.vrp,ga,1,1438.7957,2786.4910,1930.7942,308.4184,200,1281,0.9000,0.0500,10,10,0.0000,0
a-n60-k9.vrp,ga,1,1438.7957,2674.1074,1914.3827,297.4196,200,1282,0.9000,0.0500,10,10,0.0000,0
a-n60-k9.vrp,ga,1,1438.7957,2840.2598,1924.3805,306.8524,200,1283,0.9000,0.0500,10,10,0.0000,0
a-n60-k9.vrp,ga,1,1438.7957,2691.2915,1932.1227,306.5425,200,1284,0.9000,0.0500,10,10,0.0000,0
a-n60-k9.vrp,ga,1,1438.7957,2585.0271,1904.3663,305.7309,200,1285,0.9000,0.0500,10,10,0.0000,0
a-n60-k9.vrp,ga,1,1438.7957,2608.8894,1942.4316,275.7763,200,1286,0.9000,0.0500,10,10,0.0000,0
a-n60-k9.vrp,ga,1,1438.7957,2678.1689,1933.4438,298.2979,200,1287,0.9000,0.0500,10,10,0.0000,0
a-n60-k9.vrp,ga,1,1438.7957,3035.7900,1914.3662,333.5894,200,1288,0.9000,0.0500,10,10,0.0000,0
a-n60-k9.vrp,ga,1,1438.7957,2943.4241,1955.6160,286.2496,200,1289,0.9000,0.0500,10,10,0.0000,0
a-n60-k9.vrp,ga,1,1438.7957,2853.3779,1952.1969,317.8548,200,1290,0.9000,0.0500,10,10,0.0000,0
a-n60-k9.vrp,ga,1,1438.7957,2654.4438,1939.5581,300.3509,200,1291,0.9000,0.0500,10,10,0.0000,0
a-n60-k9.vrp,ga,1,1438.7957,2578.2078,1940.1254,304.2943,200,1292,0.9000,0.0500,10,10,0.0000,0
a-n60-k9.vrp,ga,1,1438.7957,2886.7085,1940.0444,308.3472,200,1293,0.9000,0.0500,10,10,0.0000,0
a-n60-k9.vrp,ga,1,1438.7957,2923.1978,2000.3923,307.9784,200,1294,0.9000,0.0500,10,10,0.0000,0
a-n60-k9.vrp,ga,1,1438.7957,2759.6572,1957.5278,309.7645,200,1295,0.9000,0.0500,10,10,0.0000,0
a-n60-k9.vrp,ga,1,1438.7957,2771.2551,1976.4570,315.1396,200,1296,0.9000,0.0500,10,10,0.0000,0
a-n60-k9.vrp,ga,1,1438.7957,2648.0034,1938.1735,295.3869,200,1297,0.9000,0.0500,10,10,0.0000,0
a-n60-k9.vrp,ga,1,1438.7957,2838.4749,1978.2292,294.9678,200,1298,0.9000,0.0500,10,10,0.0000,0
a-n60-k9.vrp,ga,1,1438.7957,2719.0061,1977.3552,287.1656,200,1299,0.9000,0.0500,10,10,0.0000,0
a-n60-k9.vrp,ga,1,1438.7957,2885.7134,1958.5864,306.8025,200,1300,0.9000,0.0500,10,10,0.0000,0
a-n60-k9.vrp,ga,1,1438.7957,2785.1536,1926.8638,329.5081,200,1301,0.9000,0.0500,10,10,0.0000,0
a-n60-k9.vrp,ga,1,1438.7957,2889.2900,1965.1537,319.3980,200,1302,0.9000,0.0500,10,10,0.0000,0
a-n60-k9.vrp,ga,1,1438.7957,2548.0359,1956.9489,283.0599,200,1303,0.9000,0.0500,10,10,0.0000,0
a-n60-k9.vrp,ga,1,1438.7957,2616.5715,1939.4515,304.3639,200,1304,0.9000,0.0500,10,10,0.0000,0
a-n60-k9.vrp,ga,1,1438.7957,2857.4524,1933.1949,333.6920,200,1305,0.9000,0.0500,10,10,0.0000,0
a-n60-k9.vrp,ga,1,1438.7957,2827.9070,1962.5234,323.6013,200,1306,0.9000,0.0500,10,10,0.0000,0
a-n60-k9.vrp,ga,1,1438.7957,2568.2141,1917.6475,309.7603,200,1307,0.9000,0.0500,10,10,0.0000,0
a-n60-k9.vrp,ga,1,1438.7957,2626.6802,1940.2382,292.8474,200,1308,0.9000,0.0500,10,10,0.0000,0
a-n60-k9.vrp,ga,1,1438.7957,2719.8899,1994.3990,277.2347,200,1309,0.9000,0.0500,10,10,0.0000,0
a-n60-k9.vrp,ga,1,1438.7957,2803.7874,1970.9939,310.4272,200,1310,0.9000,0.0500,10,10,0.0000,0
a-n60-k9.vrp,ga,1,1438.7957,2756.8035,1963.1880,314.7848,200,1311,0.9000,0.0500,10,10,0.0000,0
a-n60-k9.vrp,ga,1,1438.7957,2728.0491,1970.8262,304.5207,200,1312,0.9000,0.0500,10,10,0.0000,0
a-n60-k9.vrp,ga,1,1438.7957,2665.3601,1954.2744,298.2765,200,1313,0.9000,0.0500,10,10,0.0000,0
a-n60-k9.vrp,ga,1,1438.7957,2654.7681,1946.5861,296.5932,200,1314,0.9000,0.0500,10,10,0.0000,0
a-n60-k9.vrp,ga,1,1438.7957,2724.2776,1930.3575,332.7225,200,1315,0.9000,0.0500,10,10,0.0000,0
a-n60-k9.vrp,ga,1,1438.7957,2712.6870,1978.9423,302.5758,200,1316,0.9000,0.0500,10,10,0.0000,0
a-n60-k9.vrp,ga,1,1438.7957,2781.9521,1963.6915,307.8934,200,1317,0.9000,0.0500,10,10,0.0000,0
a-n60-k9.vrp,ga,1,1438.7957,2697.7246,1934.8622,302.9549,200,1318,0.9000,0.0500,10,10,0.0000,0
a-n60-k9.vrp,ga,1,1438.7957,2721.5955,1980.8691,303.6889,200,1319,0.9000,0.0500,10,10,0.0000,0
a-n60-k9.vrp,ga,1,1438.7957,2747.4900,1925.5176,297.8178,200,1320,0.9000,0.0500,10,10,0.0000,0
a-n60-k9.vrp,ga,1,1438.7957,2742.3591,1951.0648,298.2508,200,1321,0.9000,0.0500,10,10,0.0000,0
a-n60-k9.vrp,ga,1,1438.7957,2819.8118,1993.1735,308.8862,200,1322,0.9000,0.0500,10,10,0.0000,0
a-n60-k9.vrp,ga,1,1438.7957,2849.2864,1951.7620,339.8522,200,1323,0.9000,0.0500,10,10,0.0000,0
a-n60-k9.vrp,ga,1,1438.7957,2768.2715,1938.3503,317.4860,200,1324,0.9000,0.0500,10,10,0.0000,0
a-n60-k9.vrp,ga,1,1438.7957,2734.1653,1940.3053,286.3517,200,1325,0.9000,0.0500,10,10,0.0000,0
a-n60-k9.vrp,ga,1,1438.7957,2972.5505,1920.8811,329.6944,200,1326,0.9000,0.0500,10,10,0.0000,0
a-n60-k9.vrp,ga,1,1438.7957,2695.2297,1966.5854,306.2860,200,1327,0.9000,0.0500,10,10,0.0000,0
a-n60-k9.vrp,ga,1,1438.7957,2707.8950,1920.3491,320.6237,200,1328,0.9000,0.0500,10,10,0.0000,0
a-n60-k9.vrp,ga,1,1438.7957,2682.5837,1920.2413,293.5147,200,1329,0.9000,0.0500,10,10,0.0000,0
a-n60-k9.vrp,ga,1,1438.7957,2820.5625,1927.4399,288.1461,200,1330,0.9000,0.0500,10,10,0.0000,0
a-n60-k9.vrp,ga,1,1438.7957,2795.0371,1947.2495,293.0021,200,1331,0.9000,0.0500,10,10,0.0000,0
a-n60-k9.vrp,ga,1,1438.7957,2821.4775,1937.4539,306.9547,200,1332,0.9000,0.0500,10,10,0.0000,0
a-n60-k9.vrp,ga,1,1438.7957,2714.5813,1921.3872,286.0170,200,1333,0.9000,0.0500,10,10,0.0000,0
a-n60-k9.vrp,ga,1,1438.7957,2788.5139,1946.5178,299.0753,200,1334,0.9000,0.0500,10,10,0.0000,0
a-n60-k9.vrp,ga,1,1438.7957,2628.6199,1962.0284,264.0408,200,1335,0.9000,0.0500,10,10,0.0000,0
a-n60-k9.vrp,ga,1,1438.7957,2765.2180,1949.7072,296.1897,200,1336,0.9000,0.0500,10,10,0.0000,0
a-n60-k9.vrp,ga,1,1438.7957,2757.6746,1933.3396,303.0506,200,1337,0.9000,0.0500,10,10,0.0000,0
a-n60-k9.vrp,ga,1,1438.7957,2731.8457,1945.7469,298.9374,200,1338,0.9000,0.0500,10,10,0.0000,0
a-n60-k9.vrp,ga,1,1438.7957,2771.3096,1951.4606,307.7831,200,1339,0.9000,0.0500,10,10,0.0000,0
a-n60-k9.vrp,ga,1,1438.7957,2812.1260,1962.5093,299.5249,200,1340,0.9000,0.0500,10,10,0.0000,0
a-n60-k9.vrp,ga,1,1438.7957,3065.0713,1955.9796,316.7096,200,1341,0.9000,0.0500,10,10,0.0000,0
a-n60-k9.vrp,ga,1,1438.7957,2696.2319,1954.2389,304.2253,200,1342,0.9000,0.0500,10,10,0.0000,0
a-n60-k9.vrp,ga,1,1438.7957,2794.9536,1957.5536,307.8414,200,1343,0.9000,0.0500,10,10,0.0000,0
a-n60-k9.vrp,ga,1,1438.7957,2869.2092,1949.4408,323.0709,200,1344,0.9000,0.0500,10,10,0.0000,0
a-n60-k9.vrp,ga,1,1438.7957,2836.8218,1921.8405,319.8119,200,1345,0.9000,0.0500,10,10,0.0000,0
a-n60-k9.vrp,ga,1,1438.7957,2714.0911,1891.4355,309.6486,200,1346,0.9000,0.0500,10,10,0.0000,0
a-n60-k9.vrp,ga,1,1436.6027,2771.6653,1935.7054,310.7139,200,1347,0.9000,0.0500,10,10,0.0000,0
a-n60-k9.vrp,ga,1,1436.6027,2835.1809,1885.8025,317.0768,200,1348,0.9000,0.0500,10,10,0.0000,0
a-n60-k9.vrp,ga,1,1436.6027,2830.9751,1955.0288,285.0472,200,1349,0.9000,0.0500,10,10,0.0000,0
a-n60-k9.vrp,ga,1,1436.6027,2446.6948,1921.8352,278.0424,200,1350,0.9000,0.0500,10,10,0.0000,0
a-n60-k9.vrp,ga,1,1436.6027,2437.1177,1934.6147,282.4680,200,1351,0.9000,0.0500,10,10,0.0000,0
a-n60-k9.vrp,ga,1,1436.6027,2550.7822,1973.4452,306.6862,200,1352,0.9000,0.0500,10,10,0.0000,0
a-n60-k9.vrp,ga,1,1436.6027,2623.9138,1931.9504,284.4575,200,1353,0.9000,0.0500,10,10,0.0000,0
a-n60-k9.vrp,ga,1,1436.6027,2474.1262,1925.9227,277.2814,200,1354,0.9000,0.0500,10,10,0.0000,0
a-n60-k9.vrp,ga,1,1436.6027,2606.2712,1944.5022,305.0586,200,1355,0.9000,0.0500,10,10,0.0000,0
a-n60-k9.vrp,ga,1,1436.6027,2527.6580,1954.4733,290.4563,200,1356,0.9000,0.0500,10,10,0.0000,0
a-n60-k9.vrp,ga,1,1436.6027,2657.9255,1982.3326,304.7808,200,1357,0.9000,0.0500,10,10,0.0000,0
a-n60-k9.vrp,ga,1,1436.6027,2510.9158,1930.0675,293.1085,200,1358,0.9000,0.0500,10,10,0.0000,0
a-n60-k9.vrp,ga,1,1436.6027,2607.2932,1965.9764,294.2551,200,1359,0.9000,0.0500,10,10,0.0000,0
a-n60-k9.vrp,ga,1,1436.6027,2524.8052,1932.7612,289.0501,200,1360,0.9000,0.0500,10,10,0.0000,0
a-n60-k9.vrp,ga,1,1436.6027,2644.7795,1900.7083,290.7476,200,1361,0.9000,0.0500,10,10,0.0000,0
a-n60-k9.vrp,ga,1,1436.6027,2561.3279,1929.4111,303.8961,200,1362,0.9000,0.0500,10,10,0.0000,0
a-n60-k9.vrp,ga,1,1436.6027,2617.3350,1934.7623,326.2804,200,1363,0.9000,0.0500,10,10,0.0000,0
a-n60-k9.vrp,ga,1,1436.6027,2642.7571,1930.8146,319.2562,200,1364,0.9000,0.0500,10,10,0.0000,0
a-n60-k9.vrp,ga,1,1436.6027,2559.9634,1976.2102,310.3841,200,1365,0.9000,0.0500,10,10,0.0000,0
a-n60-k9.vrp,ga,1,1436.6027,2648.4814,1987.4637,301.8250,200,1366,0.9000,0.0500,10,10,0.0000,0
a-n60-k9.vrp,ga,1,1436.6027,2767.4097,1937.3373,307.8928,200,1367,0.9000,0.0500,10,10,0.0000,0
a-n60-k9.vrp,ga,1,1436.6027,2722.3311,1946.6207,305.6559,200,1368,0.9000,0.0500,10,10,0.0000,0
a-n60-k9.vrp,ga,1,1436.6027,2541.7681,1955.3837,297.7841,200,1369,0.9000,0.0500,10,10,0.0000,0
a-n60-k9.vrp,ga,1,1436.6027,2620.4998,1949.4438,324.4083,200,1370,0.9000,0.0500,10,10,0.0000,0
a-n60-k9.vrp,ga,1,1436.6027,2631.2942,1949.1215,319.2967,200,1371,0.9000,0.0500,10,10,0.0000,0
a-n60-k9.vrp,ga,1,1436.6027,2649.1135,2026.0128,290.9083,200,1372,0.9000,0.0500,10,10,0.0000,0
a-n60-k9.vrp,ga,1,1436.6027,2594.0874,1991.7887,304.4333,200,1373,0.9000,0.0500,10,10,0.0000,0
a-n60-k9.vrp,ga,1,1436.6027,2651.7673,1984.8033,321.1178,200,1374,0.9000,0.0500,10,10,0.0000,0
a-n60-k9.vrp,ga,1,1436.6027,2735.1694,1938.5079,316.0901,200,1375,0.9000,0.0500,10,10,0.0000,0
a-n60-k9.vrp,ga,1,1436.6027,2540.2925,1951.0819,300.4509,200,1376,0.9000,0.0500,10,10,0.0000,0
a-n60-k9.vrp,ga,1,1436.6027,2754.4839,1969.8434,297.8021,200,1377,0.9000,0.0500,10,10,0.0000,0
a-n60-k9.vrp,ga,1,1436.6027,2802.6265,1978.6844,357.3107,200,1378,0.9000,0.0500,10,10,0.0000,0
a-n60-k9.vrp,ga,1,1436.6027,2762.1450,1950.0408,338.3678,200,1379,0.9000,0.0500,10,10,0.0000,0
a-n60-k9.vrp,ga,1,1436.6027,2878.7253,1943.8610,336.2171,200,1380,0.9000,0.0500,10,10,0.0000,0
a-n60-k9.vrp,ga,1,1436.6027,2860.1069,1956.1914,351.6660,200,1381,0.9000,0.0500,10,10,0.0000,0
a-n60-k9.vrp,ga,1,1436.6027,2754.4839,1972.5369,296.3150,200,1382,0.9000,0.0500,10,10,0.0000,0
a-n60-k9.vrp,ga,1,1436.6027,2943.4888,1988.6907,323.5590,200,1383,0.9000,0.0500,10,10,0.0000,0
a-n60-k9.vrp,ga,1,1436.6027,2916.1704,1967.8302,369.6116,200,1384,0.9000,0.0500,10,10,0.0000,0
a-n60-k9.vrp,ga,1,1436.6027,2781.7578,1971.0056,353.8002,200,1385,0.9000,0.0500,10,10,0.0000,0
a-n60-k9.vrp,ga,1,1436.6027,2813.9231,1937.6523,332.4631,200,1386,0.9000,0.0500,10,10,0.0000,0
a-n60-k9.vrp,ga,1,1436.6027,2754.4839,1964.4453,312.7493,200,1387,0.9000,0.0500,10,10,0.0000,0
a-n60-k9.vrp,ga,1,1436.6027,2844.8101,2027.0062,356.6375,200,1388,0.9000,0.0500,10,10,0.0000,0
a-n60-k9.vrp,ga,1,1436.6027,2892.7659,1964.6161,342.3884,200,1389,0.9000,0.0500,10,10,0.0000,0
a-n60-k9.vrp,ga,1,1436.6027,2743.7427,1941.0980,334.8283,200,1390,0.9000,0.0500,10,10,0.0000,0
a-n60-k9.vrp,ga,1,1436.6027,2757.5293,1969.0438,312.1052,200,1391,0.9000,0.0500,10,10,0.0000,0
a-n60-k9.vrp,ga,1,1436.6027,2829.8835,2016.9449,349.6049,200,1392,0.9000,0.0500,10,10,0.0000,0
a-n60-k9.vrp,ga,1,1436.6027,2764.2371,1918.5135,305.8324,200,1393,0.9000,0.0500,10,10,0.0000,0
a-n60-k9.vrp,ga,1,1436.6027,2743.7427,1961.0358,268.5257,200,1394,0.9000,0.0500,10,10,0.0000,0
a-n60-k9.vrp,ga,1,1436.6027,2788.9373,1925.2072,304.8655,200,1395,0.9000,0.0500,10,10,0.0000,0
a-n60-k9.vrp,ga,1,1436.6027,2869.3743,1957.5385,320.9521,200,1396,0.9000,0.0500,10,10,0.0000,0
a-n60-k9.vrp,ga,1,1436.6027,2790.9661,1945.7977,323.2099,200,1397,0.9000,0.0500,10,10,0.0000,0
a-n60-k9.vrp,ga,1,1436.6027,2909.4426,1956.6375,326.5720,200,1398,0.9000,0.0500,10,10,0.0000,0
a-n60-k9.vrp,ga,1,1436.6027,2766.3159,1924.5829,330.0684,200,1399,0.9000,0.0500,10,10,0.0000,0
a-n60-k9.vrp,ga,1,1436.6027,2796.1882,1940.5020,320.8897,200,1400,0.9000,0.0500,10,10,0.0000,0
a-n60-k9.vrp,ga,1,1436.6027,2922.7988,1929.0616,326.0768,200,1401,0.9000,0.0500,10,10,0.0000,0
a-n60-k9.vrp,ga,1,1436.6027,2861.0820,1945.0859,308.5873,200,1402,0.9000,0.0500,10,10,0.0000,0
a-n60-k9.vrp,ga,1,1436.6027,2796.0193,1962.3237,327.2402,200,1403,0.9000,0.0500,10,10,0.0000,0
a-n60-k9.vrp,ga,1,1436.6027,2998.0808,1918.3887,307.0112,200,1404,0.9000,0.0500,10,10,0.0000,0
a-n60-k9.vrp,ga,1,1436.6027,2743.7427,1974.7719,309.2069,200,1405,0.9000,0.0500,10,10,0.0000,0
a-n60-k9.vrp,ga,1,1436.6027,2866.0422,1942.8153,323.3676,200,1406,0.9000,0.0500,10,10,0.0000,0
a-n60-k9.vrp,ga,1,1436.6027,2829.3699,1948.7770,325.0444,200,1407,0.9000,0.0500,10,10,0.0000,0
a-n60-k9.vrp,ga,1,1436.6027,2842.4275,1949.5521,315.6059,200,1408,0.9000,0.0500,10,10,0.0000,0
a-n60-k9.vrp,ga,1,1436.6027,2743.7427,1931.9100,328.6922,200,1409,0.9000,0.0500,10,10,0.0000,0
a-n60-k9.vrp,ga,1,1436.6027,2847.7695,1931.1105,326.5027,200,1410,0.9000,0.0500,10,10,0.0000,0
a-n60-k9.vrp,ga,1,1436.6027,2743.7427,1974.4116,334.5619,200,1411,0.9000,0.0500,10,10,0.0000,0
a-n60-k9.vrp,ga,1,1436.6027,2878.8259,1977.8743,312.8691,200,1412,0.9000,0.0500,10,10,0.0000,0
a-n60-k9.vrp,ga,1,1436.6027,2837.3523,2025.5450,315.3119,200,1413,0.9000,0.0500,10,10,0.0000,0
a-n60-k9.vrp,ga,1,1436.6027,2912.6934,1995.5658,330.1438,200,1414,0.9000,0.0500,10,10,0.0000,0
a-n60-k9.vrp,ga,1,1436.6027,2998.0808,1969.3546,320.4306,200,1415,0.9000,0.0500,10,10,0.0000,0
a-n60-k9.vrp,ga,1,1436.6027,2743.7427,1930.1379,318.8277,200,1416,0.9000,0.0500,10,10,0.0000,0
a-n60-k9.vrp,ga,1,1436.6027,2999.5723,1940.6102,323.9820,200,1417,0.9000,0.0500,10,10,0.0000,0
a-n60-k9.vrp,ga,1,1436.6027,2903.1890,1970.2653,330.2855,200,1418,0.9000,0.0500,10,10,0.0000,0
a-n60-k9.vrp,ga,1,1436.6027,2943.1272,1931.2887,320.6988,200,1419,0.9000,0.0500,10,10,0.0000,0
a-n60-k9.vrp,ga,1,1436.6027,2809.4426,1931.3413,326.2986,200,1420,0.9000,0.0500,10,10,0.0000,0
a-n60-k9.vrp,ga,1,1436.6027,3012.4221,1957.9778,334.7848,200,1421,0.9000,0.0500,10,10,0.0000,0
a-n60-k9.vrp,ga,1,1436.6027,2974.7549,1943.8243,327.0169,200,1422,0.9000,0.0500,10,10,0.0000,0
a-n60-k9.vrp,ga,1,1436.6027,2817.9841,1935.6825,343.2041,200,1423,0.9000,0.0500,10,10,0.0000,0
a-n60-k9.vrp,ga,1,1436.6027,2668.6008,1914.3496,292.8074,200,1424,0.9000,0.0500,10,10,0.0000,0
a-n60-k9.vrp,ga,1,1436.6027,2934.5188,1933.7190,333.4632,200,1425,0.9000,0.0500,10,10,0.0000,0
a-n60-k9.vrp,ga,1,1436.6027,2851.9529,1950.9907,318.4760,200,1426,0.9000,0.0500,10,10,0.0000,0
a-n60-k9.vrp,ga,1,1436.6027,2827.5715,1963.9860,302.3115,200,1427,0.9000,0.0500,10,10,0.0000,0
a-n60-k9.vrp,ga,1,1436.6027,2885.5093,1946.8546,318.0564,200,1428,0.9000,0.0500,10,10,0.0000,0
a-n60-k9.vrp,ga,1,1436.6027,3145.3977,1957.0793,335.5205,200,1429,0.9000,0.0500,10,10,0.0000,0
a-n60-k9.vrp,ga,1,1436.6027,2940.8430,1957.9591,351.6937,200,1430,0.9000,0.0500,10,10,0.0000,0
a-n60-k9.vrp,ga,1,1436.6027,2948.5701,1975.4447,297.8747,200,1431,0.9000,0.0500,10,10,0.0000,0
a-n60-k9.vrp,ga,1,1436.6027,2793.3198,1968.9679,307.3576,200,1432,0.9000,0.0500,10,10,0.0000,0
a-n60-k9.vrp,ga,1,1436.6027,2886.9155,1951.4707,344.8348,200,1433,0.9000,0.0500,10,10,0.0000,0
a-n60-k9.vrp,ga,1,1436.6027,2937.4365,1939.8514,318.8351,200,1434,0.9000,0.0500,10,10,0.0000,0
a-n60-k9.vrp,ga,1,1436.6027,2904.3706,1938.3778,334.1299,200,1435,0.9000,0.0500,10,10,0.0000,0
a-n60-k9.vrp,ga,1,1436.6027,2878.6797,1952.3610,299.9034,200,1436,0.9000,0.0500,10,10,0.0000,0
a-n60-k9.vrp,ga,1,1436.6027,2919.1504,1993.1207,328.7463,200,1437,0.9000,0.0500,10,10,0.0000,0
a-n60-k9.vrp,ga,1,1436.6027,2984.8813,1974.9056,331.1083,200,1438,0.9000,0.0500,10,10,0.0000,0
a-n60-k9.vrp,ga,1,1436.6027,2770.2979,1950.3584,322.7004,200,1439,0.9000,0.0500,10,10,0.0000,0
a-n60-k9.vrp,ga,1,1436.6027,3053.2039,2033.5139,337.1559,200,1440,0.9000,0.0500,10,10,0.0000,0
a-n60-k9.vrp,ga,1,1436.6027,2888.4175,2004.5369,344.9629,200,1441,0.9000,0.0500,10,10,0.0000,0
a-n60-k9.vrp,ga,1,1436.6027,3028.3386,1992.8162,319.0602,200,1442,0.9000,0.0500,10,10,0.0000,0
a-n60-k9.vrp,ga,1,1436.6027,2797.7800,1971.5922,321.8325,200,1443,0.9000,0.0500,10,10,0.0000,0
a-n60-k9.vrp,ga,1,1436.6027,2741.8513,1976.2781,301.6429,200,1444,0.9000,0.0500,10,10,0.0000,0
a-n60-k9.vrp,ga,1,1436.6027,2984.8813,1996.5240,348.9413,200,1445,0.9000,0.0500,10,10,0.0000,0
a-n60-k9.vrp,ga,1,1436.6027,2800.0464,1972.5829,320.6859,200,1446,0.9000,0.0500,10,10,0.0000,0
a-n60-k9.vrp,ga,1,1436.6027,3021.1162,2000.5908,338.5760,200,1447,0.9000,0.0500,10,10,0.0000,0
a-n60-k9.vrp,ga,1,1436.6027,2922.1833,1996.8772,313.4143,200,1448,0.9000,0.0500,10,10,0.0000,0
a-n60-k9.vrp,ga,1,1436.6027,2869.9744,1960.9604,331.4026,200,1449,0.9000,0.0500,10,10,0.0000,0
a-n60-k9.vrp,ga,1,1436.6027,3036.1511,1943.1729,334.2027,200,1450,0.9000,0.0500,10,10,0.0000,0
a-n60-k9.vrp,ga,1,1436.6027,2752.7302,1901.4675,343.5783,200,1451,0.9000,0.0500,10,10,0.0000,0
a-n60-k9.vrp,ga,1,1436.6027,2763.8071,1935.1232,329.8204,200,1452,0.9000,0.0500,10,10,0.0000,0
a-n60-k9.vrp,ga,1,1436.6027,3088.9329,1958.7019,345.5792,200,1453,0.9000,0.0500,10,10,0.0000,0
a-n60-k9.vrp,ga,1,1436.6027,2907.6484,1953.4524,351.0855,200,1454,0.9000,0.0500,10,10,0.0000,0
a-n60-k9.vrp,ga,1,1436.6027,2851.8572,1958.5356,354.2041,200,1455,0.9000,0.0500,10,10,0.0000,0
a-n60-k9.vrp,ga,1,1436.6027,2869.9744,1930.8179,324.3069,200,1456,0.9000,0.0500,10,10,0.0000,0
a-n60-k9.vrp,ga,1,1436.6027,3026.4685,1938.0785,319.8260,200,1457,0.9000,0.0500,10,10,0.0000,0
a-n60-k9.vrp,ga,1,1436.6027,3152.7126,1921.0565,355.2461,200,1458,0.9000,0.0500,10,10,0.0000,0
a-n60-k9.vrp,ga,1,1436.6027,2926.7231,1936.5312,340.7780,200,1459,0.9000,0.0500,10,10,0.0000,0
a-n60-k9.vrp,ga,1,1436.6027,2964.4685,1934.3479,320.5572,200,1460,0.9000,0.0500,10,10,0.0000,0
a-n60-k9.vrp,ga,1,1436.6027,2804.0715,1908.8580,330.7517,200,1461,0.9000,0.0500,10,10,0.0000,0
a-n60-k9.vrp,ga,1,1436.6027,2621.5601,1877.8151,337.9586,200,1462,0.9000,0.0500,10,10,0.0000,0
a-n60-k9.vrp,ga,1,1436.6027,2911.7712,1962.4011,309.6336,200,1463,0.9000,0.0500,10,10,0.0000,0
a-n60-k9.vrp,ga,1,1436.6027,2772.1743,1940.1644,336.5463,200,1464,0.9000,0.0500,10,10,0.0000,0
a-n60-k9.vrp,ga,1,1436.6027,2831.9558,1991.1307,326.9663,200,1465,0.9000,0.0500,10,10,0.0000,0
a-n60-k9.vrp,ga,1,1436.6027,2784.8840,1982.9296,304.3567,200,1466,0.9000,0.0500,10,10,0.0000,0
a-n60-k9.vrp,ga,1,1436.6027,2937.4365,1963.5153,321.1110,200,1467,0.9000,0.0500,10,10,0.0000,0
a-n60-k9.vrp,ga,1,1436.6027,2786.9802,1946.6655,290.4309,200,1468,0.9000,0.0500,10,10,0.0000,0
a-n60-k9.vrp,ga,1,1436.6027,2968.5750,1934.6696,332.4785,200,1469,0.9000,0.0500,10,10,0.0000,0
a-n60-k9.vrp,ga,1,1436.6027,2987.6072,1974.2645,326.4060,200,1470,0.9000,0.0500,10,10,0.0000,0
a-n60-k9.vrp,ga,1,1436.6027,2618.6494,1957.6016,323.2525,200,1471,0.9000,0.0500,10,10,0.0000,0
a-n60-k9.vrp,ga,1,1436.6027,2716.2080,1979.6416,317.8267,200,1472,0.9000,0.0500,10,10,0.0000,0
a-n60-k9.vrp,ga,1,1436.6027,2937.4365,1956.9811,313.5763,200,1473,0.9000,0.0500,10,10,0.0000,0
a-n60-k9.vrp,ga,1,1436.6027,2798.3433,1973.1799,321.4634,200,1474,0.9000,0.0500,10,10,0.0000,0
a-n60-k9.vrp,ga,1,1436.6027,2812.6130,1914.4910,307.6341,200,1475,0.9000,0.0500,10,10,0.0000,0
a-n60-k9.vrp,ga,1,1436.6027,3003.3987,1951.9955,326.4711,200,1476,0.9000,0.0500,10,10,0.0000,0
a-n60-k9.vrp,ga,1,1436.6027,2675.4824,1904.5055,322.0820,200,1477,0.9000,0.0500,10,10,0.0000,0
a-n60-k9.vrp,ga,1,1436.6027,2966.4753,1935.0339,304.5021,200,1478,0.9000,0.0500,10,10,0.0000,0
a-n60-k9.vrp,ga,1,1436.6027,2987.6072,1971.4722,325.7501,200,1479,0.9000,0.0500,10,10,0.0000,0
a-n60-k9.vrp,ga,1,1436.6027,2851.9529,1942.3514,313.6257,200,1480,0.9000,0.0500,10,10,0.0000,0
a-n60-k9.vrp,ga,1,1436.6027,2830.1855,1942.7378,318.5117,200,1481,0.9000,0.0500,10,10,0.0000,0
a-n60-k9.vrp,ga,1,1436.6027,2948.5701,1867.7284,328.5814,200,1482,0.9000,0.0500,10,10,0.0000,0
a-n60-k9.vrp,ga,1,1436.6027,2931.0957,1960.3887,329.6480,200,1483,0.9000,0.0500,10,10,0.0000,0
a-n60-k9.vrp,ga,1,1436.6027,2789.6824,1955.2723,347.8546,200,1484,0.9000,0.0500,10,10,0.0000,0
a-n60-k9.vrp,ga,1,1436.6027,2741.8230,1893.6495,310.4232,200,1485,0.9000,0.0500,10,10,0.0000,0
a-n60-k9.vrp,ga,1,1436.6027,2877.7305,1946.0764,296.0318,200,1486,0.9000,0.0500,10,10,0.0000,0
a-n60-k9.vrp,ga,1,1436.6027,2981.8440,1939.3585,322.6515,200,1487,0.9000,0.0500,10,10,0.0000,0
a-n60-k9.vrp,ga,1,1436.6027,2823.9851,1961.1696,294.4979,200,1488,0.9000,0.0500,10,10,0.0000,0
a-n60-k9.vrp,ga,1,1436.6027,2614.0488,1866.7042,295.4292,200,1489,0.9000,0.0500,10,10,0.0000,0
a-n60-k9.vrp,ga,1,1436.6027,2948.5701,1944.0885,306.9464,200,1490,0.9000,0.0500,10,10,0.0000,0
a-n60-k9.vrp,ga,1,1436.6027,3010.0547,1971.9207,333.0371,200,1491,0.9000,0.0500,10,10,0.0000,0
a-n60-k9.vrp,ga,1,1436.6027,2552.3091,1883.6685,304.5568,200,1492,0.9000,0.0500,10,10,0.0000,0
a-n60-k9.vrp,ga,1,1436.6027,2736.9275,1873.8978,320.2297,200,1493,0.9000,0.0500,10,10,0.0000,0
a-n60-k9.vrp,ga,1,1436.6027,2943.1272,1941.0701,299.8825,200,1494,0.9000,0.0500,10,10,0.0000,0
a-n60-k9.vrp,ga,1,1436.6027,2860.1877,1920.0343,290.0451,200,1495,0.9000,0.0500,10,10,0.0000,0
a-n60-k9.vrp,ga,1,1436.6027,2654.6553,1892.8583,294.4698,200,1496,0.9000,0.0500,10,10,0.0000,0
a-n60-k9.vrp,ga,1,1436.6027,2964.4685,1923.7838,321.1040,200,1497,0.9000,0.0500,10,10,0.0000,0
a-n60-k9.vrp,ga,1,1436.6027,2948.5701,1897.2733,308.0930,200,1498,0.9000,0.0500,10,10,0.0000,0
a-n60-k9.vrp,ga,1,1436.6027,2825.4309,1906.9666,292.0855,200,1499,0.9000,0.0500,10,10,0.0000,0
a-n60-k9.vrp,ga,1,1436.6027,2773.4893,1920.9487,306.6741,200,1500,0.9000,0.0500,10,10,0.0000,0
a-n60-k9.vrp,ga,1,1436.6027,2800.1509,1924.4690,305.1935,200,1501,0.9000,0.0500,10,10,0.0000,0
a-n60-k9.vrp,ga,1,1436.6027,2765.3306,1918.6227,313.9369,200,1502,0.9000,0.0500,10,10,0.0000,0
a-n60-k9.vrp,ga,1,1436.6027,2730.6130,1966.1804,290.8581,200,1503,0.9000,0.0500,10,10,0.0000,0
a-n60-k9.vrp,ga,1,1436.6027,3145.3977,1957.5679,319.6941,200,1504,0.9000,0.0500,10,10,0.0000,0
a-n60-k9.vrp,ga,1,1436.6027,2681.5027,1892.6777,279.0869,200,1505,0.9000,0.0500,10,10,0.0000,0
a-n60-k9.vrp,ga,1,1436.6027,3106.2783,1900.2301,319.1080,200,1506,0.9000,0.0500,10,10,0.0000,0
a-n60-k9.vrp,ga,1,1436.6027,2547.1389,1917.9108,287.7588,200,1507,0.9000,0.0500,10,10,0.0000,0
a-n60-k9.vrp,ga,1,1436.6027,2794.5940,1942.2759,279.0432,200,1508,0.9000,0.0500,10,10,0.0000,0
a-n60-k9.vrp,ga,1,1436.6027,2695.0884,1962.6737,280.4200,200,1509,0.9000,0.0500,10,10,0.0000,0
a-n60-k9.vrp,ga,1,1436.6027,2798.3433,1919.9948,291.8214,200,1510,0.9000,0.0500,10,10,0.0000,0
a-n60-k9.vrp,ga,1,1436.6027,2984.8813,1942.3774,310.5857,200,1511,0.9000,0.0500,10,10,0.0000,0
a-n60-k9.vrp,ga,1,1436.6027,2774.5166,1924.9600,285.6286,200,1512,0.9000,0.0500,10,10,0.0000,0
a-n60-k9.vrp,ga,1,1436.6027,2795.2214,1933.9175,309.5153,200,1513,0.9000,0.0500,10,10,0.0000,0
a-n60-k9.vrp,ga,1,1436.6027,2707.8411,1928.1439,294.9478,200,1514,0.9000,0.0500,10,10,0.0000,0
a-n60-k9.vrp,ga,1,1436.6027,3013.9050,1912.8950,323.4978,200,1515,0.9000,0.0500,10,10,0.0000,0
a-n60-k9.vrp,ga,1,1436.6027,2862.9114,1924.2764,286.0486,200,1516,0.9000,0.0500,10,10,0.0000,0
a-n60-k9.vrp,ga,1,1436.6027,2775.2288,1961.9417,290.7751,200,1517,0.9000,0.0500,10,10,0.0000,0
a-n60-k9.vrp,ga,1,1436.6027,2796.1443,1933.8102,311.7850,200,1518,0.9000,0.0500,10,10,0.0000,0
a-n60-k9.vrp,ga,1,1436.6027,2661.1404,1913.1772,310.1137,200,1519,0.9000,0.0500,10,10,0.0000,0
a-n60-k9.vrp,ga,1,1436.6027,2752.7888,1936.2556,295.1815,200,1520,0.9000,0.0500,10,10,0.0000,0
a-n60-k9.vrp,ga,1,1436.6027,2737.8125,1910.0842,283.6542,200,1521,0.9000,0.0500,10,10,0.0000,0
a-n60-k9.vrp,ga,1,1436.6027,2562.9097,1868.7325,277.7013,200,1522,0.9000,0.0500,10,10,0.0000,0
a-n60-k9.vrp,ga,1,1436.6027,2618.1663,1948.8342,293.6736,200,1523,0.9000,0.0500,10,10,0.0000,0
a-n60-k9.vrp,ga,1,1436.6027,2673.7988,1947.2223,300.4166,200,1524,0.9000,0.0500,10,10,0.0000,0
a-n60-k9.vrp,ga,1,1436.6027,2729.3564,1929.6854,290.8484,200,1525,0.9000,0.0500,10,10,0.0000,0
a-n60-k9.vrp,ga,1,1436.6027,2803.9976,1959.0242,295.2026,200,1526,0.9000,0.0500,10,10,0.0000,0
a-n60-k9.vrp,ga,1,1436.6027,2740.0791,1954.5938,295.3395,200,1527,0.9000,0.0500,10,10,0.0000,0
a-n60-k9.vrp,ga,1,1436.6027,2761.5144,1920.0814,309.6801,200,1528,0.9000,0.0500,10,10,0.0000,0
a-n60-k9.vrp,ga,1,1436.6027,2747.7300,1902.1248,309.6107,200,1529,0.9000,0.0500,10,10,0.0000,0
a-n60-k9.vrp,ga,1,1436.6027,2757.1685,1945.0654,294.2928,200,1530,0.9000,0.0500,10,10,0.0000,0
a-n60-k9.vrp,ga,1,1436.6027,2703.1917,1920.3126,315.0046,200,1531,0.9000,0.0500,10,10,0.0000,0
a-n60-k9.vrp,ga,1,1436.6027,2836.3235,1949.0820,305.9631,200,1532,0.9000,0.0500,10,10,0.0000,0
a-n60-k9.vrp,ga,1,1436.6027,2840.8933,1905.9667,293.6402,200,1533,0.9000,0.0500,10,10,0.0000,0
a-n60-k9.vrp,ga,1,1436.6027,2659.5979,1963.6482,291.3163,200,1534,0.9000,0.0500,10,10,0.0000,0
a-n60-k9.vrp,ga,1,1436.6027,2936.4053,1970.2219,320.1036,200,1535,0.9000,0.0500,10,10,0.0000,0
a-n60-k9.vrp,ga,1,1436.6027,2729.5708,1941.1118,286.8506,200,1536,0.9000,0.0500,10,10,0.0000,0
a-n60-k9.vrp,ga,1,1436.6027,2736.4280,1929.4282,299.1060,200,1537,0.9000,0.0500,10,10,0.0000,0
a-n60-k9.vrp,ga,1,1436.6027,2969.0347,1916.2720,314.6585,200,1538,0.9000,0.0500,10,10,0.0000,0
a-n60-k9.vrp,ga,1,1436.6027,2785.8982,1941.7822,319.2366,200,1539,0.9000,0.0500,10,10,0.0000,0
a-n60-k9.vrp,ga,1,1436.6027,2856.8655,1922.5200,298.1899,200,1540,0.9000,0.0500,10,10,0.0000,0
a-n60-k9.vrp,ga,1,1436.6027,2846.7957,1947.4125,304.8322,200,1541,0.9000,0.0500,10,10,0.0000,0
a-n60-k9.vrp,ga,1,1436.6027,2788.0430,1939.0616,288.1854,200,1542,0.9000,0.0500,10,10,0.0000,0
a-n60-k9.vrp,ga,1,1436.6027,2955.4475,1965.0234,300.7617,200,1543,0.9000,0.0500,10,10,0.0000,0
a-n60-k9.vrp,ga,1,1436.6027,2995.2402,1981.0800,302.3639,200,1544,0.9000,0.0500,10,10,0.0000,0
a-n60-k9.vrp,ga,1,1436.6027,2783.6499,1933.4297,310.0429,200,1545,0.9000,0.0500,10,10,0.0000,0
a-n60-k9.vrp,ga,1,1436.6027,2897.1240,1945.5194,316.1732,200,1546,0.9000,0.0500,10,10,0.0000,0
a-n60-k9.vrp,ga,1,1436.6027,2983.9829,1954.1481,297.5318,200,1547,0.9000,0.0500,10,10,0.0000,0
a-n60-k9.vrp,ga,1,1436.6027,2935.6482,1945.6555,329.4555,200,1548,0.9000,0.0500,10,10,0.0000,0
a-n60-k9.vrp,ga,1,1436.6027,2948.2593,1954.8120,317.7105,200,1549,0.9000,0.0500,10,10,0.0000,0
a-n60-k9.vrp,ga,1,1436.6027,2708.3352,1964.2776,305.9727,200,1550,0.9000,0.0500,10,10,0.0000,0
a-n60-k9.vrp,ga,1,1436.6027,2948.9531,1958.9700,330.9871,200,1551,0.9000,0.0500,10,10,0.0000,0
a-n60-k9.vrp,ga,1,1436.6027,2913.7627,1949.8367,323.6706,200,1552,0.9000,0.0500,10,10,0.0000,0
a-n60-k9.vrp,ga,1,1436.6027,2779.9609,1975.4779,294.4504,200,1553,0.9000,0.0500,10,10,0.0000,0
a-n60-k9.vrp,ga,1,1436.6027,2727.8528,1942.1476,308.4207,200,1554,0.9000,0.0500,10,10,0.0000,0
a-n60-k9.vrp,ga,1,1436.6027,2717.2161,1943.9098,311.0683,200,1555,0.9000,0.0500,10,10,0.0000,0
a-n60-k9.vrp,ga,1,1436.6027,2723.0334,1938.9659,305.6992,200,1556,0.9000,0.0500,10,10,0.0000,0
a-n60-k9.vrp,ga,1,1436.6027,2994.5825,1939.9762,315.5338,200,1557,0.9000,0.0500,10,10,0.0000,0
a-n60-k9.vrp,ga,1,1436.6027,2975.6299,1923.1327,316.5078,200,1558,0.9000,0.0500,10,10,0.0000,0
a-n60-k9.vrp,ga,1,1436.6027,3161.4043,2015.7661,314.3730,200,1559,0.9000,0.0500,10,10,0.0000,0
a-n60-k9.vrp,ga,1,1436.6027,2997.9224,1976.2678,296.3748,200,1560,0.9000,0.0500,10,10,0.0000,0
a-n60-k9.vrp,ga,1,1436.6027,2813.0757,1980.2203,306.3956,200,1561,0.9000,0.0500,10,10,0.0000,0
a-n60-k9.vrp,ga,1,1436.6027,2989.2715,1994.9276,313.8330,200,1562,0.9000,0.0500,10,10,0.0000,0
a-n60-k9.vrp,ga,1,1436.6027,2968.7383,1921.3752,319.4103,200,1563,0.9000,0.0500,10,10,0.0000,0
a-n60-k9.vrp,ga,1,1436.6027,2811.3333,1952.1781,304.8302,200,1564,0.9000,0.0500,10,10,0.0000,0
a-n60-k9.vrp,ga,1,1436.6027,2797.3071,1974.5892,311.0197,200,1565,0.9000,0.0500,10,10,0.0000,0
a-n60-k9.vrp,ga,1,1436.6027,2715.4177,1956.8855,303.2016,200,1566,0.9000,0.0500,10,10,0.0000,0
a-n60-k9.vrp,ga,1,1436.6027,2780.5884,1964.7167,328.3191,200,1567,0.9000,0.0500,10,10,0.0000,0
a-n60-k9.vrp,ga,1,1436.6027,2695.3743,1973.0345,302.2607,200,1568,0.9000,0.0500,10,10,0.0000,0
a-n60-k9.vrp,ga,1,1436.6027,2873.8821,1960.9108,313.8691,200,1569,0.9000,0.0500,10,10,0.0000,0
a-n60-k9.vrp,ga,1,1436.6027,2900.4426,1916.2789,328.5104,200,1570,0.9000,0.0500,10,10,0.0000,0
a-n60-k9.vrp,ga,1,1436.6027,2841.0571,1955.9434,306.6945,200,1571,0.9000,0.0500,10,10,0.0000,0
a-n60-k9.vrp,ga,1,1436.6027,2815.2576,1932.0624,337.2981,200,1572,0.9000,0.0500,10,10,0.0000,0
a-n60-k9.vrp,ga,1,1436.6027,2660.5271,1911.5974,311.2696,200,1573,0.9000,0.0500,10,10,0.0000,0
a-n60-k9.vrp,ga,1,1436.6027,2785.1289,1961.5017,318.3291,200,1574,0.9000,0.0500,10,10,0.0000,0
a-n60-k9.vrp,ga,1,1436.6027,2957.3569,1929.1354,334.4227,200,1575,0.9000,0.0500,10,10,0.0000,0
a-n60-k9.vrp,ga,1,1436.6027,2693.5540,1921.3308,325.3825,200,1576,0.9000,0.0500,10,10,0.0000,0
a-n60-k9.vrp,ga,1,1436.6027,3136.5049,1938.2986,297.5527,200,1577,0.9000,0.0500,10,10,0.0000,0
a-n60-k9.vrp,ga,1,1436.6027,2814.2500,1940.7939,297.1397,200,1578,0.9000,0.0500,10,10,0.0000,0
a-n60-k9.vrp,ga,1,1436.6027,2941.3030,1940.3783,330.8055,200,1579,0.9000,0.0500,10,10,0.0000,0
a-n60-k9.vrp,ga,1,1436.6027,2851.1260,1990.4418,317.4269,200,1580,0.9000,0.0500,10,10,0.0000,0
a-n60-k9.vrp,ga,1,1436.6027,2906.2346,1974.7736,317.2797,200,1581,0.9000,0.0500,10,10,0.0000,0
a-n60-k9.vrp,ga,1,1436.6027,2677.7053,1943.1287,318.9046,200,1582,0.9000,0.0500,10,10,0.0000,0
a-n60-k9.vrp,ga,1,1436.6027,3092.2827,1931.6918,334.1626,200,1583,0.9000,0.0500,10,10,0.0000,0
a-n60-k9.vrp,ga,1,1436.6027,2999.3259,2000.0231,285.7691,200,1584,0.9000,0.0500,10,10,0.0000,0
a-n60-k9.vrp,ga,1,1436.6027,3070.4651,1989.6703,311.6954,200,1585,0.9000,0.0500,10,10,0.0000,0
a-n60-k9.vrp,ga,1,1436.6027,2962.9026,1999.7346,302.3084,200,1586,0.9000,0.0500,10,10,0.0000,0
a-n60-k9.vrp,ga,1,1436.6027,2746.7471,1945.4021,303.5493,200,1587,0.9000,0.0500,10,10,0.0000,0
a-n60-k9.vrp,ga,1,1436.6027,2854.3831,1932.9227,297.3223,200,1588,0.9000,0.0500,10,10,0.0000,0
a-n60-k9.vrp,ga,1,1436.6027,3263.5046,1970.1896,337.7632,200,1589,0.9000,0.0500,10,10,0.0000,0
a-n60-k9.vrp,ga,1,1436.6027,3063.9749,1952.2683,304.5664,200,1590,0.9000,0.0500,10,10,0.0000,0
a-n60-k9.vrp,ga,1,1436.6027,3038.2800,1923.2555,325.6136,200,1591,0.9000,0.0500,10,10,0.0000,0
a-n60-k9.vrp,ga,1,1436.6027,2967.0198,1906.7336,316.7343,200,1592,0.9000,0.0500,10,10,0.0000,0
a-n60-k9.vrp,ga,1,1436.6027,2834.0215,1936.7992,324.3291,200,1593,0.9000,0.0500,10,10,0.0000,0
a-n60-k9.vrp,ga,1,1436.6027,3047.0225,1926.8932,308.4471,200,1594,0.9000,0.0500,10,10,0.0000,0
a-n60-k9.vrp,ga,1,1436.6027,3019.2373,1917.6096,325.1136,200,1595,0.9000,0.0500,10,10,0.0000,0
a-n60-k9.vrp,ga,1,1436.6027,3092.8586,1934.1708,327.2973,200,1596,0.9000,0.0500,10,10,0.0000,0
a-n60-k9.vrp,ga,1,1436.6027,2822.1174,1967.4236,302.4524,200,1597,0.9000,0.0500,10,10,0.0000,0
a-n60-k9.vrp,ga,1,1436.6027,2833.0110,1944.5973,315.3480,200,1598,0.9000,0.0500,10,10,0.0000,0
a-n60-k9.vrp,ga,1,1436.6027,3106.5156,1994.8804,369.0823,200,1599,0.9000,0.0500,10,10,0.0000,0
a-n60-k9.vrp,ga,1,1436.6027,3022.2678,1922.1758,299.1863,200,1600,0.9000,0.0500,10,10,0.0000,0
a-n60-k9.vrp,ga,1,1436.6027,3015.4238,1922.6089,345.0611,200,1601,0.9000,0.0500,10,10,0.0000,0
a-n60-k9.vrp,ga,1,1436.6027,2787.6638,1949.3365,295.8886,200,1602,0.9000,0.0500,10,10,0.0000,0
a-n60-k9.vrp,ga,1,1436.6027,3075.3770,1950.9622,300.4509,200,1603,0.9000,0.0500,10,10,0.0000,0
a-n60-k9.vrp,ga,1,1436.6027,3012.3235,1955.6901,275.7176,200,1604,0.9000,0.0500,10,10,0.0000,0
a-n60-k9.vrp,ga,1,1436.6027,3231.7034,1938.2188,362.6527,200,1605,0.9000,0.0500,10,10,0.0000,0
a-n60-k9.vrp,ga,1,1436.6027,3045.6689,1940.0399,311.6743,200,1606,0.9000,0.0500,10,10,0.0000,0
a-n60-k9.vrp,ga,1,1436.6027,3137.9937,1967.4169,335.2928,200,1607,0.9000,0.0500,10,10,0.0000,0
a-n60-k9.vrp,ga,1,1436.6027,3065.7681,1975.6558,337.6608,200,1608,0.9000,0.0500,10,10,0.0000,0
a-n60-k9.vrp,ga,1,1436.6027,3015.4238,1976.4164,320.9302,200,1609,0.9000,0.0500,10,10,0.0000,0
a-n60-k9.vrp,ga,1,1436.6027,3239.8040,1990.5941,367.6988,200,1610,0.9000,0.0500,10,10,0.0000,0
a-n60-k9.vrp,ga,1,1436.6027,3144.4644,1967.0020,325.3997,200,1611,0.9000,0.0500,10,10,0.0000,0
a-n60-k9.vrp,ga,1,1436.6027,3258.1699,1995.8180,354.2283,200,1612,0.9000,0.0500,10,10,0.0000,0
a-n60-k9.vrp,ga,1,1436.6027,3086.8521,1973.2484,352.6144,200,1613,0.9000,0.0500,10,10,0.0000,0
a-n60-k9.vrp,ga,1,1436.6027,3232.4187,2001.4077,349.3643,200,1614,0.9000,0.0500,10,10,0.0000,0
a-n60-k9.vrp,ga,1,1436.6027,2847.3015,1991.2783,301.8295,200,1615,0.9000,0.0500,10,10,0.0000,0
a-n60-k9.vrp,ga,1,1436.6027,3264.3479,1990.0415,350.0148,200,1616,0.9000,0.0500,10,10,0.0000,0
a-n60-k9.vrp,ga,1,1436.6027,3352.3198,1976.4675,322.2368,200,1617,0.9000,0.0500,10,10,0.0000,0
a-n60-k9.vrp,ga,1,1436.6027,2761.9329,1955.5720,308.9552,200,1618,0.9000,0.0500,10,10,0.0000,0
a-n60-k9.vrp,ga,1,1436.6027,2858.1616,1978.5004,312.7424,200,1619,0.9000,0.0500,10,10,0.0000,0
a-n60-k9.vrp,ga,1,1436.6027,3051.0767,1972.1693,319.4725,200,1620,0.9000,0.0500,10,10,0.0000,0
a-n60-k9.vrp,ga,1,1436.6027,3143.2190,1962.7147,348.4641,200,1621,0.9000,0.0500,10,10,0.0000,0
a-n60-k9.vrp,ga,1,1436.6027,2959.4138,1942.8939,321.6967,200,1622,0.9000,0.0500,10,10,0.0000,0
a-n60-k9.vrp,ga,1,1436.6027,2938.7043,1932.2928,316.1986,200,1623,0.9000,0.0500,10,10,0.0000,0
a-n60-k9.vrp,ga,1,1436.6027,2996.1709,1960.8431,322.8782,200,1624,0.9000,0.0500,10,10,0.0000,0
a-n60-k9.vrp,ga,1,1436.6027,3110.1743,1953.6678,304.9202,200,1625,0.9000,0.0500,10,10,0.0000,0
a-n60-k9.vrp,ga,1,1436.6027,3205.6047,1953.3021,319.2750,200,1626,0.9000,0.0500,10,10,0.0000,0
a-n60-k9.vrp,ga,1,1436.6027,3047.6045,1955.9441,310.3324,200,1627,0.9000,0.0500,10,10,0.0000,0
a-n60-k9.vrp,ga,1,1436.6027,3045.7603,2006.7528,318.2612,200,1628,0.9000,0.0500,10,10,0.0000,0
a-n60-k9.vrp,ga,1,1436.6027,2959.4138,1977.6271,328.9400,200,1629,0.9000,0.0500,10,10,0.0000,0
a-n60-k9.vrp,ga,1,1436.6027,3101.1450,2042.9415,348.0069,200,1630,0.9000,0.0500,10,10,0.0000,0
a-n60-k9.vrp,ga,1,1436.6027,2973.9243,1998.0266,318.6364,200,1631,0.9000,0.0500,10,10,0.0000,0
a-n60-k9.vrp,ga,1,1436.6027,3163.0369,2029.0291,354.4094,200,1632,0.9000,0.0500,10,10,0.0000,0
a-n60-k9.vrp,ga,1,1436.6027,3227.8201,2008.9717,341.7566,200,1633,0.9000,0.0500,10,10,0.0000,0
a-n60-k9.vrp,ga,1,1436.6027,3177.1206,1972.4099,316.6989,200,1634,0.9000,0.0500,10,10,0.0000,0
a-n60-k9.vrp,ga,1,1436.6027,2979.2922,1925.8201,294.1033,200,1635,0.9000,0.0500,10,10,0.0000,0
a-n60-k9.vrp,ga,1,1436.6027,3100.5007,1933.3682,316.3982,200,1636,0.9000,0.0500,10,10,0.0000,0
a-n60-k9.vrp,ga,1,1436.6027,3193.0662,1999.8148,319.5392,200,1637,0.9000,0.0500,10,10,0.0000,0
a-n60-k9.vrp,ga,1,1436.6027,3149.3350,2001.4412,349.4397,200,1638,0.9000,0.0500,10,10,0.0000,0
a-n60-k9.vrp,ga,1,1436.6027,3097.2488,1993.8984,377.3311,200,1639,0.9000,0.0500,10,10,0.0000,0
a-n60-k9.vrp,ga,1,1436.6027,3282.9019,1983.6633,365.3820,200,1640,0.9000,0.0500,10,10,0.0000,0
a-n60-k9.vrp,ga,1,1436.6027,3277.9934,1963.7843,334.9462,200,1641,0.9000,0.0500,10,10,0.0000,0
a-n60-k9.vrp,ga,1,1436.6027,3203.8154,1976.7732,345.5341,200,1642,0.9000,0.0500,10,10,0.0000,0
a-n60-k9.vrp,ga,1,1436.6027,3170.2297,1950.0475,372.7569,200,1643,0.9000,0.0500,10,10,0.0000,0
a-n60-k9.vrp,ga,1,1436.6027,3181.8076,1911.9355,361.8562,200,1644,0.9000,0.0500,10,10,0.0000,0
a-n60-k9.vrp,ga,1,1436.6027,3190.1763,1971.6417,347.7736,200,1645,0.9000,0.0500,10,10,0.0000,0
a-n60-k9.vrp,ga,1,1436.6027,3102.8125,1934.7524,343.5829,200,1646,0.9000,0.0500,10,10,0.0000,0
a-n60-k9.vrp,ga,1,1436.6027,3054.1079,1953.9490,354.1268,200,1647,0.9000,0.0500,10,10,0.0000,0
a-n60-k9.vrp,ga,1,1436.6027,3210.3525,1953.1310,361.8202,200,1648,0.9000,0.0500,10,10,0.0000,0
a-n60-k9.vrp,ga,1,1436.6027,3054.1079,1912.3771,326.7004,200,1649,0.9000,0.0500,10,10,0.0000,0
a-n60-k9.vrp,ga,1,1436.6027,3110.1406,1973.7161,324.8929,200,1650,0.9000,0.0500,10,10,0.0000,0
a-n60-k9.vrp,ga,1,1436.6027,3054.1079,1919.8079,343.4084,200,1651,0.9000,0.0500,10,10,0.0000,0
a-n60-k9.vrp,ga,1,1436.6027,3054.1079,1927.4399,328.8071,200,1652,0.9000,0.0500,10,10,0.0000,0
a-n60-k9.vrp,ga,1,1436.6027,2889.8879,1940.5476,325.9537,200,1653,0.9000,0.0500,10,10,0.0000,0
a-n60-k9.vrp,ga,1,1436.6027,3201.3369,1955.9600,363.3392,200,1654,0.9000,0.0500,10,10,0.0000,0
a-n60-k9.vrp,ga,1,1436.6027,3140.3167,1963.0057,363.8342,200,1655,0.9000,0.0500,10,10,0.0000,0
a-n60-k9.vrp,ga,1,1436.6027,3181.4421,2001.2881,326.4395,200,1656,0.9000,0.0500,10,10,0.0000,0
a-n60-k9.vrp,ga,1,1436.6027,3054.1079,2026.7177,327.8001,200,1657,0.9000,0.0500,10,10,0.0000,0
a-n60-k9.vrp,ga,1,1436.6027,3187.6375,2016.1663,334.8450,200,1658,0.9000,0.0500,10,10,0.0000,0
a-n60-k9.vrp,ga,1,1436.6027,3048.0806,1947.2902,334.3267,200,1659,0.9000,0.0500,10,10,0.0000,0
a-n60-k9.vrp,ga,1,1436.6027,3210.8582,1982.8812,349.1871,200,1660,0.9000,0.0500,10,10,0.0000,0
a-n60-k9.vrp,ga,1,1436.6027,2934.4453,1940.6864,309.4837,200,1661,0.9000,0.0500,10,10,0.0000,0
a-n60-k9.vrp,ga,1,1436.6027,3054.1079,1972.5341,293.7063,200,1662,0.9000,0.0500,10,10,0.0000,0
a-n60-k9.vrp,ga,1,1436.6027,3054.1079,1990.3126,311.5740,200,1663,0.9000,0.0500,10,10,0.0000,0
a-n60-k9.vrp,ga,1,1436.6027,3022.2231,1981.2253,312.6160,200,1664,0.9000,0.0500,10,10,0.0000,0
a-n60-k9.vrp,ga,1,1436.6027,2595.7317,1931.1311,303.2400,200,1665,0.9000,0.0500,10,10,0.0000,0
a-n60-k9.vrp,ga,1,1436.6027,2591.1960,1928.2134,284.2351,200,1666,0.9000,0.0500,10,10,0.0000,0
a-n60-k9.vrp,ga,1,1436.6027,2561.1597,1923.0015,280.3138,200,1667,0.9000,0.0500,10,10,0.0000,0
a-n60-k9.vrp,ga,1,1436.6027,2515.7678,1922.8611,274.0893,200,1668,0.9000,0.0500,10,10,0.0000,0
a-n60-k9.vrp,ga,1,1436.6027,2648.8579,1933.1254,301.9850,200,1669,0.9000,0.0500,10,10,0.0000,0
a-n60-k9.vrp,ga,1,1436.6027,2457.0320,1875.0233,290.2509,200,1670,0.9000,0.0500,10,10,0.0000,0
a-n60-k9.vrp,ga,1,1436.6027,2442.9592,1932.2368,264.3158,200,1671,0.9000,0.0500,10,10,0.0000,0
a-n60-k9.vrp,ga,1,1436.6027,2468.7722,1945.6044,294.6743,200,1672,0.9000,0.0500,10,10,0.0000,0
a-n60-k9.vrp,ga,1,1436.6027,2597.5437,1923.7848,305.8746,200,1673,0.9000,0.0500,10,10,0.0000,0
a-n60-k9.vrp,ga,1,1436.6027,2619.0449,1929.9998,298.1155,200,1674,0.9000,0.0500,10,10,0.0000,0
a-n60-k9.vrp,ga,1,1436.6027,2596.1172,1953.0706,266.7934,200,1675,0.9000,0.0500,10,10,0.0000,0
a-n60-k9.vrp,ga,1,1436.6027,2635.9333,1959.0889,307.5999,200,1676,0.9000,0.0500,10,10,0.0000,0
a-n60-k9.vrp,ga,1,1436.6027,2527.9338,1940.9098,297.1255,200,1677,0.9000,0.0500,10,10,0.0000,0
a-n60-k9.vrp,ga,1,1436.6027,2681.3621,1952.4886,291.2209,200,1678,0.9000,0.0500,10,10,0.0000,0
a-n60-k9.vrp,ga,1,1436.6027,2662.7371,1968.0796,297.1914,200,1679,0.9000,0.0500,10,10,0.0000,0
a-n60-k9.vrp,ga,1,1436.6027,2695.1646,1943.2721,305.8006,200,1680,0.9000,0.0500,10,10,0.0000,0
a-n60-k9.vrp,ga,1,1436.6027,2583.2153,1934.5256,303.6846,200,1681,0.9000,0.0500,10,10,0.0000,0
a-n60-k9.vrp,ga,1,1436.6027,2617.3291,1909.9883,305.7506,200,1682,0.9000,0.0500,10,10,0.0000,0
a-n60-k9.vrp,ga,1,1436.6027,2529.2485,1929.8318,292.8846,200,1683,0.9000,0.0500,10,10,0.0000,0
a-n60-k9.vrp,ga,1,1436.6027,2457.8145,1899.8810,297.9885,200,1684,0.9000,0.0500,10,10,0.0000,0
a-n60-k9.vrp,ga,1,1436.6027,2502.1333,1912.7731,305.3262,200,1685,0.9000,0.0500,10,10,0.0000,0
a-n60-k9.vrp,ga,1,1436.6027,2483.2795,1923.9232,289.5818,200,1686,0.9000,0.0500,10,10,0.0000,0
a-n60-k9.vrp,ga,1,1436.6027,2531.7649,1922.1371,290.6717,200,1687,0.9000,0.0500,10,10,0.0000,0
a-n60-k9.vrp,ga,1,1436.6027,2691.7266,1912.5242,306.5822,200,1688,0.9000,0.0500,10,10,0.0000,0
a-n60-k9.vrp,ga,1,1436.6027,2517.4558,1934.6960,308.1196,200,1689,0.9000,0.0500,10,10,0.0000,0
a-n60-k9.vrp,ga,1,1436.6027,2455.5354,1920.4131,298.5713,200,1690,0.9000,0.0500,10,10,0.0000,0
a-n60-k9.vrp,ga,1,1436.6027,2586.8804,1945.6744,297.1335,200,1691,0.9000,0.0500,10,10,0.0000,0
a-n60-k9.vrp,ga,1,1436.6027,2624.8523,1984.8933,288.6050,200,1692,0.9000,0.0500,10,10,0.0000,0
a-n60-k9.vrp,ga,1,1436.6027,2582.7034,1949.5160,286.5454,200,1693,0.9000,0.0500,10,10,0.0000,0
a-n60-k9.vrp,ga,1,1436.6027,2645.4583,1928.6676,277.0389,200,1694,0.9000,0.0500,10,10,0.0000,0
a-n60-k9.vrp,ga,1,1436.6027,2633.8892,1962.4694,296.1994,200,1695,0.9000,0.0500,10,10,0.0000,0
a-n60-k9.vrp,ga,1,1436.6027,2659.1841,1900.4332,304.0988,200,1696,0.9000,0.0500,10,10,0.0000,0
a-n60-k9.vrp,ga,1,1436.6027,2518.2688,1925.3871,283.4843,200,1697,0.9000,0.0500,10,10,0.0000,0
a-n60-k9.vrp,ga,1,1436.6027,2717.9497,1914.8672,307.5700,200,1698,0.9000,0.0500,10,10,0.0000,0
a-n60-k9.vrp,ga,1,1436.6027,2626.4146,1941.9354,281.3052,200,1699,0.9000,0.0500,10,10,0.0000,0
a-n60-k9.vrp,ga,1,1436.6027,2609.2512,1954.9692,303.9881,200,1700,0.9000,0.0500,10,10,0.0000,0
a-n60-k9.vrp,ga,1,1436.6027,2564.9863,1907.9270,299.6624,200,1701,0.9000,0.0500,10,10,0.0000,0
a-n60-k9.vrp,ga,1,1436.6027,2631.5181,1960.3501,282.1390,200,1702,0.9000,0.0500,10,10,0.0000,0
a-n60-k9.vrp,ga,1,1436.6027,2545.6643,1939.0846,294.6668,200,1703,0.9000,0.0500,10,10,0.0000,0
a-n60-k9.vrp,ga,1,1436.6027,2666.7280,1898.6465,310.2837,200,1704,0.9000,0.0500,10,10,0.0000,0
a-n60-k9.vrp,ga,1,1436.6027,2601.7473,1910.6775,312.2866,200,1705,0.9000,0.0500,10,10,0.0000,0
a-n60-k9.vrp,ga,1,1436.6027,2640.2517,1939.8724,285.5201,200,1706,0.9000,0.0500,10,10,0.0000,0
a-n60-k9.vrp,ga,1,1436.6027,2602.3718,1990.0708,278.7284,200,1707,0.9000,0.0500,10,10,0.0000,0
a-n60-k9.vrp,ga,1,1436.6027,2540.4658,1967.9475,276.4603,200,1708,0.9000,0.0500,10,10,0.0000,0
a-n60-k9.vrp,ga,1,1436.6027,2565.6252,1958.5348,272.4227,200,1709,0.9000,0.0500,10,10,0.0000,0
a-n60-k9.vrp,ga,1,1436.6027,2662.1848,1958.1973,300.9402,200,1710,0.9000,0.0500,10,10,0.0000,0
a-n60-k9.vrp,ga,1,1436.6027,2618.2229,1975.9797,322.2635,200,1711,0.9000,0.0500,10,10,0.0000,0
a-n60-k9.vrp,ga,1,1436.6027,2792.3259,1948.8374,319.7415,200,1712,0.9000,0.0500,10,10,0.0000,0
a-n60-k9.vrp,ga,1,1436.6027,2658.8572,1965.4907,296.8991,200,1713,0.9000,0.0500,10,10,0.0000,0
a-n60-k9.vrp,ga,1,1436.6027,2692.5095,1932.8448,287.4954,200,1714,0.9000,0.0500,10,10,0.0000,0
a-n60-k9.vrp,ga,1,1436.6027,2639.0042,1945.0396,295.4402,200,1715,0.9000,0.0500,10,10,0.0000,0
a-n60-k9.vrp,ga,1,1436.6027,2570.4502,1914.9332,303.4523,200,1716,0.9000,0.0500,10,10,0.0000,0
a-n60-k9.vrp,ga,1,1436.6027,2435.0322,1923.1021,288.1477,200,1717,0.9000,0.0500,10,10,0.0000,0
a-n60-k9.vrp,ga,1,1436.6027,2495.6133,1989.8154,272.8706,200,1718,0.9000,0.0500,10,10,0.0000,0
a-n60-k9.vrp,ga,1,1436.6027,2499.0408,1982.9095,283.0461,200,1719,0.9000,0.0500,10,10,0.0000,0
a-n60-k9.vrp,ga,1,1436.6027,2542.0554,1960.2668,286.4474,200,1720,0.9000,0.0500,10,10,0.0000,0
a-n60-k9.vrp,ga,1,1436.6027,2586.4314,1964.4938,295.2812,200,1721,0.9000,0.0500,10,10,0.0000,0
a-n60-k9.vrp,ga,1,1436.6027,2565.2883,1972.3431,301.9761,200,1722,0.9000,0.0500,10,10,0.0000,0
a-n60-k9.vrp,ga,1,1436.6027,2505.1355,1956.7875,305.6212,200,1723,0.9000,0.0500,10,10,0.0000,0
a-n60-k9.vrp,ga,1,1436.6027,2656.7000,1950.8313,285.0859,200,1724,0.9000,0.0500,10,10,0.0000,0
a-n60-k9.vrp,ga,1,1436.6027,2701.1594,1995.6134,296.4586,200,1725,0.9000,0.0500,10,10,0.0000,0
a-n60-k9.vrp,ga,1,1436.6027,2605.4780,1983.7766,305.7606,200,1726,0.9000,0.0500,10,10,0.0000,0
a-n60-k9.vrp,ga,1,1436.6027,2660.5205,1979.3798,314.0188,200,1727,0.9000,0.0500,10,10,0.0000,0
a-n60-k9.vrp,ga,1,1436.6027,2659.1384,1985.7955,279.0753,200,1728,0.9000,0.0500,10,10,0.0000,0
a-n60-k9.vrp,ga,1,1436.6027,2516.8792,1981.0720,282.0312,200,1729,0.9000,0.0500,10,10,0.0000,0
a-n60-k9.vrp,ga,1,1436.6027,2580.3684,1938.3474,280.0813,200,1730,0.9000,0.0500,10,10,0.0000,0
a-n60-k9.vrp,ga,1,1436.6027,2646.6675,1955.8334,297.0454,200,1731,0.9000,0.0500,10,10,0.0000,0
a-n60-k9.vrp,ga,1,1436.6027,2624.6953,1974.9243,294.9027,200,1732,0.9000,0.0500,10,10,0.0000,0
a-n60-k9.vrp,ga,1,1436.6027,2630.8525,1979.7505,274.3806,200,1733,0.9000,0.0500,10,10,0.0000,0
a-n60-k9.vrp,ga,1,1436.6027,2630.8525,1938.6685,290.2840,200,1734,0.9000,0.0500,10,10,0.0000,0
a-n60-k9.vrp,ga,1,1436.6027,2639.5667,1953.2939,290.8777,200,1735,0.9000,0.0500,10,10,0.0000,0
a-n60-k9.vrp,ga,1,1436.6027,2782.2563,1980.0586,300.5889,200,1736,0.9000,0.0500,10,10,0.0000,0
a-n60-k9.vrp,ga,1,1436.6027,2644.7922,1984.2550,304.3013,200,1737,0.9000,0.0500,10,10,0.0000,0
a-n60-k9.vrp,ga,1,1436.6027,2682.8228,1988.9713,307.2842,200,1738,0.9000,0.0500,10,10,0.0000,0
a-n60-k9.vrp,ga,1,1436.6027,2696.2815,1920.7319,310.1465,200,1739,0.9000,0.0500,10,10,0.0000,0
a-n60-k9.vrp,ga,1,1436.6027,2544.9248,1933.9601,301.3399,200,1740,0.9000,0.0500,10,10,0.0000,0
a-n60-k9.vrp,ga,1,1436.6027,2549.7202,1941.4070,281.9933,200,1741,0.9000,0.0500,10,10,0.0000,0
a-n60-k9.vrp,ga,1,1436.6027,2368.9204,1901.9351,286.1833,200,1742,0.9000,0.0500,10,10,0.0000,0
a-n60-k9.vrp,ga,1,1436.6027,2514.9355,1913.3900,270.6927,200,1743,0.9000,0.0500,10,10,0.0000,0
a-n60-k9.vrp,ga,1,1436.6027,2413.5029,1945.3125,293.2661,200,1744,0.9000,0.0500,10,10,0.0000,0
a-n60-k9.vrp,ga,1,1436.6027,2498.6160,1939.0618,288.8358,200,1745,0.9000,0.0500,10,10,0.0000,0
a-n60-k9.vrp,ga,1,1436.6027,2511.6978,1933.5057,278.4240,200,1746,0.9000,0.0500,10,10,0.0000,0
a-n60-k9.vrp,ga,1,1436.6027,2408.2961,1903.7255,258.1768,200,1747,0.9000,0.0500,10,10,0.0000,0
a-n60-k9.vrp,ga,1,1436.6027,2637.6804,1950.8529,288.5670,200,1748,0.9000,0.0500,10,10,0.0000,0
a-n60-k9.vrp,ga,1,1436.6027,2408.4253,1908.1460,286.4116,200,1749,0.9000,0.0500,10,10,0.0000,0
a-n60-k9.vrp,ga,1,1436.6027,2398.4558,1916.4998,283.7851,200,1750,0.9000,0.0500,10,10,0.0000,0
a-n60-k9.vrp,ga,1,1436.6027,2531.1238,1924.3472,290.9672,200,1751,0.9000,0.0500,10,10,0.0000,0
a-n60-k9.vrp,ga,1,1436.6027,2586.9822,1927.7793,290.7971,200,1752,0.9000,0.0500,10,10,0.0000,0
a-n60-k9.vrp,ga,1,1436.6027,2506.8796,1951.3475,280.4413,200,1753,0.9000,0.0500,10,10,0.0000,0
a-n60-k9.vrp,ga,1,1436.6027,2534.1775,1918.9532,306.5598,200,1754,0.9000,0.0500,10,10,0.0000,0
a-n60-k9.vrp,ga,1,1436.6027,2534.6230,1913.8558,293.2203,200,1755,0.9000,0.0500,10,10,0.0000,0
a-n60-k9.vrp,ga,1,1436.6027,2436.9170,1952.8293,283.1304,200,1756,0.9000,0.0500,10,10,0.0000,0
a-n60-k9.vrp,ga,1,1436.6027,2610.3481,1929.6466,289.8519,200,1757,0.9000,0.0500,10,10,0.0000,0
a-n60-k9.vrp,ga,1,1436.6027,2496.1416,1962.6349,279.6909,200,1758,0.9000,0.0500,10,10,0.0000,0
a-n60-k9.vrp,ga,1,1436.6027,2640.0735,1921.6276,299.9280,200,1759,0.9000,0.0500,10,10,0.0000,0
a-n60-k9.vrp,ga,1,1436.6027,2722.7178,1891.3164,304.6505,200,1760,0.9000,0.0500,10,10,0.0000,0
a-n60-k9.vrp,ga,1,1436.6027,2727.3228,1912.2025,322.2579,200,1761,0.9000,0.0500,10,10,0.0000,0
a-n60-k9.vrp,ga,1,1436.6027,2757.2188,1948.2047,299.1825,200,1762,0.9000,0.0500,10,10,0.0000,0
a-n60-k9.vrp,ga,1,1436.6027,2667.7634,1949.0348,299.7568,200,1763,0.9000,0.0500,10,10,0.0000,0
a-n60-k9.vrp,ga,1,1436.6027,2544.7693,1923.1302,299.0031,200,1764,0.9000,0.0500,10,10,0.0000,0
a-n60-k9.vrp,ga,1,1436.6027,2714.7583,1917.4786,291.9048,200,1765,0.9000,0.0500,10,10,0.0000,0
a-n60-k9.vrp,ga,1,1436.6027,2657.6978,1983.1854,281.8960,200,1766,0.9000,0.0500,10,10,0.0000,0
a-n60-k9.vrp,ga,1,1436.6027,2524.9214,1944.3043,282.6615,200,1767,0.9000,0.0500,10,10,0.0000,0
a-n60-k9.vrp,ga,1,1436.6027,2700.3638,1907.8365,304.4406,200,1768,0.9000,0.0500,10,10,0.0000,0
a-n60-k9.vrp,ga,1,1436.6027,2597.9368,1941.5950,302.6686,200,1769,0.9000,0.0500,10,10,0.0000,0
a-n60-k9.vrp,ga,1,1436.6027,2553.4609,1916.0425,294.6487,200,1770,0.9000,0.0500,10,10,0.0000,0
a-n60-k9.vrp,ga,1,1436.6027,2693.9243,1923.9796,294.1178,200,1771,0.9000,0.0500,10,10,0.0000,0
a-n60-k9.vrp,ga,1,1436.6027,2437.1982,1898.7334,287.8532,200,1772,0.9000,0.0500,10,10,0.0000,0
a-n60-k9.vrp,ga,1,1436.6027,2439.3982,1919.8014,284.2078,200,1773,0.9000,0.0500,10,10,0.0000,0
a-n60-k9.vrp,ga,1,1436.6027,2593.6833,1919.4469,292.5095,200,1774,0.9000,0.0500,10,10,0.0000,0
a-n60-k9.vrp,ga,1,1436.6027,2736.9299,1919.3501,316.5726,200,1775,0.9000,0.0500,10,10,0.0000,0
a-n60-k9.vrp,ga,1,1436.6027,2514.8752,1908.8779,298.1242,200,1776,0.9000,0.0500,10,10,0.0000,0
a-n60-k9.vrp,ga,1,1436.6027,2751.9448,1949.3818,294.5657,200,1777,0.9000,0.0500,10,10,0.0000,0
a-n60-k9.vrp,ga,1,1436.6027,2702.7083,1915.0853,303.2761,200,1778,0.9000,0.0500,10,10,0.0000,0
a-n60-k9.vrp,ga,1,1436.6027,2692.3601,1923.6896,301.6270,200,1779,0.9000,0.0500,10,10,0.0000,0
a-n60-k9.vrp,ga,1,1436.6027,2657.7026,1900.6743,303.8092,200,1780,0.9000,0.0500,10,10,0.0000,0
a-n60-k9.vrp,ga,1,1436.6027,2454.6873,1950.0033,278.4099,200,1781,0.9000,0.0500,10,10,0.0000,0
a-n60-k9.vrp,ga,1,1436.6027,2603.3257,1900.4447,294.0482,200,1782,0.9000,0.0500,10,10,0.0000,0
a-n60-k9.vrp,ga,1,1436.6027,2676.1956,1944.8213,285.5078,200,1783,0.9000,0.0500,10,10,0.0000,0
a-n60-k9.vrp,ga,1,1436.6027,2830.2539,1934.8959,302.0272,200,1784,0.9000,0.0500,10,10,0.0000,0
a-n60-k9.vrp,ga,1,1436.6027,2589.5464,1912.9253,290.7933,200,1785,0.9000,0.0500,10,10,0.0000,0
a-n60-k9.vrp,ga,1,1436.6027,2541.9487,1912.4728,284.1676,200,1786,0.9000,0.0500,10,10,0.0000,0
a-n60-k9.vrp,ga,1,1436.6027,2690.8435,1957.5201,283.7616,200,1787,0.9000,0.0500,10,10,0.0000,0
a-n60-k9.vrp,ga,1,1436.6027,2552.0994,1930.9106,276.7783,200,1788,0.9000,0.0500,10,10,0.0000,0
a-n60-k9.vrp,ga,1,1436.6027,2610.1626,1919.0054,302.4423,200,1789,0.9000,0.0500,10,10,0.0000,0
a-n60-k9.vrp,ga,1,1436.6027,2656.4600,1930.9050,279.3906,200,1790,0.9000,0.0500,10,10,0.0000,0
a-n60-k9.vrp,ga,1,1436.6027,2408.3481,1848.2770,294.6922,200,1791,0.9000,0.0500,10,10,0.0000,0
a-n60-k9.vrp,ga,1,1436.6027,2466.4011,1900.1356,293.5646,200,1792,0.9000,0.0500,10,10,0.0000,0
a-n60-k9.vrp,ga,1,1436.6027,2373.8223,1932.1007,269.0627,200,1793,0.9000,0.0500,10,10,0.0000,0
a-n60-k9.vrp,ga,1,1436.6027,2439.2559,1892.0626,291.2593,200,1794,0.9000,0.0500,10,10,0.0000,0
a-n60-k9.vrp,ga,1,1436.6027,2542.1799,1936.0365,293.3102,200,1795,0.9000,0.0500,10,10,0.0000,0
a-n60-k9.vrp,ga,1,1436.6027,2521.3210,1933.9966,289.5065,200,1796,0.9000,0.0500,10,10,0.0000,0
a-n60-k9.vrp,ga,1,1436.6027,2456.9866,1928.2870,286.7017,200,1797,0.9000,0.0500,10,10,0.0000,0
a-n60-k9.vrp,ga,1,1436.6027,2518.3140,1935.6885,280.6923,200,1798,0.9000,0.0500,10,10,0.0000,0
a-n60-k9.vrp,ga,1,1436.6027,2720.9495,1957.4430,301.8599,200,1799,0.9000,0.0500,10,10,0.0000,0
a-n60-k9.vrp,ga,1,1436.6027,2489.2039,1915.9214,299.3296,200,1800,0.9000,0.0500,10,10,0.0000,0
a-n60-k9.vrp,ga,1,1436.6027,2382.7476,1929.2426,261.2903,200,1801,0.9000,0.0500,10,10,0.0000,0
a-n60-k9.vrp,ga,1,1436.6027,2529.8384,1913.7211,277.0415,200,1802,0.9000,0.0500,10,10,0.0000,0
a-n60-k9.vrp,ga,1,1436.6027,2456.2373,1907.2156,286.2515,200,1803,0.9000,0.0500,10,10,0.0000,0
a-n60-k9.vrp,ga,1,1436.6027,2427.8032,1892.5000,282.0841,200,1804,0.9000,0.0500,10,10,0.0000,0
a-n60-k9.vrp,ga,1,1436.6027,2524.0667,1918.2786,288.8374,200,1805,0.9000,0.0500,10,10,0.0000,0
a-n60-k9.vrp,ga,1,1436.6027,2468.3577,1898.4843,292.7616,200,1806,0.9000,0.0500,10,10,0.0000,0
a-n60-k9.vrp,ga,1,1436.6027,2541.8542,1945.4039,301.2192,200,1807,0.9000,0.0500,10,10,0.0000,0
a-n60-k9.vrp,ga,1,1436.6027,2572.9912,1936.3643,281.9846,200,1808,0.9000,0.0500,10,10,0.0000,0
a-n60-k9.vrp,ga,1,1436.6027,2453.1750,1922.2750,286.8739,200,1809,0.9000,0.0500,10,10,0.0000,0
a-n60-k9.vrp,ga,1,1436.6027,2448.1785,1910.9921,281.0756,200,1810,0.9000,0.0500,10,10,0.0000,0
a-n60-k9.vrp,ga,1,1436.6027,2357.3665,1923.5354,275.8424,200,1811,0.9000,0.0500,10,10,0.0000,0
a-n60-k9.vrp,ga,1,1436.6027,2456.5325,1914.2832,291.8855,200,1812,0.9000,0.0500,10,10,0.0000,0
a-n60-k9.vrp,ga,1,1436.6027,2558.5498,1893.6659,293.9556,200,1813,0.9000,0.0500,10,10,0.0000,0
a-n60-k9.vrp,ga,1,1436.6027,2509.3779,1916.2660,293.0332,200,1814,0.9000,0.0500,10,10,0.0000,0
a-n60-k9.vrp,ga,1,1436.6027,2394.5823,1928.8406,290.3005,200,1815,0.9000,0.0500,10,10,0.0000,0
a-n60-k9.vrp,ga,1,1436.6027,2504.4641,1934.1294,290.4809,200,1816,0.9000,0.0500,10,10,0.0000,0
a-n60-k9.vrp,ga,1,1436.6027,2692.7922,1949.9210,308.3434,200,1817,0.9000,0.0500,10,10,0.0000,0
a-n60-k9.vrp,ga,1,1436.6027,2585.8284,1933.0480,311.5092,200,1818,0.9000,0.0500,10,10,0.0000,0
a-n60-k9.vrp,ga,1,1436.6027,2487.5330,1957.3073,293.8222,200,1819,0.9000,0.0500,10,10,0.0000,0
a-n60-k9.vrp,ga,1,1436.6027,2629.9216,1945.8069,273.0226,200,1820,0.9000,0.0500,10,10,0.0000,0
a-n60-k9.vrp,ga,1,1436.6027,2607.3142,1951.5145,294.4767,200,1821,0.9000,0.0500,10,10,0.0000,0
a-n60-k9.vrp,ga,1,1436.6027,2570.6470,1999.1353,273.4898,200,1822,0.9000,0.0500,10,10,0.0000,0
a-n60-k9.vrp,ga,1,1436.6027,2442.5029,1947.6846,290.0167,200,1823,0.9000,0.0500,10,10,0.0000,0
a-n60-k9.vrp,ga,1,1436.6027,2510.2661,1973.8505,270.5779,200,1824,0.9000,0.0500,10,10,0.0000,0
a-n60-k9.vrp,ga,1,1436.6027,2591.1072,1965.1566,287.8185,200,1825,0.9000,0.0500,10,10,0.0000,0
a-n60-k9.vrp,ga,1,1436.6027,2579.1206,1960.8367,316.4476,200,1826,0.9000,0.0500,10,10,0.0000,0
a-n60-k9.vrp,ga,1,1436.6027,2647.0137,1942.7089,279.9020,200,1827,0.9000,0.0500,10,10,0.0000,0
a-n60-k9.vrp,ga,1,1436.6027,2582.0845,1960.1104,297.1879,200,1828,0.9000,0.0500,10,10,0.0000,0
a-n60-k9.vrp,ga,1,1436.6027,2578.9302,1928.6953,292.7460,200,1829,0.9000,0.0500,10,10,0.0000,0
a-n60-k9.vrp,ga,1,1436.6027,2624.1648,1960.3245,297.3053,200,1830,0.9000,0.0500,10,10,0.0000,0
a-n60-k9.vrp,ga,1,1436.6027,2508.4783,1926.8663,275.5442,200,1831,0.9000,0.0500,10,10,0.0000,0
a-n60-k9.vrp,ga,1,1436.6027,2620.9170,1944.7040,284.7182,200,1832,0.9000,0.0500,10,10,0.0000,0
a-n60-k9.vrp,ga,1,1436.6027,2601.5842,1911.2101,292.9958,200,1833,0.9000,0.0500,10,10,0.0000,0
a-n60-k9.vrp,ga,1,1436.6027,2660.7827,1927.8685,298.4309,200,1834,0.9000,0.0500,10,10,0.0000,0
a-n60-k9.vrp,ga,1,1436.6027,2545.5625,1872.6398,298.9434,200,1835,0.9000,0.0500,10,10,0.0000,0
a-n60-k9.vrp,ga,1,1436.6027,2446.1589,1942.6067,285.0471,200,1836,0.9000,0.0500,10,10,0.0000,0
a-n60-k9.vrp,ga,1,1436.6027,2461.2219,1975.1458,271.4447,200,1837,0.9000,0.0500,10,10,0.0000,0
a-n60-k9.vrp,ga,1,1436.6027,2718.3562,1944.1765,282.9988,200,1838,0.9000,0.0500,10,10,0.0000,0
a-n60-k9.vrp,ga,1,1436.6027,2656.5269,1947.0120,306.6301,200,1839,0.9000,0.0500,10,10,0.0000,0
a-n60-k9.vrp,ga,1,1436.6027,2484.0815,1911.5684,286.0630,200,1840,0.9000,0.0500,10,10,0.0000,0
a-n60-k9.vrp,ga,1,1436.6027,2695.5608,1940.0736,294.2396,200,1841,0.9000,0.0500,10,10,0.0000,0
a-n60-k9.vrp,ga,1,1436.6027,2556.2629,1889.9934,307.6888,200,1842,0.9000,0.0500,10,10,0.0000,0
a-n60-k9.vrp,ga,1,1436.6027,2540.5198,1915.1063,289.7502,200,1843,0.9000,0.0500,10,10,0.0000,0
a-n60-k9.vrp,ga,1,1436.6027,2514.4436,1933.1123,301.6601,200,1844,0.9000,0.0500,10,10,0.0000,0
a-n60-k9.vrp,ga,1,1436.6027,2617.2720,2004.8812,292.4445,200,1845,0.9000,0.0500,10,10,0.0000,0
a-n60-k9.vrp,ga,1,1436.6027,2684.2681,1963.5062,294.4313,200,1846,0.9000,0.0500,10,10,0.0000,0
a-n60-k9.vrp,ga,1,1436.6027,2488.9683,1988.7670,265.3259,200,1847,0.9000,0.0500,10,10,0.0000,0
a-n60-k9.vrp,ga,1,1436.6027,2561.1653,1945.9998,277.3127,200,1848,0.9000,0.0500,10,10,0.0000,0
a-n60-k9.vrp,ga,1,1436.6027,2704.8523,1963.4156,280.1081,200,1849,0.9000,0.0500,10,10,0.0000,0
a-n60-k9.vrp,ga,1,1436.6027,2663.9402,1929.4768,293.1745,200,1850,0.9000,0.0500,10,10,0.0000,0
a-n60-k9.vrp,ga,1,1436.6027,2533.9727,1946.5900,283.0464,200,1851,0.9000,0.0500,10,10,0.0000,0
a-n60-k9.vrp,ga,1,1436.6027,2513.3362,1917.6500,288.8289,200,1852,0.9000,0.0500,10,10,0.0000,0
a-n60-k9.vrp,ga,1,1436.6027,2533.3708,1914.1489,295.1113,200,1853,0.9000,0.0500,10,10,0.0000,0
a-n60-k9.vrp,ga,1,1436.6027,2675.5913,1922.6439,293.8774,200,1854,0.9000,0.0500,10,10,0.0000,0
a-n60-k9.vrp,ga,1,1436.6027,2540.9939,1944.7930,290.9259,200,1855,0.9000,0.0500,10,10,0.0000,0
a-n60-k9.vrp,ga,1,1436.6027,2667.2805,1942.3334,304.3279,200,1856,0.9000,0.0500,10,10,0.0000,0
a-n60-k9.vrp,ga,1,1436.6027,2480.8359,1927.3623,294.9375,200,1857,0.9000,0.0500,10,10,0.0000,0
a-n60-k9.vrp,ga,1,1436.6027,2527.2749,1934.4724,296.2953,200,1858,0.9000,0.0500,10,10,0.0000,0
a-n60-k9.vrp,ga,1,1436.6027,2610.4143,1963.1797,311.4058,200,1859,0.9000,0.0500,10,10,0.0000,0
a-n60-k9.vrp,ga,1,1436.6027,2680.9927,1965.2162,305.0137,200,1860,0.9000,0.0500,10,10,0.0000,0
a-n60-k9.vrp,ga,1,1436.6027,2669.1475,1977.6313,280.8699,200,1861,0.9000,0.0500,10,10,0.0000,0
a-n60-k9.vrp,ga,1,1436.6027,2615.5186,1946.5854,328.9741,200,1862,0.9000,0.0500,10,10,0.0000,0
a-n60-k9.vrp,ga,1,1436.6027,2497.0898,1938.6327,296.0915,200,1863,0.9000,0.0500,10,10,0.0000,0
a-n60-k9.vrp,ga,1,1436.6027,2633.4961,1918.3258,291.4052,200,1864,0.9000,0.0500,10,10,0.0000,0
a-n60-k9.vrp,ga,1,1436.6027,2553.1143,1943.7147,286.0306,200,1865,0.9000,0.0500,10,10,0.0000,0
a-n60-k9.vrp,ga,1,1436.6027,2705.0991,1934.9625,288.2645,200,1866,0.9000,0.0500,10,10,0.0000,0
a-n60-k9.vrp,ga,1,1436.6027,2472.3667,1939.7021,292.5828,200,1867,0.9000,0.0500,10,10,0.0000,0
a-n60-k9.vrp,ga,1,1436.6027,2546.5413,1975.2545,288.4253,200,1868,0.9000,0.0500,10,10,0.0000,0
a-n60-k9.vrp,ga,1,1436.6027,2551.2578,1937.3210,288.1140,200,1869,0.9000,0.0500,10,10,0.0000,0
a-n60-k9.vrp,ga,1,1436.6027,2845.7136,1974.8381,298.5270,200,1870,0.9000,0.0500,10,10,0.0000,0
a-n60-k9.vrp,ga,1,1436.6027,2672.7515,1939.9906,299.6828,200,1871,0.9000,0.0500,10,10,0.0000,0
a-n60-k9.vrp,ga,1,1436.6027,2621.5562,1948.9965,308.3142,200,1872,0.9000,0.0500,10,10,0.0000,0
a-n60-k9.vrp,ga,1,1436.6027,2681.8025,1935.7627,295.6321,200,1873,0.9000,0.0500,10,10,0.0000,0
a-n60-k9.vrp,ga,1,1436.6027,2588.5120,1909.0385,292.2919,200,1874,0.9000,0.0500,10,10,0.0000,0
a-n60-k9.vrp,ga,1,1436.6027,2512.7000,1918.5978,294.3653,200,1875,0.9000,0.0500,10,10,0.0000,0
a-n60-k9.vrp,ga,1,1436.6027,2553.3860,1920.4594,302.2496,200,1876,0.9000,0.0500,10,10,0.0000,0
a-n60-k9.vrp,ga,1,1436.6027,2644.1414,1954.3915,288.9871,200,1877,0.9000,0.0500,10,10,0.0000,0
a-n60-k9.vrp,ga,1,1436.6027,2503.5305,1924.2943,308.8171,200,1878,0.9000,0.0500,10,10,0.0000,0
a-n60-k9.vrp,ga,1,1436.6027,2474.1047,1948.2599,280.7461,200,1879,0.9000,0.0500,10,10,0.0000,0
a-n60-k9.vrp,ga,1,1436.6027,2699.7656,1959.2452,287.8781,200,1880,0.9000,0.0500,10,10,0.0000,0
a-n60-k9.vrp,ga,1,1436.6027,2560.1826,1966.2843,290.5750,200,1881,0.9000,0.0500,10,10,0.0000,0
a-n60-k9.vrp,ga,1,1436.6027,2656.6987,1967.9951,303.3536,200,1882,0.9000,0.0500,10,10,0.0000,0
a-n60-k9.vrp,ga,1,1436.6027,2686.8484,1973.9257,294.9433,200,1883,0.9000,0.0500,10,10,0.0000,0
a-n60-k9.vrp,ga,1,1436.6027,2873.1106,1980.5852,324.4029,200,1884,0.9000,0.0500,10,10,0.0000,0
a-n60-k9.vrp,ga,1,1436.6027,3216.8108,2005.6289,338.6480,200,1885,0.9000,0.0500,10,10,0.0000,0
a-n60-k9.vrp,ga,1,1436.6027,2925.0408,1986.3362,339.2547,200,1886,0.9000,0.0500,10,10,0.0000,0
a-n60-k9.vrp,ga,1,1436.6027,2824.4036,1987.1927,322.5353,200,1887,0.9000,0.0500,10,10,0.0000,0
a-n60-k9.vrp,ga,1,1436.6027,2664.4021,1993.1805,270.6305,200,1888,0.9000,0.0500,10,10,0.0000,0
a-n60-k9.vrp,ga,1,1436.6027,2779.9561,2059.1565,303.2820,200,1889,0.9000,0.0500,10,10,0.0000,0
a-n60-k9.vrp,ga,1,1436.6027,2907.5310,2024.9923,340.7229,200,1890,0.9000,0.0500,10,10,0.0000,0
a-n60-k9.vrp,ga,1,1436.6027,2665.8826,1935.8264,309.9798,200,1891,0.9000,0.0500,10,10,0.0000,0
a-n60-k9.vrp,ga,1,1434.7854,2590.1965,1916.1074,290.8285,200,1892,0.9000,0.0500,10,10,0.0000,0
a-n60-k9.vrp,ga,1,1434.7854,2719.7612,1939.5428,305.0810,200,1893,0.9000,0.0500,10,10,0.0000,0
a-n60-k9.vrp,ga,1,1434.7854,2633.8892,1915.0538,300.7710,200,1894,0.9000,0.0500,10,10,0.0000,0
a-n60-k9.vrp,ga,1,1434.7854,2487.3152,1918.2847,288.8818,200,1895,0.9000,0.0500,10,10,0.0000,0
a-n60-k9.vrp,ga,1,1434.7854,2418.6333,1847.9119,295.3083,200,1896,0.9000,0.0500,10,10,0.0000,0
a-n60-k9.vrp,ga,1,1434.7854,2484.2205,1902.8835,298.7371,200,1897,0.9000,0.0500,10,10,0.0000,0
a-n60-k9.vrp,ga,1,1434.7854,2543.9993,1932.4995,300.1117,200,1898,0.9000,0.0500,10,10,0.0000,0
a-n60-k9.vrp,ga,1,1434.7854,2607.5955,1895.7745,314.2402,200,1899,0.9000,0.0500,10,10,0.0000,0
a-n60-k9.vrp,ga,1,1434.7854,2470.5408,1887.5796,313.7727,200,1900,0.9000,0.0500,10,10,0.0000,0
a-n60-k9.vrp,ga,1,1434.7854,2426.5354,1885.2621,297.8706,200,1901,0.9000,0.0500,10,10,0.0000,0
a-n60-k9.vrp,ga,1,1434.7854,2463.7798,1881.1506,306.0718,200,1902,0.9000,0.0500,10,10,0.0000,0
a-n60-k9.vrp,ga,1,1434.7854,2504.4536,1889.9978,303.9512,200,1903,0.9000,0.0500,10,10,0.0000,0
a-n60-k9.vrp,ga,1,1434.7854,2492.0059,1918.1587,287.9556,200,1904,0.9000,0.0500,10,10,0.0000,0
a-n60-k9.vrp,ga,1,1434.7854,2515.2461,1894.0438,299.5480,200,1905,0.9000,0.0500,10,10,0.0000,0
a-n60-k9.vrp,ga,1,1434.7854,2499.6829,1928.9790,282.1186,200,1906,0.9000,0.0500,10,10,0.0000,0
a-n60-k9.vrp,ga,1,1434.7854,2623.8967,1946.6261,278.9613,200,1907,0.9000,0.0500,10,10,0.0000,0
a-n60-k9.vrp,ga,1,1434.7854,2571.0291,1952.8970,275.7857,200,1908,0.9000,0.0500,10,10,0.0000,0
a-n60-k9.vrp,ga,1,1434.7854,2617.8391,1931.7063,291.0206,200,1909,0.9000,0.0500,10,10,0.0000,0
a-n60-k9.vrp,ga,1,1434.7854,2552.9546,1941.1344,288.1647,200,1910,0.9000,0.0500,10,10,0.0000,0
a-n60-k9.vrp,ga,1,1434.7854,2485.2295,1912.0876,282.9874,200,1911,0.9000,0.0500,10,10,0.0000,0
a-n60-k9.vrp,ga,1,1434.7854,2500.2854,1932.5305,277.5511,200,1912,0.9000,0.0500,10,10,0.0000,0
a-n60-k9.vrp,ga,1,1434.7854,2523.3770,1959.5317,295.3628,200,1913,0.9000,0.0500,10,10,0.0000,0
a-n60-k9.vrp,ga,1,1434.7854,2600.2510,1918.0951,288.2850,200,1914,0.9000,0.0500,10,10,0.0000,0
a-n60-k9.vrp,ga,1,1434.7854,2578.8706,1947.8678,271.7575,200,1915,0.9000,0.0500,10,10,0.0000,0
a-n60-k9.vrp,ga,1,1434.7854,2634.9358,1939.1309,283.3596,200,1916,0.9000,0.0500,10,10,0.0000,0
a-n60-k9.vrp,ga,1,1434.7854,2553.4966,1965.5786,299.3506,200,1917,0.9000,0.0500,10,10,0.0000,0
a-n60-k9.vrp,ga,1,1434.7854,2422.3228,1914.7339,281.7061,200,1918,0.9000,0.0500,10,10,0.0000,0
a-n60-k9.vrp,ga,1,1434.7854,2406.8022,1910.4395,289.5988,200,1919,0.9000,0.0500,10,10,0.0000,0
a-n60-k9.vrp,ga,1,1434.7854,2690.5229,1912.4934,269.6219,200,1920,0.9000,0.0500,10,10,0.0000,0
a-n60-k9.vrp,ga,1,1434.7854,2437.1118,1932.1036,267.0351,200,1921,0.9000,0.0500,10,10,0.0000,0
a-n60-k9.vrp,ga,1,1434.7854,2403.1362,1928.3334,278.6362,200,1922,0.9000,0.0500,10,10,0.0000,0
a-n60-k9.vrp,ga,1,1434.7854,2612.7832,1919.2983,295.9086,200,1923,0.9000,0.0500,10,10,0.0000,0
a-n60-k9.vrp,ga,1,1434.7854,2491.4802,1915.6644,269.4024,200,1924,0.9000,0.0500,10,10,0.0000,0
a-n60-k9.vrp,ga,1,1434.7854,2502.6025,1927.9033,280.3809,200,1925,0.9000,0.0500,10,10,0.0000,0
a-n60-k9.vrp,ga,1,1434.7854,2428.7402,1915.8530,297.1701,200,1926,0.9000,0.0500,10,10,0.0000,0
a-n60-k9.vrp,ga,1,1434.7854,2471.6909,1923.7999,271.7939,200,1927,0.9000,0.0500,10,10,0.0000,0
a-n60-k9.vrp,ga,1,1434.7854,2515.0754,1917.7449,287.1566,200,1928,0.9000,0.0500,10,10,0.0000,0
a-n60-k9.vrp,ga,1,1434.7854,2455.4565,1941.5460,276.6423,200,1929,0.9000,0.0500,10,10,0.0000,0
a-n60-k9.vrp,ga,1,1434.7854,2502.4919,1886.4503,278.0915,200,1930,0.9000,0.0500,10,10,0.0000,0
a-n60-k9.vrp,ga,1,1434.7854,2655.3208,1873.4436,286.1504,200,1931,0.9000,0.0500,10,10,0.0000,0
a-n60-k9.vrp,ga,1,1434.7854,2655.3208,1915.7471,283.0139,200,1932,0.9000,0.0500,10,10,0.0000,0
a-n60-k9.vrp,ga,1,1434.7854,2581.4976,1887.4728,276.1800,200,1933,0.9000,0.0500,10,10,0.0000,0
a-n60-k9.vrp,ga,1,1434.7854,2780.3914,1885.4569,317.3992,200,1934,0.9000,0.0500,10,10,0.0000,0
a-n60-k9.vrp,ga,1,1434.7854,2662.4424,1913.9836,282.0308,200,1935,0.9000,0.0500,10,10,0.0000,0
a-n60-k9.vrp,ga,1,1434.7854,2655.3208,1913.7131,282.4494,200,1936,0.9000,0.0500,10,10,0.0000,0
a-n60-k9.vrp,ga,1,1434.7854,2810.5916,1903.4193,291.8567,200,1937,0.9000,0.0500,10,10,0.0000,0
a-n60-k9.vrp,ga,1,1434.7854,2655.3208,1917.7170,314.6789,200,1938,0.9000,0.0500,10,10,0.0000,0
a-n60-k9.vrp,ga,1,1434.7854,2715.4453,1912.7815,280.3228,200,1939,0.9000,0.0500,10,10,0.0000,0
a-n60-k9.vrp,ga,1,1434.7854,2736.7871,1919.0385,303.2900,200,1940,0.9000,0.0500,10,10,0.0000,0
a-n60-k9.vrp,ga,1,1434.7854,2774.4949,1899.2911,297.3763,200,1941,0.9000,0.0500,10,10,0.0000,0
a-n60-k9.vrp,ga,1,1434.7854,2655.3208,1934.3635,284.0257,200,1942,0.9000,0.0500,10,10,0.0000,0
a-n60-k9.vrp,ga,1,1434.7854,2612.5620,1917.0880,274.4028,200,1943,0.9000,0.0500,10,10,0.0000,0
a-n60-k9.vrp,ga,1,1434.7854,2829.5557,1937.6473,297.5723,200,1944,0.9000,0.0500,10,10,0.0000,0
a-n60-k9.vrp,ga,1,1434.7854,2801.1978,1941.3220,288.5311,200,1945,0.9000,0.0500,10,10,0.0000,0
a-n60-k9.vrp,ga,1,1434.7854,2717.6885,1977.5382,299.0120,200,1946,0.9000,0.0500,10,10,0.0000,0
a-n60-k9.vrp,ga,1,1434.7854,2678.3135,1927.2476,289.7747,200,1947,0.9000,0.0500,10,10,0.0000,0
a-n60-k9.vrp,ga,1,1434.7854,2641.6709,1949.9720,282.4041,200,1948,0.9000,0.0500,10,10,0.0000,0
a-n60-k9.vrp,ga,1,1434.7854,2760.2258,1945.5995,300.8230,200,1949,0.9000,0.0500,10,10,0.0000,0
a-n60-k9.vrp,ga,1,1434.7854,2871.2561,1957.8973,300.8864,200,1950,0.9000,0.0500,10,10,0.0000,0
a-n60-k9.vrp,ga,1,1434.7854,2850.1338,1936.9905,312.1078,200,1951,0.9000,0.0500,10,10,0.0000,0
a-n60-k9.vrp,ga,1,1434.7854,2536.6841,1928.6375,276.4559,200,1952,0.9000,0.0500,10,10,0.0000,0
a-n60-k9.vrp,ga,1,1434.7854,2493.1855,1945.5308,303.9825,200,1953,0.9000,0.0500,10,10,0.0000,0
a-n60-k9.vrp,ga,1,1434.7854,2500.6179,1918.5288,283.0156,200,1954,0.9000,0.0500,10,10,0.0000,0
a-n60-k9.vrp,ga,1,1434.7854,2655.3208,1902.3831,279.2011,200,1955,0.9000,0.0500,10,10,0.0000,0
a-n60-k9.vrp,ga,1,1434.7854,2947.7632,1927.0422,307.9875,200,1956,0.9000,0.0500,10,10,0.0000,0
a-n60-k9.vrp,ga,1,1434.7854,2614.7434,1978.9985,272.8379,200,1957,0.9000,0.0500,10,10,0.0000,0
a-n60-k9.vrp,ga,1,1434.7854,2702.9160,1958.1582,295.0438,200,1958,0.9000,0.0500,10,10,0.0000,0
a-n60-k9.vrp,ga,1,1434.7854,2767.4241,1989.0629,289.0010,200,1959,0.9000,0.0500,10,10,0.0000,0
a-n60-k9.vrp,ga,1,1434.7854,2721.9377,1936.7834,296.8740,200,1960,0.9000,0.0500,10,10,0.0000,0
a-n60-k9.vrp,ga,1,1434.7854,2655.3208,1891.9803,298.3626,200,1961,0.9000,0.0500,10,10,0.0000,0
a-n60-k9.vrp,ga,1,1434.7854,2793.0068,1902.2538,293.3575,200,1962,0.9000,0.0500,10,10,0.0000,0
a-n60-k9.vrp,ga,1,1434.7854,2809.5276,1936.1436,287.0110,200,1963,0.9000,0.0500,10,10,0.0000,0
a-n60-k9.vrp,ga,1,1434.7854,2721.2974,1940.5762,297.9099,200,1964,0.9000,0.0500,10,10,0.0000,0
a-n60-k9.vrp,ga,1,1434.7854,2576.9631,1906.3943,292.6005,200,1965,0.9000,0.0500,10,10,0.0000,0
a-n60-k9.vrp,ga,1,1434.7854,2556.1980,1901.6937,291.5677,200,1966,0.9000,0.0500,10,10,0.0000,0
a-n60-k9.vrp,ga,1,1434.7854,2460.0098,1891.4625,289.9545,200,1967,0.9000,0.0500,10,10,0.0000,0
a-n60-k9.vrp,ga,1,1434.7854,2483.8862,1875.8955,274.1814,200,1968,0.9000,0.0500,10,10,0.0000,0
a-n60-k9.vrp,ga,1,1434.7854,2508.8787,1921.4497,293.4106,200,1969,0.9000,0.0500,10,10,0.0000,0
a-n60-k9.vrp,ga,1,1434.7854,2379.8389,1890.2925,267.5450,200,1970,0.9000,0.0500,10,10,0.0000,0
a-n60-k9.vrp,ga,1,1434.7854,2500.0562,1923.0637,292.3992,200,1971,0.9000,0.0500,10,10,0.0000,0
a-n60-k9.vrp,ga,1,1434.7854,2425.4658,1922.5834,281.4181,200,1972,0.9000,0.0500,10,10,0.0000,0
a-n60-k9.vrp,ga,1,1434.7854,2505.4265,1916.9558,287.1080,200,1973,0.9000,0.0500,10,10,0.0000,0
a-n60-k9.vrp,ga,1,1434.7854,2443.2368,1910.0088,278.9680,200,1974,0.9000,0.0500,10,10,0.0000,0
a-n60-k9.vrp,ga,1,1434.7854,2637.7703,1959.7269,265.1708,200,1975,0.9000,0.0500,10,10,0.0000,0
a-n60-k9.vrp,ga,1,1434.7854,2640.6047,1917.2701,282.6521,200,1976,0.9000,0.0500,10,10,0.0000,0
a-n60-k9.vrp,ga,1,1434.7854,2643.1543,1946.6263,299.4261,200,1977,0.9000,0.0500,10,10,0.0000,0
a-n60-k9.vrp,ga,1,1434.7854,2648.1096,1949.9904,283.5005,200,1978,0.9000,0.0500,10,10,0.0000,0
a-n60-k9.vrp,ga,1,1434.7854,2545.2607,2004.6620,278.3469,200,1979,0.9000,0.0500,10,10,0.0000,0
a-n60-k9.vrp,ga,1,1434.7854,2528.6475,1963.5903,285.3993,200,1980,0.9000,0.0500,10,10,0.0000,0
a-n60-k9.vrp,ga,1,1434.7854,2625.6943,1903.4890,315.5753,200,1981,0.9000,0.0500,10,10,0.0000,0
a-n60-k9.vrp,ga,1,1434.7854,2501.8186,1929.7456,296.4272,200,1982,0.9000,0.0500,10,10,0.0000,0
a-n60-k9.vrp,ga,1,1434.7854,2594.0229,1892.7816,302.3127,200,1983,0.9000,0.0500,10,10,0.0000,0
a-n60-k9.vrp,ga,1,1434.7854,2526.0828,1910.2841,289.8582,200,1984,0.9000,0.0500,10,10,0.0000,0
a-n60-k9.vrp,ga,1,1434.7854,2426.8474,1890.7952,304.8337,200,1985,0.9000,0.0500,10,10,0.0000,0
a-n60-k9.vrp,ga,1,1434.7854,2455.0713,1910.2223,294.1649,200,1986,0.9000,0.0500,10,10,0.0000,0
a-n60-k9.vrp,ga,1,1434.7854,2582.4512,1916.5039,289.6798,200,1987,0.9000,0.0500,10,10,0.0000,0
a-n60-k9.vrp,ga,1,1434.7854,2708.2380,1891.8989,307.0150,200,1988,0.9000,0.0500,10,10,0.0000,0
a-n60-k9.vrp,ga,1,1434.7854,2501.9668,1927.6572,275.2021,200,1989,0.9000,0.0500,10,10,0.0000,0
a-n60-k9.vrp,ga,1,1434.7854,2534.6968,1926.3787,269.0376,200,1990,0.9000,0.0500,10,10,0.0000,0
a-n60-k9.vrp,ga,1,1434.7854,2583.7202,1955.5219,297.7979,200,1991,0.9000,0.0500,10,10,0.0000,0
a-n60-k9.vrp,ga,1,1434.7854,2497.4048,1924.1881,292.6914,200,1992,0.9000,0.0500,10,10,0.0000,0
a-n60-k9.vrp,ga,1,1434.7854,2588.4800,1919.9209,293.2046,200,1993,0.9000,0.0500,10,10,0.0000,0
a-n60-k9.vrp,ga,1,1434.7854,2565.6814,1927.6232,274.5872,200,1994,0.9000,0.0500,10,10,0.0000,0
a-n60-k9.vrp,ga,1,1434.7854,2565.6006,1910.1582,286.5248,200,1995,0.9000,0.0500,10,10,0.0000,0
a-n60-k9.vrp,ga,1,1434.7854,2612.6152,1909.5741,308.0596,200,1996,0.9000,0.0500,10,10,0.0000,0
a-n60-k9.vrp,ga,1,1434.7854,2482.7573,1908.5759,300.2026,200,1997,0.9000,0.0500,10,10,0.0000,0
a-n60-k9.vrp,ga,1,1434.7854,2583.6013,1944.7388,280.2189,200,1998,0.9000,0.0500,10,10,0.0000,0
a-n60-k9.vrp,ga,1,1434.7854,2674.0391,1915.1849,294.6675,200,1999,0.9000,0.0500,10,10,0.0000,0
a-n60-k9.vrp,ga,1,1434.7854,2516.8457,1905.5228,294.8988,200,2000,0.9000,0.0500,10,10,0.0000,0
a-n60-k9.vrp,ga,1,1434.7854,2597.3997,1896.4143,291.5449,200,2001,0.9000,0.0500,10,10,0.0000,0
a-n60-k9.vrp,ga,1,1434.7854,2481.3743,1945.4429,287.8028,200,2002,0.9000,0.0500,10,10,0.0000,0
a-n60-k9.vrp,ga,1,1434.7854,2596.8245,1971.4818,286.9688,200,2003,0.9000,0.0500,10,10,0.0000,0
a-n60-k9.vrp,ga,1,1434.7854,2710.5854,1945.2069,298.9299,200,2004,0.9000,0.0500,10,10,0.0000,0
a-n60-k9.vrp,ga,1,1434.7854,2493.5176,1942.8590,283.5299,200,2005,0.9000,0.0500,10,10,0.0000,0
a-n60-k9.vrp,ga,1,1434.7854,2581.0056,1934.3296,282.6384,200,2006,0.9000,0.0500,10,10,0.0000,0
a-n60-k9.vrp,ga,1,1434.7854,2590.9292,1966.2780,321.7346,200,2007,0.9000,0.0500,10,10,0.0000,0
a-n60-k9.vrp,ga,1,1434.7854,2613.1082,1929.2858,310.5999,200,2008,0.9000,0.0500,10,10,0.0000,0
a-n60-k9.vrp,ga,1,1434.7854,2618.0630,1954.4089,297.8185,200,2009,0.9000,0.0500,10,10,0.0000,0
a-n60-k9.vrp,ga,1,1434.7854,2590.7581,1945.7336,295.4192,200,2010,0.9000,0.0500,10,10,0.0000,0
a-n60-k9.vrp,ga,1,1434.7854,2620.4363,1926.8408,294.3479,200,2011,0.9000,0.0500,10,10,0.0000,0
a-n60-k9.vrp,ga,1,1434.7854,2666.4150,1985.8477,311.3990,200,2012,0.9000,0.0500,10,10,0.0000,0
a-n60-k9.vrp,ga,1,1434.7854,2772.8169,1950.0062,299.6686,200,2013,0.9000,0.0500,10,10,0.0000,0
a-n60-k9.vrp,ga,1,1434.7854,2640.6057,1937.1648,296.3004,200,2014,0.9000,0.0500,10,10,0.0000,0
a-n60-k9.vrp,ga,1,1434.7854,2696.5823,1991.5203,292.4427,200,2015,0.9000,0.0500,10,10,0.0000,0
a-n60-k9.vrp,ga,1,1434.7854,2596.1653,1942.8911,292.9165,200,2016,0.9000,0.0500,10,10,0.0000,0
a-n60-k9.vrp,ga,1,1434.7854,2625.9038,1948.6285,306.8743,200,2017,0.9000,0.0500,10,10,0.0000,0
a-n60-k9.vrp,ga,1,1434.7854,2778.3052,1942.5398,311.2429,200,2018,0.9000,0.0500,10,10,0.0000,0
a-n60-k9.vrp,ga,1,1434.7854,2798.0813,1950.4515,306.2446,200,2019,0.9000,0.0500,10,10,0.0000,0
a-n60-k9.vrp,ga,1,1434.7854,2728.1523,1933.9724,317.4194,200,2020,0.9000,0.0500,10,10,0.0000,0
a-n60-k9.vrp,ga,1,1434.7854,2824.8298,1982.9880,299.2895,200,2021,0.9000,0.0500,10,10,0.0000,0
a-n60-k9.vrp,ga,1,1434.7854,2603.7937,1954.5464,281.1762,200,2022,0.9000,0.0500,10,10,0.0000,0
a-n60-k9.vrp,ga,1,1434.7854,2709.9995,1965.7048,310.9250,200,2023,0.9000,0.0500,10,10,0.0000,0
a-n60-k9.vrp,ga,1,1434.7854,2745.3767,1955.4653,326.6686,200,2024,0.9000,0.0500,10,10,0.0000,0
a-n60-k9.vrp,ga,1,1434.7854,2656.6931,1898.0774,304.6606,200,2025,0.9000,0.0500,10,10,0.0000,0
a-n60-k9.vrp,ga,1,1434.7854,2836.0686,1924.7118,321.4738,200,2026,0.9000,0.0500,10,10,0.0000,0
a-n60-k9.vrp,ga,1,1434.7854,2617.1028,1924.1973,291.7043,200,2027,0.9000,0.0500,10,10,0.0000,0
a-n60-k9.vrp,ga,1,1434.7854,2577.8569,1924.0658,306.6699,200,2028,0.9000,0.0500,10,10,0.0000,0
a-n60-k9.vrp,ga,1,1434.7854,2603.8989,1944.4001,303.1156,200,2029,0.9000,0.0500,10,10,0.0000,0
a-n60-k9.vrp,ga,1,1434.7854,2975.3889,1909.7571,311.5285,200,2030,0.9000,0.0500,10,10,0.0000,0
a-n60-k9.vrp,ga,1,1434.7854,2663.3181,1885.4517,316.1840,200,2031,0.9000,0.0500,10,10,0.0000,0
a-n60-k9.vrp,ga,1,1434.7854,2635.9119,1909.4681,294.2419,200,2032,0.9000,0.0500,10,10,0.0000,0
a-n60-k9.vrp,ga,1,1434.7854,2614.5610,1906.4241,313.7882,200,2033,0.9000,0.0500,10,10,0.0000,0
a-n60-k9.vrp,ga,1,1434.7854,2640.7798,1915.4742,305.1121,200,2034,0.9000,0.0500,10,10,0.0000,0
a-n60-k9.vrp,ga,1,1434.7854,2591.8181,1920.7289,306.8074,200,2035,0.9000,0.0500,10,10,0.0000,0
a-n60-k9.vrp,ga,1,1434.7854,2462.4639,1893.0984,292.0452,200,2036,0.9000,0.0500,10,10,0.0000,0
a-n60-k9.vrp,ga,1,1434.7854,2641.8503,1876.1418,305.8115,200,2037,0.9000,0.0500,10,10,0.0000,0
a-n60-k9.vrp,ga,1,1434.7854,3067.3564,1918.8367,296.5582,200,2038,0.9000,0.0500,10,10,0.0000,0
a-n60-k9.vrp,ga,1,1434.7854,2622.3406,1931.1387,298.3954,200,2039,0.9000,0.0500,10,10,0.0000,0
a-n60-k9.vrp,ga,1,1434.7854,2739.4441,1889.2424,307.1832,200,2040,0.9000,0.0500,10,10,0.0000,0
a-n60-k9.vrp,ga,1,1434.7854,2935.1509,1927.6340,301.0441,200,2041,0.9000,0.0500,10,10,0.0000,0
a-n60-k9.vrp,ga,1,1434.7854,2563.9209,1894.3712,288.3558,200,2042,0.9000,0.0500,10,10,0.0000,0
a-n60-k9.vrp,ga,1,1434.7854,2637.3665,1893.7356,299.8255,200,2043,0.9000,0.0500,10,10,0.0000,0
a-n60-k9.vrp,ga,1,1434.7854,2785.8623,1901.5812,305.3406,200,2044,0.9000,0.0500,10,10,0.0000,0
a-n60-k9.vrp,ga,1,1434.7854,2943.9875,1904.7262,308.7018,200,2045,0.9000,0.0500,10,10,0.0000,0
a-n60-k9.vrp,ga,1,1434.7854,2868.7915,1906.7119,311.5310,200,2046,0.9000,0.0500,10,10,0.0000,0
a-n60-k9.vrp,ga,1,1434.7854,2546.2891,1889.7711,296.4316,200,2047,0.9000,0.0500,10,10,0.0000,0
a-n60-k9.vrp,ga,1,1434.7854,2508.1497,1878.5493,288.8008,200,2048,0.9000,0.0500,10,10,0.0000,0
a-n60-k9.vrp,ga,1,1434.7854,2766.1143,1916.9530,320.7106,200,2049,0.9000,0.0500,10,10,0.0000,0
a-n60-k9.vrp,ga,1,1434.7854,2705.0684,1907.7068,303.5761,200,2050,0.9000,0.0500,10,10,0.0000,0
a-n60-k9.vrp,ga,1,1434.7854,2730.5190,1904.8768,294.3238,200,2051,0.9000,0.0500,10,10,0.0000,0
a-n60-k9.vrp,ga,1,1434.7854,2670.9998,1921.3475,284.4187,200,2052,0.9000,0.0500,10,10,0.0000,0
a-n60-k9.vrp,ga,1,1434.7854,2873.7522,1890.2214,299.4113,200,2053,0.9000,0.0500,10,10,0.0000,0
a-n60-k9.vrp,ga,1,1434.7854,2769.4199,1921.1758,321.6219,200,2054,0.9000,0.0500,10,10,0.0000,0
a-n60-k9.vrp,ga,1,1434.7854,2769.4199,1918.6827,291.8559,200,2055,0.9000,0.0500,10,10,0.0000,0
a-n60-k9.vrp,ga,1,1434.7854,2683.5999,1924.2504,319.4689,200,2056,0.9000,0.0500,10,10,0.0000,0
a-n60-k9.vrp,ga,1,1434.7854,2791.0034,1912.5525,317.7492,200,2057,0.9000,0.0500,10,10,0.0000,0
a-n60-k9.vrp,ga,1,1434.7854,2668.0776,1902.8071,308.2418,200,2058,0.9000,0.0500,10,10,0.0000,0
a-n60-k9.vrp,ga,1,1434.7854,2805.7610,1912.4124,303.4805,200,2059,0.9000,0.0500,10,10,0.0000,0
a-n60-k9.vrp,ga,1,1434.7854,2769.4199,1894.3999,302.8073,200,2060,0.9000,0.0500,10,10,0.0000,0
a-n60-k9.vrp,ga,1,1434.7854,2769.4199,1891.5730,320.8392,200,2061,0.9000,0.0500,10,10,0.0000,0
a-n60-k9.vrp,ga,1,1434.7854,2601.3850,1913.2720,299.2197,200,2062,0.9000,0.0500,10,10,0.0000,0
a-n60-k9.vrp,ga,1,1434.7854,2769.4199,1916.9905,304.5672,200,2063,0.9000,0.0500,10,10,0.0000,0
a-n60-k9.vrp,ga,1,1434.7854,2749.8872,1911.3849,317.0185,200,2064,0.9000,0.0500,10,10,0.0000,0
a-n60-k9.vrp,ga,1,1434.7854,2638.4490,1933.0520,296.0857,200,2065,0.9000,0.0500,10,10,0.0000,0
a-n60-k9.vrp,ga,1,1434.7854,2832.8608,1948.2710,310.2380,200,2066,0.9000,0.0500,10,10,0.0000,0
a-n60-k9.vrp,ga,1,1434.7854,2749.8872,1950.9655,290.1205,200,2067,0.9000,0.0500,10,10,0.0000,0
a-n60-k9.vrp,ga,1,1434.7854,2819.4160,1943.0516,302.7480,200,2068,0.9000,0.0500,10,10,0.0000,0
a-n60-k9.vrp,ga,1,1434.7854,2749.8872,1946.5847,337.5228,200,2069,0.9000,0.0500,10,10,0.0000,0
a-n60-k9.vrp,ga,1,1434.7854,2749.8872,1951.8468,299.2579,200,2070,0.9000,0.0500,10,10,0.0000,0
a-n60-k9.vrp,ga,1,1434.7854,2749.8872,1964.6625,307.1342,200,2071,0.9000,0.0500,10,10,0.0000,0
a-n60-k9.vrp,ga,1,1434.7854,2776.0303,1955.4191,312.5658,200,2072,0.9000,0.0500,10,10,0.0000,0
a-n60-k9.vrp,ga,1,1434.7854,2834.9199,1896.1211,339.0793,200,2073,0.9000,0.0500,10,10,0.0000,0
a-n60-k9.vrp,ga,1,1434.7854,2781.0017,1921.1848,306.6124,200,2074,0.9000,0.0500,10,10,0.0000,0
a-n60-k9.vrp,ga,1,1434.7853,2588.2061,1892.7693,315.9750,200,2075,0.9000,0.0500,10,10,0.0000,0
a-n60-k9.vrp,ga,1,1434.7853,2552.3062,1884.7029,294.2903,200,2076,0.9000,0.0500,10,10,0.0000,0
a-n60-k9.vrp,ga,1,1434.7853,2749.8872,1903.0615,297.4544,200,2077,0.9000,0.0500,10,10,0.0000,0
a-n60-k9.vrp,ga,1,1434.7853,2698.8313,1896.2482,298.3195,200,2078,0.9000,0.0500,10,10,0.0000,0
a-n60-k9.vrp,ga,1,1434.7853,2562.0957,1867.5743,286.2273,200,2079,0.9000,0.0500,10,10,0.0000,0
a-n60-k9.vrp,ga,1,1434.7853,2506.8264,1829.6017,285.8979,200,2080,0.9000,0.0500,10,10,0.0000,0
a-n60-k9.vrp,ga,1,1434.7853,2387.2627,1830.3892,269.3763,200,2081,0.9000,0.0500,10,10,0.0000,0
a-n60-k9.vrp,ga,1,1434.7853,2390.2415,1819.7970,262.7806,200,2082,0.9000,0.0500,10,10,0.0000,0
a-n60-k9.vrp,ga,1,1434.7853,2339.4956,1848.2856,261.9585,200,2083,0.9000,0.0500,10,10,0.0000,0
a-n60-k9.vrp,ga,1,1434.7853,2406.5867,1864.7230,263.9034,200,2084,0.9000,0.0500,10,10,0.0000,0
a-n60-k9.vrp,ga,1,1434.7853,2522.1396,1856.1947,265.7038,200,2085,0.9000,0.0500,10,10,0.0000,0
a-n60-k9.vrp,ga,1,1434.7853,2500.2983,1862.3455,276.8605,200,2086,0.9000,0.0500,10,10,0.0000,0
a-n60-k9.vrp,ga,1,1434.7853,2506.5337,1903.3314,297.5979,200,2087,0.9000,0.0500,10,10,0.0000,0
a-n60-k9.vrp,ga,1,1434.7853,2588.4143,1903.5476,296.9114,200,2088,0.9000,0.0500,10,10,0.0000,0
a-n60-k9.vrp,ga,1,1434.7853,2622.8779,1927.3826,297.1036,200,2089,0.9000,0.0500,10,10,0.0000,0
a-n60-k9.vrp,ga,1,1434.7853,2794.4875,1917.8412,292.5495,200,2090,0.9000,0.0500,10,10,0.0000,0
a-n60-k9.vrp,ga,1,1434.7853,2546.8589,1912.6608,286.4543,200,2091,0.9000,0.0500,10,10,0.0000,0
a-n60-k9.vrp,ga,1,1434.7853,2772.1580,1918.6678,313.5507,200,2092,0.9000,0.0500,10,10,0.0000,0
a-n60-k9.vrp,ga,1,1434.7853,2746.7078,1917.1034,290.3403,200,2093,0.9000,0.0500,10,10,0.0000,0
a-n60-k9.vrp,ga,1,1434.7853,2549.1631,1939.1075,301.2887,200,2094,0.9000,0.0500,10,10,0.0000,0
a-n60-k9.vrp,ga,1,1434.7853,2481.7998,1928.7870,270.7372,200,2095,0.9000,0.0500,10,10,0.0000,0
a-n60-k9.vrp,ga,1,1434.7853,2694.4863,1974.7709,283.5502,200,2096,0.9000,0.0500,10,10,0.0000,0
a-n60-k9.vrp,ga,1,1434.7853,2673.7632,1965.1086,309.8474,200,2097,0.9000,0.0500,10,10,0.0000,0
a-n60-k9.vrp,ga,1,1434.7853,2539.8911,1926.8987,282.9812,200,2098,0.9000,0.0500,10,10,0.0000,0
a-n60-k9.vrp,ga,1,1434.7853,3010.7188,1948.3611,302.5891,200,2099,0.9000,0.0500,10,10,0.0000,0
a-n60-k9.vrp,ga,1,1434.7853,2531.8220,1930.4760,300.2380,200,2100,0.9000,0.0500,10,10,0.0000,0
a-n60-k9.vrp,ga,1,1434.7853,2717.1023,1907.9412,309.5989,200,2101,0.9000,0.0500,10,10,0.0000,0
a-n60-k9.vrp,ga,1,1434.7853,2561.1843,1847.0065,278.9553,200,2102,0.9000,0.0500,10,10,0.0000,0
a-n60-k9.vrp,ga,1,1434.7853,2605.1987,1891.2753,265.2010,200,2103,0.9000,0.0500,10,10,0.0000,0
a-n60-k9.vrp,ga,1,1434.7853,2438.2578,1857.3540,289.5476,200,2104,0.9000,0.0500,10,10,0.0000,0
a-n60-k9.vrp,ga,1,1434.7853,2670.2549,1922.1520,283.0656,200,2105,0.9000,0.0500,10,10,0.0000,0
a-n60-k9.vrp,ga,1,1434.7853,2587.6221,1884.7417,288.2415,200,2106,0.9000,0.0500,10,10,0.0000,0
a-n60-k9.vrp,ga,1,1434.7853,2693.8005,1899.8392,287.7714,200,2107,0.9000,0.0500,10,10,0.0000,0
a-n60-k9.vrp,ga,1,1434.7853,2541.2896,1882.2775,274.0600,200,2108,0.9000,0.0500,10,10,0.0000,0
a-n60-k9.vrp,ga,1,1434.7853,2584.9656,1862.0869,284.6053,200,2109,0.9000,0.0500,10,10,0.0000,0
a-n60-k9.vrp,ga,1,1434.7853,2495.8022,1890.6323,263.4487,200,2110,0.9000,0.0500,10,10,0.0000,0
a-n60-k9.vrp,ga,1,1434.7853,2682.9414,1878.7311,278.9275,200,2111,0.9000,0.0500,10,10,0.0000,0
a-n60-k9.vrp,ga,1,1434.7853,2484.2483,1876.6632,270.3238,200,2112,0.9000,0.0500,10,10,0.0000,0
a-n60-k9.vrp,ga,1,1434.7853,2586.7573,1928.6830,284.1663,200,2113,0.9000,0.0500,10,10,0.0000,0
a-n60-k9.vrp,ga,1,1434.7853,2667.3281,1918.0402,273.2101,200,2114,0.9000,0.0500,10,10,0.0000,0
a-n60-k9.vrp,ga,1,1434.7853,2575.0044,1910.2699,286.9647,200,2115,0.9000,0.0500,10,10,0.0000,0
a-n60-k9.vrp,ga,1,1434.7853,2463.5251,1863.5070,283.9449,200,2116,0.9000,0.0500,10,10,0.0000,0
a-n60-k9.vrp,ga,1,1434.7853,2517.2463,1850.2612,300.9209,200,2117,0.9000,0.0500,10,10,0.0000,0
a-n60-k9.vrp,ga,1,1434.7853,2369.5171,1810.7927,274.2827,200,2118,0.9000,0.0500,10,10,0.0000,0
a-n60-k9.vrp,ga,1,1434.7853,2525.6506,1836.7708,273.5965,200,2119,0.9000,0.0500,10,10,0.0000,0
a-n60-k9.vrp,ga,1,1434.7853,2624.3357,1856.4429,297.6927,200,2120,0.9000,0.0500,10,10,0.0000,0
a-n60-k9.vrp,ga,1,1434.7853,2423.4170,1840.7947,274.7007,200,2121,0.9000,0.0500,10,10,0.0000,0
a-n60-k9.vrp,ga,1,1434.7853,2592.0312,1882.8990,283.0155,200,2122,0.9000,0.0500,10,10,0.0000,0
a-n60-k9.vrp,ga,1,1434.7853,2549.3999,1857.3413,289.1042,200,2123,0.9000,0.0500,10,10,0.0000,0
a-n60-k9.vrp,ga,1,1434.7853,2494.2410,1847.4291,293.8094,200,2124,0.9000,0.0500,10,10,0.0000,0
a-n60-k9.vrp,ga,1,1434.7853,2439.6211,1811.6799,277.9708,200,2125,0.9000,0.0500,10,10,0.0000,0
a-n60-k9.vrp,ga,1,1434.7853,2396.4705,1797.7524,289.2815,200,2126,0.9000,0.0500,10,10,0.0000,0
a-n60-k9.vrp,ga,1,1434.7853,2461.6975,1857.0293,288.8320,200,2127,0.9000,0.0500,10,10,0.0000,0
a-n60-k9.vrp,ga,1,1434.7853,2736.8831,1872.2179,286.2808,200,2128,0.9000,0.0500,10,10,0.0000,0
a-n60-k9.vrp,ga,1,1434.7853,2423.8889,1883.5480,283.6458,200,2129,0.9000,0.0500,10,10,0.0000,0
a-n60-k9.vrp,ga,1,1434.7853,2482.4062,1898.4156,285.3739,200,2130,0.9000,0.0500,10,10,0.0000,0
a-n60-k9.vrp,ga,1,1434.7853,2637.9897,1918.3523,289.1386,200,2131,0.9000,0.0500,10,10,0.0000,0
a-n60-k9.vrp,ga,1,1434.7853,2716.2522,1889.0818,287.2249,200,2132,0.9000,0.0500,10,10,0.0000,0
a-n60-k9.vrp,ga,1,1434.7853,2467.7239,1890.9766,281.2555,200,2133,0.9000,0.0500,10,10,0.0000,0
a-n60-k9.vrp,ga,1,1434.7853,2492.5874,1864.3900,285.3779,200,2134,0.9000,0.0500,10,10,0.0000,0
a-n60-k9.vrp,ga,1,1434.7853,2683.0698,1864.2821,288.1961,200,2135,0.9000,0.0500,10,10,0.0000,0
a-n60-k9.vrp,ga,1,1434.7853,2423.8821,1874.9916,265.2917,200,2136,0.9000,0.0500,10,10,0.0000,0
a-n60-k9.vrp,ga,1,1434.7853,2464.8940,1871.1437,294.0325,200,2137,0.9000,0.0500,10,10,0.0000,0
a-n60-k9.vrp,ga,1,1434.7853,2486.5486,1849.5746,279.9961,200,2138,0.9000,0.0500,10,10,0.0000,0
a-n60-k9.vrp,ga,1,1434.7853,2520.3577,1839.4987,277.4476,200,2139,0.9000,0.0500,10,10,0.0000,0
a-n60-k9.vrp,ga,1,1434.7853,2486.5486,1834.4626,278.4361,200,2140,0.9000,0.0500,10,10,0.0000,0
a-n60-k9.vrp,ga,1,1434.7853,2398.3120,1829.2125,279.0288,200,2141,0.9000,0.0500,10,10,0.0000,0
a-n60-k9.vrp,ga,1,1434.7853,2499.3657,1817.9923,268.5548,200,2142,0.9000,0.0500,10,10,0.0000,0
a-n60-k9.vrp,ga,1,1434.7853,2448.5913,1840.9694,285.8563,200,2143,0.9000,0.0500,10,10,0.0000,0
a-n60-k9.vrp,ga,1,1434.7853,2526.7251,1869.2343,277.7927,200,2144,0.9000,0.0500,10,10,0.0000,0
a-n60-k9.vrp,ga,1,1434.7853,2557.7432,1832.1248,277.3727,200,2145,0.9000,0.0500,10,10,0.0000,0
a-n60-k9.vrp,ga,1,1434.7853,2683.6089,1812.5389,269.8435,200,2146,0.9000,0.0500,10,10,0.0000,0
a-n60-k9.vrp,ga,1,1434.7853,2620.8879,1870.0148,275.8093,200,2147,0.9000,0.0500,10,10,0.0000,0
a-n60-k9.vrp,ga,1,1434.7853,2426.0645,1895.8372,265.8826,200,2148,0.9000,0.0500,10,10,0.0000,0
a-n60-k9.vrp,ga,1,1434.7853,2590.4829,1887.2977,288.7635,200,2149,0.9000,0.0500,10,10,0.0000,0
a-n60-k9.vrp,ga,1,1434.7853,2484.2817,1862.5320,263.7042,200,2150,0.9000,0.0500,10,10,0.0000,0
a-n60-k9.vrp,ga,1,1434.7853,2447.1680,1864.2078,272.3161,200,2151,0.9000,0.0500,10,10,0.0000,0
a-n60-k9.vrp,ga,1,1434.7853,2366.2454,1854.7057,257.8289,200,2152,0.9000,0.0500,10,10,0.0000,0
a-n60-k9.vrp,ga,1,1434.7853,2577.0598,1861.6027,289.7108,200,2153,0.9000,0.0500,10,10,0.0000,0
a-n60-k9.vrp,ga,1,1434.7853,2523.2063,1857.2236,278.3855,200,2154,0.9000,0.0500,10,10,0.0000,0
a-n60-k9.vrp,ga,1,1434.7853,2676.9170,1860.7567,279.8549,200,2155,0.9000,0.0500,10,10,0.0000,0
a-n60-k9.vrp,ga,1,1434.7853,2587.3533,1888.0051,280.6101,200,2156,0.9000,0.0500,10,10,0.0000,0
a-n60-k9.vrp,ga,1,1434.7853,2654.8562,1917.5383,301.9982,200,2157,0.9000,0.0500,10,10,0.0000,0
a-n60-k9.vrp,ga,1,1434.7853,2492.4727,1842.1210,296.1972,200,2158,0.9000,0.0500,10,10,0.0000,0
a-n60-k9.vrp,ga,1,1434.7853,2647.6870,1854.6248,290.8811,200,2159,0.9000,0.0500,10,10,0.0000,0
a-n60-k9.vrp,ga,1,1434.7853,2546.0347,1869.8695,280.2911,200,2160,0.9000,0.0500,10,10,0.0000,0
a-n60-k9.vrp,ga,1,1434.7853,2489.4485,1879.9241,287.7952,200,2161,0.9000,0.0500,10,10,0.0000,0
a-n60-k9.vrp,ga,1,1434.7853,2493.1602,1875.1523,273.5194,200,2162,0.9000,0.0500,10,10,0.0000,0
a-n60-k9.vrp,ga,1,1434.7853,2591.2671,1889.3440,292.6107,200,2163,0.9000,0.0500,10,10,0.0000,0
a-n60-k9.vrp,ga,1,1434.7853,2559.9041,1862.0370,288.6899,200,2164,0.9000,0.0500,10,10,0.0000,0
a-n60-k9.vrp,ga,1,1434.7853,2658.9951,1901.6813,291.0780,200,2165,0.9000,0.0500,10,10,0.0000,0
a-n60-k9.vrp,ga,1,1434.7853,2467.6963,1860.8430,279.3792,200,2166,0.9000,0.0500,10,10,0.0000,0
a-n60-k9.vrp,ga,1,1434.7853,2434.0149,1865.2646,267.3094,200,2167,0.9000,0.0500,10,10,0.0000,0
a-n60-k9.vrp,ga,1,1434.7853,2496.4199,1905.2064,273.8261,200,2168,0.9000,0.0500,10,10,0.0000,0
a-n60-k9.vrp,ga,1,1434.7853,2565.2002,1906.5792,277.5133,200,2169,0.9000,0.0500,10,10,0.0000,0
a-n60-k9.vrp,ga,1,1434.7853,2557.4805,1888.1798,294.1529,200,2170,0.9000,0.0500,10,10,0.0000,0
a-n60-k9.vrp,ga,1,1434.7853,2716.2319,1858.8013,297.0088,200,2171,0.9000,0.0500,10,10,0.0000,0
a-n60-k9.vrp,ga,1,1434.7853,2602.7964,1846.2627,298.4998,200,2172,0.9000,0.0500,10,10,0.0000,0
a-n60-k9.vrp,ga,1,1434.7853,2475.6155,1882.6022,281.5707,200,2173,0.9000,0.0500,10,10,0.0000,0
a-n60-k9.vrp,ga,1,1434.7853,2493.6182,1891.7162,285.3539,200,2174,0.9000,0.0500,10,10,0.0000,0
a-n60-k9.vrp,ga,1,1434.7853,2571.8774,1882.3732,287.5240,200,2175,0.9000,0.0500,10,10,0.0000,0
a-n60-k9.vrp,ga,1,1434.7853,2595.9429,1904.0250,302.0316,200,2176,0.9000,0.0500,10,10,0.0000,0
a-n60-k9.vrp,ga,1,1434.7853,2474.4075,1873.7684,283.1332,200,2177,0.9000,0.0500,10,10,0.0000,0
a-n60-k9.vrp,ga,1,1434.7853,2760.5327,1846.3696,287.6614,200,2178,0.9000,0.0500,10,10,0.0000,0
a-n60-k9.vrp,ga,1,1434.7853,2628.3157,1875.7168,285.3587,200,2179,0.9000,0.0500,10,10,0.0000,0
a-n60-k9.vrp,ga,1,1434.7853,2653.7524,1895.9923,299.3573,200,2180,0.9000,0.0500,10,10,0.0000,0
a-n60-k9.vrp,ga,1,1434.7853,2662.7146,1916.4559,296.9709,200,2181,0.9000,0.0500,10,10,0.0000,0
a-n60-k9.vrp,ga,1,1434.7853,2474.1992,1854.4635,281.1421,200,2182,0.9000,0.0500,10,10,0.0000,0
a-n60-k9.vrp,ga,1,1434.7853,2575.4167,1851.4038,292.2460,200,2183,0.9000,0.0500,10,10,0.0000,0
a-n60-k9.vrp,ga,1,1434.7853,2683.1528,1839.3159,295.4315,200,2184,0.9000,0.0500,10,10,0.0000,0
a-n60-k9.vrp,ga,1,1434.7853,2630.5566,1874.4104,274.5728,200,2185,0.9000,0.0500,10,10,0.0000,0
a-n60-k9.vrp,ga,1,1434.7853,2538.1387,1870.5333,291.2395,200,2186,0.9000,0.0500,10,10,0.0000,0
a-n60-k9.vrp,ga,1,1434.7853,2488.8828,1835.3290,290.7118,200,2187,0.9000,0.0500,10,10,0.0000,0
a-n60-k9.vrp,ga,1,1434.7853,2466.1204,1797.2589,270.6086,200,2188,0.9000,0.0500,10,10,0.0000,0
a-n60-k9.vrp,ga,1,1434.7853,2532.6963,1834.3528,269.6332,200,2189,0.9000,0.0500,10,10,0.0000,0
a-n60-k9.vrp,ga,1,1434.7853,2571.0061,1816.7041,287.0472,200,2190,0.9000,0.0500,10,10,0.0000,0
a-n60-k9.vrp,ga,1,1434.7853,2691.3479,1822.6825,268.2779,200,2191,0.9000,0.0500,10,10,0.0000,0
a-n60-k9.vrp,ga,1,1434.7853,2503.6472,1840.9586,279.0019,200,2192,0.9000,0.0500,10,10,0.0000,0
a-n60-k9.vrp,ga,1,1434.7853,2473.0862,1814.7128,266.9896,200,2193,0.9000,0.0500,10,10,0.0000,0
a-n60-k9.vrp,ga,1,1434.7853,2496.4087,1813.5315,265.7882,200,2194,0.9000,0.0500,10,10,0.0000,0
a-n60-k9.vrp,ga,1,1434.7853,2417.1250,1796.4840,271.7058,200,2195,0.9000,0.0500,10,10,0.0000,0
a-n60-k9.vrp,ga,1,1434.7853,2533.6653,1846.6680,281.2323,200,2196,0.9000,0.0500,10,10,0.0000,0
a-n60-k9.vrp,ga,1,1434.7853,2376.7876,1874.4130,262.8103,200,2197,0.9000,0.0500,10,10,0.0000,0
a-n60-k9.vrp,ga,1,1434.7853,2622.8867,1878.5579,288.2412,200,2198,0.9000,0.0500,10,10,0.0000,0
a-n60-k9.vrp,ga,1,1434.7853,2428.6099,1856.9758,260.3781,200,2199,0.9000,0.0500,10,10,0.0000,0
a-n60-k9.vrp,ga,1,1434.7853,2396.1978,1827.7487,270.9712,200,2200,0.9000,0.0500,10,10,0.0000,0
a-n60-k9.vrp,ga,1,1434.7853,2642.3960,1829.7230,260.3929,200,2201,0.9000,0.0500,10,10,0.0000,0
a-n60-k9.vrp,ga,1,1434.7853,2596.1047,1849.8788,268.8260,200,2202,0.9000,0.0500,10,10,0.0000,0
a-n60-k9.vrp,ga,1,1434.7853,2468.9390,1857.7288,282.7567,200,2203,0.9000,0.0500,10,10,0.0000,0
a-n60-k9.vrp,ga,1,1434.7853,2449.6768,1811.6874,261.2381,200,2204,0.9000,0.0500,10,10,0.0000,0
a-n60-k9.vrp,ga,1,1434.7853,2402.0623,1842.7125,246.9725,200,2205,0.9000,0.0500,10,10,0.0000,0
a-n60-k9.vrp,ga,1,1434.7853,2540.5679,1845.9327,280.6389,200,2206,0.9000,0.0500,10,10,0.0000,0
a-n60-k9.vrp,ga,1,1434.7853,2551.2112,1855.9894,273.4465,200,2207,0.9000,0.0500,10,10,0.0000,0
a-n60-k9.vrp,ga,1,1434.7853,2716.0146,1830.1863,288.2238,200,2208,0.9000,0.0500,10,10,0.0000,0
a-n60-k9.vrp,ga,1,1434.7853,2515.2595,1831.4447,284.6899,200,2209,0.9000,0.0500,10,10,0.0000,0
a-n60-k9.vrp,ga,1,1434.7853,2508.5730,1903.3724,274.7830,200,2210,0.9000,0.0500,10,10,0.0000,0
a-n60-k9.vrp,ga,1,1434.7853,2571.6243,1920.4807,279.1106,200,2211,0.9000,0.0500,10,10,0.0000,0
a-n60-k9.vrp,ga,1,1434.7853,2647.2078,1888.1113,284.5461,200,2212,0.9000,0.0500,10,10,0.0000,0
a-n60-k9.vrp,ga,1,1434.7853,2441.0537,1845.8136,272.6789,200,2213,0.9000,0.0500,10,10,0.0000,0
a-n60-k9.vrp,ga,1,1434.7853,2429.0393,1823.4529,267.5715,200,2214,0.9000,0.0500,10,10,0.0000,0
a-n60-k9.vrp,ga,1,1434.7853,2371.3176,1849.5938,281.2692,200,2215,0.9000,0.0500,10,10,0.0000,0
a-n60-k9.vrp,ga,1,1434.7853,2582.2480,1865.5472,279.7808,200,2216,0.9000,0.0500,10,10,0.0000,0
a-n60-k9.vrp,ga,1,1434.7853,2434.1470,1870.1990,258.5689,200,2217,0.9000,0.0500,10,10,0.0000,0
a-n60-k9.vrp,ga,1,1434.7853,2464.3928,1881.9017,282.0980,200,2218,0.9000,0.0500,10,10,0.0000,0
a-n60-k9.vrp,ga,1,1434.7853,2560.4590,1854.2288,311.9050,200,2219,0.9000,0.0500,10,10,0.0000,0
a-n60-k9.vrp,ga,1,1434.7853,2446.4229,1827.6198,280.4893,200,2220,0.9000,0.0500,10,10,0.0000,0
a-n60-k9.vrp,ga,1,1434.7853,2549.4153,1866.1971,299.7027,200,2221,0.9000,0.0500,10,10,0.0000,0
a-n60-k9.vrp,ga,1,1434.7853,2518.0706,1836.2346,281.1827,200,2222,0.9000,0.0500,10,10,0.0000,0
a-n60-k9.vrp,ga,1,1434.7853,2592.2336,1879.9093,282.4030,200,2223,0.9000,0.0500,10,10,0.0000,0
a-n60-k9.vrp,ga,1,1434.7853,2698.9382,1849.4508,272.7094,200,2224,0.9000,0.0500,10,10,0.0000,0
a-n60-k9.vrp,ga,1,1434.7853,2645.4426,1852.5492,286.6856,200,2225,0.9000,0.0500,10,10,0.0000,0
a-n60-k9.vrp,ga,1,1434.7853,2478.6895,1845.3356,281.5090,200,2226,0.9000,0.0500,10,10,0.0000,0
a-n60-k9.vrp,ga,1,1434.7853,2625.7500,1860.6156,286.9535,200,2227,0.9000,0.0500,10,10,0.0000,0
a-n60-k9.vrp,ga,1,1434.7853,2481.5466,1882.6381,291.9207,200,2228,0.9000,0.0500,10,10,0.0000,0
a-n60-k9.vrp,ga,1,1434.7853,2512.8120,1885.0525,295.8417,200,2229,0.9000,0.0500,10,10,0.0000,0
a-n60-k9.vrp,ga,1,1434.7853,2772.2917,1884.7041,316.4622,200,2230,0.9000,0.0500,10,10,0.0000,0
a-n60-k9.vrp,ga,1,1434.7853,2563.8557,1849.9446,287.6707,200,2231,0.9000,0.0500,10,10,0.0000,0
a-n60-k9.vrp,ga,1,1434.7853,2789.1006,1883.0336,315.6631,200,2232,0.9000,0.0500,10,10,0.0000,0
a-n60-k9.vrp,ga,1,1434.7853,2763.3086,1836.5079,305.0061,200,2233,0.9000,0.0500,10,10,0.0000,0
a-n60-k9.vrp,ga,1,1434.7853,2842.8975,1835.6570,295.5372,200,2234,0.9000,0.0500,10,10,0.0000,0
a-n60-k9.vrp,ga,1,1434.7853,2934.6167,1868.2765,329.5123,200,2235,0.9000,0.0500,10,10,0.0000,0
a-n60-k9.vrp,ga,1,1434.7853,2772.3086,1853.8173,320.6671,200,2236,0.9000,0.0500,10,10,0.0000,0
a-n60-k9.vrp,ga,1,1434.7853,2707.7395,1831.2133,305.0764,200,2237,0.9000,0.0500,10,10,0.0000,0
a-n60-k9.vrp,ga,1,1434.7853,2919.3047,1833.4563,307.7207,200,2238,0.9000,0.0500,10,10,0.0000,0
a-n60-k9.vrp,ga,1,1434.7853,2814.2104,1827.8350,283.5229,200,2239,0.9000,0.0500,10,10,0.0000,0
a-n60-k9.vrp,ga,1,1434.7853,2761.3782,1862.0095,288.6617,200,2240,0.9000,0.0500,10,10,0.0000,0
a-n60-k9.vrp,ga,1,1434.7853,2729.7891,1862.5214,296.9303,200,2241,0.9000,0.0500,10,10,0.0000,0
a-n60-k9.vrp,ga,1,1434.7853,2704.7363,1841.4092,285.6831,200,2242,0.9000,0.0500,10,10,0.0000,0
a-n60-k9.vrp,ga,1,1434.7853,2872.5972,1863.8818,307.4088,200,2243,0.9000,0.0500,10,10,0.0000,0
a-n60-k9.vrp,ga,1,1434.7853,2756.5088,1874.4393,295.5822,200,2244,0.9000,0.0500,10,10,0.0000,0
a-n60-k9.vrp,ga,1,1434.7853,2682.5051,1868.5284,288.8257,200,2245,0.9000,0.0500,10,10,0.0000,0
a-n60-k9.vrp,ga,1,1434.7853,2726.6697,1837.2394,286.9213,200,2246,0.9000,0.0500,10,10,0.0000,0
a-n60-k9.vrp,ga,1,1434.7853,2965.9397,1852.0836,292.6543,200,2247,0.9000,0.0500,10,10,0.0000,0
a-n60-k9.vrp,ga,1,1434.7853,2675.1516,1864.2118,283.8633,200,2248,0.9000,0.0500,10,10,0.0000,0
a-n60-k9.vrp,ga,1,1434.7853,2675.1516,1865.1995,270.2248,200,2249,0.9000,0.0500,10,10,0.0000,0
a-n60-k9.vrp,ga,1,1434.7853,2813.8279,1861.9739,331.6821,200,2250,0.9000,0.0500,10,10,0.0000,0
a-n60-k9.vrp,ga,1,1434.7853,2766.0991,1858.5698,275.6055,200,2251,0.9000,0.0500,10,10,0.0000,0
a-n60-k9.vrp,ga,1,1434.7853,2792.2427,1866.8801,285.5509,200,2252,0.9000,0.0500,10,10,0.0000,0
a-n60-k9.vrp,ga,1,1434.7853,2851.1975,1837.8225,281.5563,200,2253,0.9000,0.0500,10,10,0.0000,0
a-n60-k9.vrp,ga,1,1434.7853,2861.8838,1876.1487,307.7892,200,2254,0.9000,0.0500,10,10,0.0000,0
a-n60-k9.vrp,ga,1,1434.7853,2700.5042,1871.4578,298.4485,200,2255,0.9000,0.0500,10,10,0.0000,0
a-n60-k9.vrp,ga,1,1434.7853,2660.0789,1873.0519,271.3398,200,2256,0.9000,0.0500,10,10,0.0000,0
a-n60-k9.vrp,ga,1,1434.7853,2692.6707,1886.2476,294.4769,200,2257,0.9000,0.0500,10,10,0.0000,0
a-n60-k9.vrp,ga,1,1434.7853,2700.2056,1875.5079,295.0510,200,2258,0.9000,0.0500,10,10,0.0000,0
a-n60-k9.vrp,ga,1,1434.7853,2691.5374,1888.1443,289.6255,200,2259,0.9000,0.0500,10,10,0.0000,0
a-n60-k9.vrp,ga,1,1434.7853,2767.6270,1880.5532,279.2617,200,2260,0.9000,0.0500,10,10,0.0000,0
a-n60-k9.vrp,ga,1,1434.7853,2818.7646,1863.5553,283.2258,200,2261,0.9000,0.0500,10,10,0.0000,0
a-n60-k9.vrp,ga,1,1434.7853,2507.1230,1858.8881,266.8868,200,2262,0.9000,0.0500,10,10,0.0000,0
a-n60-k9.vrp,ga,1,1434.7853,2965.9397,1925.2208,296.9520,200,2263,0.9000,0.0500,10,10,0.0000,0
a-n60-k9.vrp,ga,1,1434.7853,2942.7219,1905.7693,311.3346,200,2264,0.9000,0.0500,10,10,0.0000,0
a-n60-k9.vrp,ga,1,1434.7853,2718.7249,1872.0315,272.5577,200,2265,0.9000,0.0500,10,10,0.0000,0
a-n60-k9.vrp,ga,1,1434.7853,2689.2666,1860.8696,302.1816,200,2266,0.9000,0.0500,10,10,0.0000,0
a-n60-k9.vrp,ga,1,1434.7853,2826.7747,1866.5573,275.4512,200,2267,0.9000,0.0500,10,10,0.0000,0
a-n60-k9.vrp,ga,1,1434.7853,2846.2612,1906.3696,320.6524,200,2268,0.9000,0.0500,10,10,0.0000,0
a-n60-k9.vrp,ga,1,1434.7853,2921.1670,1881.3627,308.3775,200,2269,0.9000,0.0500,10,10,0.0000,0
a-n60-k9.vrp,ga,1,1434.7853,2806.4084,1883.6877,305.5482,200,2270,0.9000,0.0500,10,10,0.0000,0
a-n60-k9.vrp,ga,1,1434.7853,2769.6760,1873.0853,308.7006,200,2271,0.9000,0.0500,10,10,0.0000,0
a-n60-k9.vrp,ga,1,1434.7853,2703.7693,1882.1392,297.5056,200,2272,0.9000,0.0500,10,10,0.0000,0
a-n60-k9.vrp,ga,1,1434.7853,2662.8660,1823.8961,290.2551,200,2273,0.9000,0.0500,10,10,0.0000,0
a-n60-k9.vrp,ga,1,1434.7853,2818.5547,1857.7649,325.9402,200,2274,0.9000,0.0500,10,10,0.0000,0
a-n60-k9.vrp,ga,1,1434.7853,2855.8701,1844.8856,316.0996,200,2275,0.9000,0.0500,10,10,0.0000,0
a-n60-k9.vrp,ga,1,1434.7853,2818.6665,1890.5112,285.4800,200,2276,0.9000,0.0500,10,10,0.0000,0
a-n60-k9.vrp,ga,1,1434.7853,2834.7087,1901.6799,309.9366,200,2277,0.9000,0.0500,10,10,0.0000,0
a-n60-k9.vrp,ga,1,1434.7853,2715.8074,1857.1863,289.3604,200,2278,0.9000,0.0500,10,10,0.0000,0
a-n60-k9.vrp,ga,1,1434.7853,2754.6733,1915.4218,302.1647,200,2279,0.9000,0.0500,10,10,0.0000,0
a-n60-k9.vrp,ga,1,1434.7853,2647.5398,1892.0479,280.6925,200,2280,0.9000,0.0500,10,10,0.0000,0
a-n60-k9.vrp,ga,1,1434.7853,2687.6836,1857.5542,304.9402,200,2281,0.9000,0.0500,10,10,0.0000,0
a-n60-k9.vrp,ga,1,1434.7853,2880.2773,1882.1995,298.1122,200,2282,0.9000,0.0500,10,10,0.0000,0
a-n60-k9.vrp,ga,1,1434.7853,2757.6768,1876.8824,309.3492,200,2283,0.9000,0.0500,10,10,0.0000,0
a-n60-k9.vrp,ga,1,1434.7853,3047.4805,1877.9061,305.6258,200,2284,0.9000,0.0500,10,10,0.0000,0
a-n60-k9.vrp,ga,1,1434.7853,2751.6719,1886.7970,294.3567,200,2285,0.9000,0.0500,10,10,0.0000,0
a-n60-k9.vrp,ga,1,1434.7853,2986.0032,1890.6094,299.6329,200,2286,0.9000,0.0500,10,10,0.0000,0
a-n60-k9.vrp,ga,1,1434.7853,2865.0352,1918.3087,279.7141,200,2287,0.9000,0.0500,10,10,0.0000,0
a-n60-k9.vrp,ga,1,1434.7853,2679.2959,1913.3654,286.0119,200,2288,0.9000,0.0500,10,10,0.0000,0
a-n60-k9.vrp,ga,1,1434.7853,2841.6836,1922.0480,289.5525,200,2289,0.9000,0.0500,10,10,0.0000,0
a-n60-k9.vrp,ga,1,1434.7853,2806.8533,1904.6294,277.0943,200,2290,0.9000,0.0500,10,10,0.0000,0
a-n60-k9.vrp,ga,1,1434.7853,2720.4622,1873.4657,269.3693,200,2291,0.9000,0.0500,10,10,0.0000,0
a-n60-k9.vrp,ga,1,1434.7853,2836.4912,1891.4264,326.4629,200,2292,0.9000,0.0500,10,10,0.0000,0
a-n60-k9.vrp,ga,1,1434.7853,2707.2888,1877.0973,302.1209,200,2293,0.9000,0.0500,10,10,0.0000,0
a-n60-k9.vrp,ga,1,1434.7853,2872.7073,1858.0812,295.1530,200,2294,0.9000,0.0500,10,10,0.0000,0
a-n60-k9.vrp,ga,1,1434.7853,2798.4214,1872.3490,275.0617,200,2295,0.9000,0.0500,10,10,0.0000,0
a-n60-k9.vrp,ga,1,1434.7853,2700.4153,1827.4803,273.6487,200,2296,0.9000,0.0500,10,10,0.0000,0
a-n60-k9.vrp,ga,1,1434.7853,2826.4563,1834.8606,289.0506,200,2297,0.9000,0.0500,10,10,0.0000,0
a-n60-k9.vrp,ga,1,1434.7853,2692.9358,1828.2424,272.4814,200,2298,0.9000,0.0500,10,10,0.0000,0
a-n60-k9.vrp,ga,1,1434.7853,2786.5793,1822.0759,286.7294,200,2299,0.9000,0.0500,10,10,0.0000,0
a-n60-k9.vrp,ga,1,1434.7853,2700.4153,1879.8888,293.6870,200,2300,0.9000,0.0500,10,10,0.0000,0
a-n60-k9.vrp,ga,1,1434.7853,2767.9729,1869.8695,295.8531,200,2301,0.9000,0.0500,10,10,0.0000,0
a-n60-k9.vrp,ga,1,1434.7853,2868.4956,1884.0974,286.4838,200,2302,0.9000,0.0500,10,10,0.0000,0
a-n60-k9.vrp,ga,1,1434.7853,2891.1470,1913.8936,308.1073,200,2303,0.9000,0.0500,10,10,0.0000,0
a-n60-k9.vrp,ga,1,1434.7853,2900.3948,1864.7891,301.4123,200,2304,0.9000,0.0500,10,10,0.0000,0
a-n60-k9.vrp,ga,1,1434.7853,2954.9480,1889.6775,310.0908,200,2305,0.9000,0.0500,10,10,0.0000,0
a-n60-k9.vrp,ga,1,1434.7853,3013.6377,1831.4502,293.9751,200,2306,0.9000,0.0500,10,10,0.0000,0
a-n60-k9.vrp,ga,1,1434.7853,2932.1316,1843.9374,284.3616,200,2307,0.9000,0.0500,10,10,0.0000,0
a-n60-k9.vrp,ga,1,1434.7853,2967.2595,1863.3265,292.6153,200,2308,0.9000,0.0500,10,10,0.0000,0
a-n60-k9.vrp,ga,1,1434.7853,2713.1787,1843.8302,271.1467,200,2309,0.9000,0.0500,10,10,0.0000,0
a-n60-k9.vrp,ga,1,1434.7853,2974.4492,1861.4320,307.5813,200,2310,0.9000,0.0500,10,10,0.0000,0
a-n60-k9.vrp,ga,1,1434.7853,2962.9385,1827.3126,286.1375,200,2311,0.9000,0.0500,10,10,0.0000,0
a-n60-k9.vrp,ga,1,1434.7853,2921.4702,1895.2340,309.1743,200,2312,0.9000,0.0500,10,10,0.0000,0
a-n60-k9.vrp,ga,1,1434.7853,2888.3809,1883.0192,286.6596,200,2313,0.9000,0.0500,10,10,0.0000,0
a-n60-k9.vrp,ga,1,1434.7853,3082.8679,1888.7817,292.9198,200,2314,0.9000,0.0500,10,10,0.0000,0
a-n60-k9.vrp,ga,1,1434.7853,2982.5085,1919.4060,336.6458,200,2315,0.9000,0.0500,10,10,0.0000,0
a-n60-k9.vrp,ga,1,1434.7853,2905.8115,1899.5474,295.0275,200,2316,0.9000,0.0500,10,10,0.0000,0
a-n60-k9.vrp,ga,1,1434.7853,2832.6455,1901.5315,276.3057,200,2317,0.9000,0.0500,10,10,0.0000,0
a-n60-k9.vrp,ga,1,1434.7853,3224.3169,1917.4431,338.9518,200,2318,0.9000,0.0500,10,10,0.0000,0
a-n60-k9.vrp,ga,1,1434.7853,2462.8157,1862.4556,255.3525,200,2319,0.9000,0.0500,10,10,0.0000,0
a-n60-k9.vrp,ga,1,1434.7853,2351.0488,1881.2920,244.7541,200,2320,0.9000,0.0500,10,10,0.0000,0
a-n60-k9.vrp,ga,1,1434.7853,2454.8018,1857.9475,265.7965,200,2321,0.9000,0.0500,10,10,0.0000,0
a-n60-k9.vrp,ga,1,1434.7853,2465.7036,1841.8384,272.8390,200,2322,0.9000,0.0500,10,10,0.0000,0
a-n60-k9.vrp,ga,1,1434.7853,2454.4016,1874.2767,262.5027,200,2323,0.9000,0.0500,10,10,0.0000,0
a-n60-k9.vrp,ga,1,1434.7853,2419.1394,1898.3252,248.1792,200,2324,0.9000,0.0500,10,10,0.0000,0
a-n60-k9.vrp,ga,1,1434.7853,2688.0603,1911.9614,268.8503,200,2325,0.9000,0.0500,10,10,0.0000,0
a-n60-k9.vrp,ga,1,1434.7853,2426.2998,1882.7274,257.7066,200,2326,0.9000,0.0500,10,10,0.0000,0
a-n60-k9.vrp,ga,1,1434.7853,2531.2290,1889.0684,276.0556,200,2327,0.9000,0.0500,10,10,0.0000,0
a-n60-k9.vrp,ga,1,1434.7853,2556.0315,1877.4053,268.6425,200,2328,0.9000,0.0500,10,10,0.0000,0
a-n60-k9.vrp,ga,1,1434.7853,2610.1416,1824.2144,273.1360,200,2329,0.9000,0.0500,10,10,0.0000,0
a-n60-k9.vrp,ga,1,1434.7853,2454.3904,1866.6747,268.8486,200,2330,0.9000,0.0500,10,10,0.0000,0
a-n60-k9.vrp,ga,1,1434.7853,2359.8577,1854.0299,258.2444,200,2331,0.9000,0.0500,10,10,0.0000,0
a-n60-k9.vrp,ga,1,1434.7853,2729.9084,1888.2242,274.3795,200,2332,0.9000,0.0500,10,10,0.0000,0
a-n60-k9.vrp,ga,1,1434.7853,2469.5415,1885.7891,280.8816,200,2333,0.9000,0.0500,10,10,0.0000,0
a-n60-k9.vrp,ga,1,1434.7853,2548.9392,1869.3761,262.1598,200,2334,0.9000,0.0500,10,10,0.0000,0
a-n60-k9.vrp,ga,1,1434.7853,2559.2319,1892.3602,265.8852,200,2335,0.9000,0.0500,10,10,0.0000,0
a-n60-k9.vrp,ga,1,1434.7853,2477.4868,1838.1571,266.5063,200,2336,0.9000,0.0500,10,10,0.0000,0
a-n60-k9.vrp,ga,1,1434.7853,2485.8140,1868.6462,265.0353,200,2337,0.9000,0.0500,10,10,0.0000,0
a-n60-k9.vrp,ga,1,1434.7853,2432.2246,1832.1113,253.3979,200,2338,0.9000,0.0500,10,10,0.0000,0
a-n60-k9.vrp,ga,1,1434.7853,2556.9519,1868.0430,284.0840,200,2339,0.9000,0.0500,10,10,0.0000,0
a-n60-k9.vrp,ga,1,1434.7853,2659.2678,1893.8226,265.1103,200,2340,0.9000,0.0500,10,10,0.0000,0
a-n60-k9.vrp,ga,1,1434.7853,2476.9309,1873.3333,280.6584,200,2341,0.9000,0.0500,10,10,0.0000,0
a-n60-k9.vrp,ga,1,1434.7853,2637.1782,1891.3241,266.5115,200,2342,0.9000,0.0500,10,10,0.0000,0
a-n60-k9.vrp,ga,1,1434.7853,2510.2996,1855.6860,282.8513,200,2343,0.9000,0.0500,10,10,0.0000,0
a-n60-k9.vrp,ga,1,1434.7853,2416.6880,1853.8793,249.7157,200,2344,0.9000,0.0500,10,10,0.0000,0
a-n60-k9.vrp,ga,1,1434.7853,2452.5525,1848.3800,256.8326,200,2345,0.9000,0.0500,10,10,0.0000,0
a-n60-k9.vrp,ga,1,1434.7853,2559.3911,1855.5902,278.5450,200,2346,0.9000,0.0500,10,10,0.0000,0
a-n60-k9.vrp,ga,1,1434.7853,2524.3408,1905.4924,271.7407,200,2347,0.9000,0.0500,10,10,0.0000,0
a-n60-k9.vrp,ga,1,1434.7853,2566.1172,1898.2063,276.6481,200,2348,0.9000,0.0500,10,10,0.0000,0
a-n60-k9.vrp,ga,1,1434.7853,2655.9009,1878.0294,289.7354,200,2349,0.9000,0.0500,10,10,0.0000,0
a-n60-k9.vrp,ga,1,1434.7853,2396.1572,1877.5627,255.8026,200,2350,0.9000,0.0500,10,10,0.0000,0
a-n60-k9.vrp,ga,1,1434.7853,2528.3547,1900.3180,252.7067,200,2351,0.9000,0.0500,10,10,0.0000,0
a-n60-k9.vrp,ga,1,1434.7853,2576.1599,1913.7650,258.3215,200,2352,0.9000,0.0500,10,10,0.0000,0
a-n60-k9.vrp,ga,1,1434.7853,2552.5281,1878.2120,257.7175,200,2353,0.9000,0.0500,10,10,0.0000,0
a-n60-k9.vrp,ga,1,1434.7853,2530.9456,1837.5563,265.3793,200,2354,0.9000,0.0500,10,10,0.0000,0
a-n60-k9.vrp,ga,1,1434.7853,2554.8384,1871.7828,286.8185,200,2355,0.9000,0.0500,10,10,0.0000,0
a-n60-k9.vrp,ga,1,1434.7853,2590.4429,1897.8514,277.9343,200,2356,0.9000,0.0500,10,10,0.0000,0
a-n60-k9.vrp,ga,1,1434.7853,2508.6350,1888.8313,263.6046,200,2357,0.9000,0.0500,10,10,0.0000,0
a-n60-k9.vrp,ga,1,1434.7853,2457.5747,1880.0372,271.2237,200,2358,0.9000,0.0500,10,10,0.0000,0
a-n60-k9.vrp,ga,1,1434.7853,2516.0703,1940.3651,293.8622,200,2359,0.9000,0.0500,10,10,0.0000,0
a-n60-k9.vrp,ga,1,1434.7853,2513.6472,1895.0031,289.2550,200,2360,0.9000,0.0500,10,10,0.0000,0
a-n60-k9.vrp,ga,1,1434.7853,2588.5625,1905.2494,276.4627,200,2361,0.9000,0.0500,10,10,0.0000,0
a-n60-k9.vrp,ga,1,1434.7853,2626.6768,1902.0607,264.9434,200,2362,0.9000,0.0500,10,10,0.0000,0
a-n60-k9.vrp,ga,1,1434.7853,2560.1501,1904.2430,301.8503,200,2363,0.9000,0.0500,10,10,0.0000,0
a-n60-k9.vrp,ga,1,1434.7853,2534.9209,1887.2865,283.5831,200,2364,0.9000,0.0500,10,10,0.0000,0
a-n60-k9.vrp,ga,1,1434.7853,2803.0239,1878.8667,260.5734,200,2365,0.9000,0.0500,10,10,0.0000,0
a-n60-k9.vrp,ga,1,1434.7853,2819.6428,1961.6014,302.0442,200,2366,0.9000,0.0500,10,10,0.0000,0
a-n60-k9.vrp,ga,1,1434.7853,2889.4033,1916.4253,307.2772,200,2367,0.9000,0.0500,10,10,0.0000,0
a-n60-k9.vrp,ga,1,1434.7853,2810.9241,1916.5251,289.6885,200,2368,0.9000,0.0500,10,10,0.0000,0
a-n60-k9.vrp,ga,1,1434.7853,2784.0205,1880.8239,284.1682,200,2369,0.9000,0.0500,10,10,0.0000,0
a-n60-k9.vrp,ga,1,1434.7853,2661.7166,1913.6567,294.3735,200,2370,0.9000,0.0500,10,10,0.0000,0
a-n60-k9.vrp,ga,1,1434.7853,2741.2581,1895.1310,272.6686,200,2371,0.9000,0.0500,10,10,0.0000,0
a-n60-k9.vrp,ga,1,1434.7853,2767.5791,1908.8837,294.8293,200,2372,0.9000,0.0500,10,10,0.0000,0
a-n60-k9.vrp,ga,1,1434.7853,2633.9385,1879.9270,271.5977,200,2373,0.9000,0.0500,10,10,0.0000,0
a-n60-k9.vrp,ga,1,1434.7853,2496.4165,1895.4122,259.9819,200,2374,0.9000,0.0500,10,10,0.0000,0
a-n60-k9.vrp,ga,1,1434.7853,2738.3777,1871.6327,274.1431,200,2375,0.9000,0.0500,10,10,0.0000,0
a-n60-k9.vrp,ga,1,1434.7853,2796.9475,1883.7971,301.9223,200,2376,0.9000,0.0500,10,10,0.0000,0
a-n60-k9.vrp,ga,1,1434.7853,2770.2302,1914.8940,273.9229,200,2377,0.9000,0.0500,10,10,0.0000,0
a-n60-k9.vrp,ga,1,1434.7853,2690.3350,1899.9567,280.4020,200,2378,0.9000,0.0500,10,10,0.0000,0
a-n60-k9.vrp,ga,1,1434.7853,2790.7229,1897.0518,291.1403,200,2379,0.9000,0.0500,10,10,0.0000,0
a-n60-k9.vrp,ga,1,1434.7853,2535.3540,1848.0052,274.5741,200,2380,0.9000,0.0500,10,10,0.0000,0
a-n60-k9.vrp,ga,1,1434.7853,2922.3179,1888.2379,305.5655,200,2381,0.9000,0.0500,10,10,0.0000,0
a-n60-k9.vrp,ga,1,1434.7853,2769.7029,1859.9578,301.5992,200,2382,0.9000,0.0500,10,10,0.0000,0
a-n60-k9.vrp,ga,1,1434.7853,2592.6196,1861.5176,259.6588,200,2383,0.9000,0.0500,10,10,0.0000,0
a-n60-k9.vrp,ga,1,1434.7853,2798.4810,1846.0359,283.3679,200,2384,0.9000,0.0500,10,10,0.0000,0
a-n60-k9.vrp,ga,1,1434.7853,2676.2446,1849.3440,259.7126,200,2385,0.9000,0.0500,10,10,0.0000,0
a-n60-k9.vrp,ga,1,1434.7853,2717.6306,1864.4268,275.9945,200,2386,0.9000,0.0500,10,10,0.0000,0
a-n60-k9.vrp,ga,1,1434.7853,2804.7451,1863.5823,292.3193,200,2387,0.9000,0.0500,10,10,0.0000,0
a-n60-k9.vrp,ga,1,1434.7853,2643.6006,1862.0021,264.8980,200,2388,0.9000,0.0500,10,10,0.0000,0
a-n60-k9.vrp,ga,1,1434.7853,2775.1841,1895.3367,283.0865,200,2389,0.9000,0.0500,10,10,0.0000,0
a-n60-k9.vrp,ga,1,1434.7853,2741.9163,1855.9139,290.0068,200,2390,0.9000,0.0500,10,10,0.0000,0
a-n60-k9.vrp,ga,1,1434.7853,2701.3352,1864.4695,285.5535,200,2391,0.9000,0.0500,10,10,0.0000,0
a-n60-k9.vrp,ga,1,1434.7853,2777.2300,1835.2489,273.2159,200,2392,0.9000,0.0500,10,10,0.0000,0
a-n60-k9.vrp,ga,1,1434.7853,2593.0938,1869.4363,255.8314,200,2393,0.9000,0.0500,10,10,0.0000,0
a-n60-k9.vrp,ga,1,1434.7853,2680.4946,1870.2523,265.8425,200,2394,0.9000,0.0500,10,10,0.0000,0
a-n60-k9.vrp,ga,1,1434.7853,2743.6121,1896.1617,278.4818,200,2395,0.9000,0.0500,10,10,0.0000,0
a-n60-k9.vrp,ga,1,1434.7853,2641.3218,1917.8087,267.1415,200,2396,0.9000,0.0500,10,10,0.0000,0
a-n60-k9.vrp,ga,1,1434.7853,2713.6714,1891.4342,261.0180,200,2397,0.9000,0.0500,10,10,0.0000,0
a-n60-k9.vrp,ga,1,1434.7853,2706.2024,1885.6609,260.0835,200,2398,0.9000,0.0500,10,10,0.0000,0
a-n60-k9.vrp,ga,1,1434.7853,2513.4905,1859.3560,265.7949,200,2399,0.9000,0.0500,10,10,0.0000,0
a-n60-k9.vrp,ga,1,1434.7853,2624.7786,1874.4110,259.4450,200,2400,0.9000,0.0500,10,10,0.0000,0
a-n60-k9.vrp,ga,1,1434.7853,2645.5186,1892.5118,267.3249,200,2401,0.9000,0.0500,10,10,0.0000,0
a-n60-k9.vrp,ga,1,1434.7853,2414.2578,1853.6780,274.0608,200,2402,0.9000,0.0500,10,10,0.0000,0
a-n60-k9.vrp,ga,1,1434.7853,2900.3833,1869.7150,256.1161,200,2403,0.9000,0.0500,10,10,0.0000,0
a-n60-k9.vrp,ga,1,1434.7853,2575.2847,1893.4573,254.8211,200,2404,0.9000,0.0500,10,10,0.0000,0
a-n60-k9.vrp,ga,1,1434.7853,2780.1665,1902.0129,259.0332,200,2405,0.9000,0.0500,10,10,0.0000,0
a-n60-k9.vrp,ga,1,1434.7853,2919.4246,1886.6581,303.7860,200,2406,0.9000,0.0500,10,10,0.0000,0
a-n60-k9.vrp,ga,1,1434.7853,2524.3945,1890.5330,259.7569,200,2407,0.9000,0.0500,10,10,0.0000,0
a-n60-k9.vrp,ga,1,1434.7853,2587.7593,1911.3936,260.6663,200,2408,0.9000,0.0500,10,10,0.0000,0
a-n60-k9.vrp,ga,1,1434.7853,2580.8782,1922.5989,268.9020,200,2409,0.9000,0.0500,10,10,0.0000,0
a-n60-k9.vrp,ga,1,1434.7853,2741.3118,1900.1328,299.5068,200,2410,0.9000,0.0500,10,10,0.0000,0
a-n60-k9.vrp,ga,1,1434.7853,2509.5981,1857.4314,270.1234,200,2411,0.9000,0.0500,10,10,0.0000,0
a-n60-k9.vrp,ga,1,1434.7853,2592.5684,1859.4050,275.7761,200,2412,0.9000,0.0500,10,10,0.0000,0
a-n60-k9.vrp,ga,1,1434.7853,2806.2075,1906.8452,286.2864,200,2413,0.9000,0.0500,10,10,0.0000,0
a-n60-k9.vrp,ga,1,1434.7853,2590.3040,1851.4318,271.0304,200,2414,0.9000,0.0500,10,10,0.0000,0
a-n60-k9.vrp,ga,1,1434.7853,2783.9985,1899.2588,270.2592,200,2415,0.9000,0.0500,10,10,0.0000,0
a-n60-k9.vrp,ga,1,1434.7853,2683.3579,1891.5621,275.7475,200,2416,0.9000,0.0500,10,10,0.0000,0
a-n60-k9.vrp,ga,1,1434.7853,2728.0291,1872.6521,260.5924,200,2417,0.9000,0.0500,10,10,0.0000,0
a-n60-k9.vrp,ga,1,1434.7853,2817.1826,1849.0034,301.6307,200,2418,0.9000,0.0500,10,10,0.0000,0
a-n60-k9.vrp,ga,1,1434.7853,2698.2688,1856.9250,281.7609,200,2419,0.9000,0.0500,10,10,0.0000,0
a-n60-k9.vrp,ga,1,1434.7853,2794.4438,1897.4631,287.5803,200,2420,0.9000,0.0500,10,10,0.0000,0
a-n60-k9.vrp,ga,1,1434.7853,2598.2036,1882.1881,266.7857,200,2421,0.9000,0.0500,10,10,0.0000,0
a-n60-k9.vrp,ga,1,1434.7853,2929.5889,1877.4255,296.0291,200,2422,0.9000,0.0500,10,10,0.0000,0
a-n60-k9.vrp,ga,1,1434.7853,2707.7524,1883.3981,285.2998,200,2423,0.9000,0.0500,10,10,0.0000,0
a-n60-k9.vrp,ga,1,1434.7853,2366.9602,1842.3678,263.8449,200,2424,0.9000,0.0500,10,10,0.0000,0
a-n60-k9.vrp,ga,1,1434.7853,2563.8840,1853.0658,258.0513,200,2425,0.9000,0.0500,10,10,0.0000,0
a-n60-k9.vrp,ga,1,1434.7853,2878.0520,1840.7881,261.3022,200,2426,0.9000,0.0500,10,10,0.0000,0
a-n60-k9.vrp,ga,1,1434.7853,2768.0056,1869.0968,254.4350,200,2427,0.9000,0.0500,10,10,0.0000,0
a-n60-k9.vrp,ga,1,1434.7853,2799.2539,1910.1295,291.0939,200,2428,0.9000,0.0500,10,10,0.0000,0
a-n60-k9.vrp,ga,1,1434.7853,2505.7380,1851.5997,256.3121,200,2429,0.9000,0.0500,10,10,0.0000,0
a-n60-k9.vrp,ga,1,1434.7853,2416.4683,1865.5204,255.0968,200,2430,0.9000,0.0500,10,10,0.0000,0
a-n60-k9.vrp,ga,1,1434.7853,2398.1729,1869.5538,234.4132,200,2431,0.9000,0.0500,10,10,0.0000,0
a-n60-k9.vrp,ga,1,1434.7853,2704.1992,1883.0959,272.2631,200,2432,0.9000,0.0500,10,10,0.0000,0
a-n60-k9.vrp,ga,1,1434.7853,2555.9873,1853.5680,275.0096,200,2433,0.9000,0.0500,10,10,0.0000,0
a-n60-k9.vrp,ga,1,1434.7853,2745.2861,1887.3796,268.5541,200,2434,0.9000,0.0500,10,10,0.0000,0
a-n60-k9.vrp,ga,1,1434.7853,2766.8176,1901.4202,257.9861,200,2435,0.9000,0.0500,10,10,0.0000,0
a-n60-k9.vrp,ga,1,1434.7853,2722.0857,1909.3728,274.8380,200,2436,0.9000,0.0500,10,10,0.0000,0
a-n60-k9.vrp,ga,1,1434.7853,2761.7773,1901.0449,284.1335,200,2437,0.9000,0.0500,10,10,0.0000,0
a-n60-k9.vrp,ga,1,1434.7853,2656.7439,1907.2728,278.0207,200,2438,0.9000,0.0500,10,10,0.0000,0
a-n60-k9.vrp,ga,1,1434.7853,2761.7773,1909.8713,258.6549,200,2439,0.9000,0.0500,10,10,0.0000,0
a-n60-k9.vrp,ga,1,1434.7853,2789.0183,1891.7345,262.7678,200,2440,0.9000,0.0500,10,10,0.0000,0
a-n60-k9.vrp,ga,1,1434.7853,2734.6606,1923.4878,259.3044,200,2441,0.9000,0.0500,10,10,0.0000,0
a-n60-k9.vrp,ga,1,1434.7853,2726.1028,1892.4308,259.1476,200,2442,0.9000,0.0500,10,10,0.0000,0
a-n60-k9.vrp,ga,1,1434.7853,2897.5671,1894.1982,270.4851,200,2443,0.9000,0.0500,10,10,0.0000,0
a-n60-k9.vrp,ga,1,1434.7853,2685.7214,1891.3909,273.8307,200,2444,0.9000,0.0500,10,10,0.0000,0
a-n60-k9.vrp,ga,1,1434.7853,2755.8262,1920.2572,267.1237,200,2445,0.9000,0.0500,10,10,0.0000,0
a-n60-k9.vrp,ga,1,1434.7853,2819.0625,1884.3903,279.1721,200,2446,0.9000,0.0500,10,10,0.0000,0
a-n60-k9.vrp,ga,1,1434.7853,2692.3523,1893.1014,267.4322,200,2447,0.9000,0.0500,10,10,0.0000,0
a-n60-k9.vrp,ga,1,1434.7853,2740.5254,1930.9110,279.0185,200,2448,0.9000,0.0500,10,10,0.0000,0
a-n60-k9.vrp,ga,1,1434.7853,2591.5610,1879.1669,284.9953,200,2449,0.9000,0.0500,10,10,0.0000,0
a-n60-k9.vrp,ga,1,1434.7853,2630.8936,1881.8153,245.2421,200,2450,0.9000,0.0500,10,10,0.0000,0
a-n60-k9.vrp,ga,1,1434.7853,2751.1384,1888.8005,288.4567,200,2451,0.9000,0.0500,10,10,0.0000,0
a-n60-k9.vrp,ga,1,1434.7853,2801.8467,1985.1748,309.0806,200,2452,0.9000,0.0500,10,10,0.0000,0
a-n60-k9.vrp,ga,1,1434.7853,2704.6895,1916.6510,312.8438,200,2453,0.9000,0.0500,10,10,0.0000,0
a-n60-k9.vrp,ga,1,1434.7853,2777.6311,1907.7867,279.1495,200,2454,0.9000,0.0500,10,10,0.0000,0
a-n60-k9.vrp,ga,1,1434.7853,2958.1055,1943.9922,327.6199,200,2455,0.9000,0.0500,10,10,0.0000,0
a-n60-k9.vrp,ga,1,1434.7853,2799.9165,1923.7255,313.0663,200,2456,0.9000,0.0500,10,10,0.0000,0
a-n60-k9.vrp,ga,1,1434.7853,2990.6970,1959.6722,327.2029,200,2457,0.9000,0.0500,10,10,0.0000,0
a-n60-k9.vrp,ga,1,1434.7853,2704.1992,1943.0005,296.7106,200,2458,0.9000,0.0500,10,10,0.0000,0
a-n60-k9.vrp,ga,1,1434.7853,2651.2844,1904.2059,282.3602,200,2459,0.9000,0.0500,10,10,0.0000,0
a-n60-k9.vrp,ga,1,1434.7853,2715.8679,1955.1852,292.8224,200,2460,0.9000,0.0500,10,10,0.0000,0
a-n60-k9.vrp,ga,1,1434.7853,2856.7488,1881.4796,295.6074,200,2461,0.9000,0.0500,10,10,0.0000,0
a-n60-k9.vrp,ga,1,1434.7853,3002.8179,1910.3019,329.2674,200,2462,0.9000,0.0500,10,10,0.0000,0
a-n60-k9.vrp,ga,1,1434.7853,2915.5161,1891.9376,310.6794,200,2463,0.9000,0.0500,10,10,0.0000,0
a-n60-k9.vrp,ga,1,1434.7853,2599.3599,1850.5938,295.1624,200,2464,0.9000,0.0500,10,10,0.0000,0
a-n60-k9.vrp,ga,1,1434.7853,2685.6021,1856.1027,290.9066,200,2465,0.9000,0.0500,10,10,0.0000,0
a-n60-k9.vrp,ga,1,1434.7853,2736.9067,1895.5022,290.6506,200,2466,0.9000,0.0500,10,10,0.0000,0
a-n60-k9.vrp,ga,1,1434.7853,2873.6560,1896.7184,302.2201,200,2467,0.9000,0.0500,10,10,0.0000,0
a-n60-k9.vrp,ga,1,1434.7853,2696.4995,1900.5010,285.0470,200,2468,0.9000,0.0500,10,10,0.0000,0
a-n60-k9.vrp,ga,1,1434.7853,2822.7332,1944.3296,275.1375,200,2469,0.9000,0.0500,10,10,0.0000,0
a-n60-k9.vrp,ga,1,1434.7853,2964.3423,1958.8483,321.0448,200,2470,0.9000,0.0500,10,10,0.0000,0
a-n60-k9.vrp,ga,1,1434.7853,2798.3176,1907.9056,277.9264,200,2471,0.9000,0.0500,10,10,0.0000,0
a-n60-k9.vrp,ga,1,1434.7853,2645.1309,1905.1095,291.7856,200,2472,0.9000,0.0500,10,10,0.0000,0
a-n60-k9.vrp,ga,1,1434.7853,2894.5898,1912.3844,294.7651,200,2473,0.9000,0.0500,10,10,0.0000,0
a-n60-k9.vrp,ga,1,1434.7853,3023.4514,1868.3470,296.0546,200,2474,0.9000,0.0500,10,10,0.0000,0
a-n60-k9.vrp,ga,1,1434.7853,2357.6035,1861.2859,253.1652,200,2475,0.9000,0.0500,10,10,0.0000,0
a-n60-k9.vrp,ga,1,1434.7853,2429.1914,1893.4049,246.8862,200,2476,0.9000,0.0500,10,10,0.0000,0
a-n60-k9.vrp,ga,1,1434.7853,2368.7407,1899.1381,260.4301,200,2477,0.9000,0.0500,10,10,0.0000,0
a-n60-k9.vrp,ga,1,1434.7853,2466.3279,1876.0078,253.4805,200,2478,0.9000,0.0500,10,10,0.0000,0
a-n60-k9.vrp,ga,1,1434.7853,2455.1497,1871.3903,251.0934,200,2479,0.9000,0.0500,10,10,0.0000,0
a-n60-k9.vrp,ga,1,1434.7853,2586.8772,1888.8612,254.5287,200,2480,0.9000,0.0500,10,10,0.0000,0
a-n60-k9.vrp,ga,1,1434.7853,2644.7693,1902.0509,271.3045,200,2481,0.9000,0.0500,10,10,0.0000,0
a-n60-k9.vrp,ga,1,1434.7853,2362.3613,1852.8871,273.6942,200,2482,0.9000,0.0500,10,10,0.0000,0
a-n60-k9.vrp,ga,1,1434.7853,2618.4009,1851.3035,278.4810,200,2483,0.9000,0.0500,10,10,0.0000,0
a-n60-k9.vrp,ga,1,1434.7853,2462.5986,1868.8175,269.8079,200,2484,0.9000,0.0500,10,10,0.0000,0
a-n60-k9.vrp,ga,1,1434.7853,2684.7412,1866.8324,261.2151,200,2485,0.9000,0.0500,10,10,0.0000,0
a-n60-k9.vrp,ga,1,1434.7853,2476.6274,1887.0648,276.8812,200,2486,0.9000,0.0500,10,10,0.0000,0
a-n60-k9.vrp,ga,1,1434.7853,2494.3188,1898.3202,275.3149,200,2487,0.9000,0.0500,10,10,0.0000,0
a-n60-k9.vrp,ga,1,1434.7853,2493.5469,1867.5719,256.0759,200,2488,0.9000,0.0500,10,10,0.0000,0
a-n60-k9.vrp,ga,1,1434.7853,2453.6250,1873.5649,260.3893,200,2489,0.9000,0.0500,10,10,0.0000,0
a-n60-k9.vrp,ga,1,1434.7853,2407.2915,1840.5187,257.9138,200,2490,0.9000,0.0500,10,10,0.0000,0
a-n60-k9.vrp,ga,1,1434.7853,2796.8354,1872.7507,265.5174,200,2491,0.9000,0.0500,10,10,0.0000,0
a-n60-k9.vrp,ga,1,1434.7853,2565.8691,1852.8611,249.1747,200,2492,0.9000,0.0500,10,10,0.0000,0
a-n60-k9.vrp,ga,1,1434.7853,2423.7759,1911.9763,247.4966,200,2493,0.9000,0.0500,10,10,0.0000,0
a-n60-k9.vrp,ga,1,1434.7853,2497.0955,1937.8568,264.2981,200,2494,0.9000,0.0500,10,10,0.0000,0
a-n60-k9.vrp,ga,1,1434.7853,2448.0122,1883.7720,260.9623,200,2495,0.9000,0.0500,10,10,0.0000,0
a-n60-k9.vrp,ga,1,1434.7853,2445.7510,1890.5752,257.4040,200,2496,0.9000,0.0500,10,10,0.0000,0
a-n60-k9.vrp,ga,1,1434.7853,2396.1670,1893.5754,247.2756,200,2497,0.9000,0.0500,10,10,0.0000,0
a-n60-k9.vrp,ga,1,1434.7853,2479.1169,1879.4507,271.8562,200,2498,0.9000,0.0500,10,10,0.0000,0
a-n60-k9.vrp,ga,1,1434.7853,2692.2905,1882.0670,252.9646,200,2499,0.9000,0.0500,10,10,0.0000,0
a-n60-k9.vrp,ga,1,1434.7853,2356.2288,1858.9757,257.5073,200,2500,0.9000,0.0500,10,10,0.0000,0
a-n60-k9.vrp,ga,1,1434.7853,2523.4048,1838.1887,271.0697,200,2501,0.9000,0.0500,10,10,0.0000,0
a-n60-k9.vrp,ga,1,1434.7853,2497.5759,1889.1300,265.0586,200,2502,0.9000,0.0500,10,10,0.0000,0
a-n60-k9.vrp,ga,1,1434.7853,2440.9915,1895.0458,256.4077,200,2503,0.9000,0.0500,10,10,0.0000,0
a-n60-k9.vrp,ga,1,1434.7853,2515.3049,1901.6681,256.2885,200,2504,0.9000,0.0500,10,10,0.0000,0
a-n60-k9.vrp,ga,1,1434.7853,2513.9902,1895.4380,272.7275,200,2505,0.9000,0.0500,10,10,0.0000,0
a-n60-k9.vrp,ga,1,1434.7853,2451.6226,1885.6184,251.5677,200,2506,0.9000,0.0500,10,10,0.0000,0
a-n60-k9.vrp,ga,1,1434.7853,2447.1726,1881.1656,249.8191,200,2507,0.9000,0.0500,10,10,0.0000,0
a-n60-k9.vrp,ga,1,1434.7853,2533.1768,1916.6597,271.0440,200,2508,0.9000,0.0500,10,10,0.0000,0
a-n60-k9.vrp,ga,1,1434.7853,2482.4175,1917.3445,269.6697,200,2509,0.9000,0.0500,10,10,0.0000,0
a-n60-k9.vrp,ga,1,1434.7853,2632.6626,1874.9440,267.8442,200,2510,0.9000,0.0500,10,10,0.0000,0
a-n60-k9.vrp,ga,1,1434.7853,2389.5920,1883.2124,251.5046,200,2511,0.9000,0.0500,10,10,0.0000,0
a-n60-k9.vrp,ga,1,1434.7853,2456.7332,1899.2183,257.3782,200,2512,0.9000,0.0500,10,10,0.0000,0
a-n60-k9.vrp,ga,1,1434.7853,2565.1038,1888.6102,264.3887,200,2513,0.9000,0.0500,10,10,0.0000,0
a-n60-k9.vrp,ga,1,1434.7853,2528.5989,1915.4895,281.1625,200,2514,0.9000,0.0500,10,10,0.0000,0
a-n60-k9.vrp,ga,1,1434.7853,2542.7729,1890.2126,279.9720,200,2515,0.9000,0.0500,10,10,0.0000,0
a-n60-k9.vrp,ga,1,1434.7853,2431.5242,1896.1832,256.3480,200,2516,0.9000,0.0500,10,10,0.0000,0
a-n60-k9.vrp,ga,1,1434.7853,2400.2156,1885.8118,273.6981,200,2517,0.9000,0.0500,10,10,0.0000,0
a-n60-k9.vrp,ga,1,1434.7853,2456.8928,1850.0370,273.2207,200,2518,0.9000,0.0500,10,10,0.0000,0
a-n60-k9.vrp,ga,1,1434.7853,2382.2029,1891.5463,267.8880,200,2519,0.9000,0.0500,10,10,0.0000,0
a-n60-k9.vrp,ga,1,1434.7853,2590.7261,1899.1675,288.4616,200,2520,0.9000,0.0500,10,10,0.0000,0
a-n60-k9.vrp,ga,1,1434.7853,2469.5974,1904.4414,271.9455,200,2521,0.9000,0.0500,10,10,0.0000,0
a-n60-k9.vrp,ga,1,1434.7853,2477.1064,1883.5625,285.0033,200,2522,0.9000,0.0500,10,10,0.0000,0
a-n60-k9.vrp,ga,1,1434.7853,2361.7002,1887.2789,255.2806,200,2523,0.9000,0.0500,10,10,0.0000,0
a-n60-k9.vrp,ga,1,1434.7853,2535.3093,1887.1633,256.6697,200,2524,0.9000,0.0500,10,10,0.0000,0
a-n60-k9.vrp,ga,1,1434.7853,2453.7209,1887.3298,281.4649,200,2525,0.9000,0.0500,10,10,0.0000,0
a-n60-k9.vrp,ga,1,1434.7853,2557.4062,1885.7433,282.4330,200,2526,0.9000,0.0500,10,10,0.0000,0
a-n60-k9.vrp,ga,1,1434.7853,2430.9836,1871.4150,272.5124,200,2527,0.9000,0.0500,10,10,0.0000,0
a-n60-k9.vrp,ga,1,1434.7853,2423.7690,1892.9381,260.5605,200,2528,0.9000,0.0500,10,10,0.0000,0
a-n60-k9.vrp,ga,1,1434.7853,2496.7427,1876.9265,268.6517,200,2529,0.9000,0.0500,10,10,0.0000,0
a-n60-k9.vrp,ga,1,1434.7853,2418.4814,1895.0702,258.8078,200,2530,0.9000,0.0500,10,10,0.0000,0
a-n60-k9.vrp,ga,1,1434.7853,2687.9641,1858.4791,281.0705,200,2531,0.9000,0.0500,10,10,0.0000,0
a-n60-k9.vrp,ga,1,1434.7853,2523.4031,1898.7349,273.5405,200,2532,0.9000,0.0500,10,10,0.0000,0
a-n60-k9.vrp,ga,1,1434.7853,2618.1411,1881.7034,292.0980,200,2533,0.9000,0.0500,10,10,0.0000,0
a-n60-k9.vrp,ga,1,1434.7853,2537.5496,1883.3666,291.6136,200,2534,0.9000,0.0500,10,10,0.0000,0
a-n60-k9.vrp,ga,1,1434.7853,2452.3125,1888.5801,267.9536,200,2535,0.9000,0.0500,10,10,0.0000,0
a-n60-k9.vrp,ga,1,1434.7853,2391.3425,1877.4261,257.5046,200,2536,0.9000,0.0500,10,10,0.0000,0
a-n60-k9.vrp,ga,1,1434.7853,2411.6445,1863.9210,259.1454,200,2537,0.9000,0.0500,10,10,0.0000,0
a-n60-k9.vrp,ga,1,1434.7853,2439.3396,1876.6818,276.3297,200,2538,0.9000,0.0500,10,10,0.0000,0
a-n60-k9.vrp,ga,1,1434.7853,2387.5461,1851.2888,269.4122,200,2539,0.9000,0.0500,10,10,0.0000,0
a-n60-k9.vrp,ga,1,1434.7853,2567.2539,1894.8108,277.0179,200,2540,0.9000,0.0500,10,10,0.0000,0
a-n60-k9.vrp,ga,1,1434.7853,2407.8926,1905.5862,247.6663,200,2541,0.9000,0.0500,10,10,0.0000,0
a-n60-k9.vrp,ga,1,1434.7853,2512.2559,1903.8965,238.0244,200,2542,0.9000,0.0500,10,10,0.0000,0
a-n60-k9.vrp,ga,1,1434.7853,2561.5562,1904.2728,275.1003,200,2543,0.9000,0.0500,10,10,0.0000,0
a-n60-k9.vrp,ga,1,1434.7853,2541.1914,1877.5315,270.3752,200,2544,0.9000,0.0500,10,10,0.0000,0
a-n60-k9.vrp,ga,1,1434.7853,2408.9641,1871.3412,252.6512,200,2545,0.9000,0.0500,10,10,0.0000,0
a-n60-k9.vrp,ga,1,1434.7853,2392.2468,1873.9153,255.6478,200,2546,0.9000,0.0500,10,10,0.0000,0
a-n60-k9.vrp,ga,1,1434.7853,2408.8225,1875.9368,258.8812,200,2547,0.9000,0.0500,10,10,0.0000,0
a-n60-k9.vrp,ga,1,1434.7853,2315.1301,1880.1575,237.8104,200,2548,0.9000,0.0500,10,10,0.0000,0
a-n60-k9.vrp,ga,1,1434.7853,2407.8130,1882.2677,259.3061,200,2549,0.9000,0.0500,10,10,0.0000,0
a-n60-k9.vrp,ga,1,1434.7853,2345.0305,1847.9414,260.6415,200,2550,0.9000,0.0500,10,10,0.0000,0
a-n60-k9.vrp,ga,1,1434.7853,2498.2886,1874.7891,274.9749,200,2551,0.9000,0.0500,10,10,0.0000,0
a-n60-k9.vrp,ga,1,1434.7853,2580.4404,1905.0128,251.8887,200,2552,0.9000,0.0500,10,10,0.0000,0
a-n60-k9.vrp,ga,1,1434.7853,2480.4146,1916.4701,244.5733,200,2553,0.9000,0.0500,10,10,0.0000,0
a-n60-k9.vrp,ga,1,1434.7853,2509.2744,1905.0493,261.1955,200,2554,0.9000,0.0500,10,10,0.0000,0
a-n60-k9.vrp,ga,1,1434.7853,2415.1763,1874.3518,267.1682,200,2555,0.9000,0.0500,10,10,0.0000,0
a-n60-k9.vrp,ga,1,1434.7853,2377.9038,1873.5763,268.5229,200,2556,0.9000,0.0500,10,10,0.0000,0
a-n60-k9.vrp,ga,1,1434.7853,2364.8779,1914.7793,245.6617,200,2557,0.9000,0.0500,10,10,0.0000,0
a-n60-k9.vrp,ga,1,1434.7853,2491.6392,1909.4611,261.9538,200,2558,0.9000,0.0500,10,10,0.0000,0
a-n60-k9.vrp,ga,1,1434.7853,2552.0081,1904.2206,270.0301,200,2559,0.9000,0.0500,10,10,0.0000,0
a-n60-k9.vrp,ga,1,1434.7853,2439.7202,1904.1312,255.8755,200,2560,0.9000,0.0500,10,10,0.0000,0
a-n60-k9.vrp,ga,1,1434.7853,2427.9602,1885.5012,269.8476,200,2561,0.9000,0.0500,10,10,0.0000,0
a-n60-k9.vrp,ga,1,1434.7853,2505.7317,1874.6018,275.8204,200,2562,0.9000,0.0500,10,10,0.0000,0
a-n60-k9.vrp,ga,1,1434.7853,2374.5752,1835.0802,261.6993,200,2563,0.9000,0.0500,10,10,0.0000,0
a-n60-k9.vrp,ga,1,1434.7853,2381.8921,1858.7062,268.3285,200,2564,0.9000,0.0500,10,10,0.0000,0
a-n60-k9.vrp,ga,1,1434.7853,2480.4146,1860.8408,258.0530,200,2565,0.9000,0.0500,10,10,0.0000,0
a-n60-k9.vrp,ga,1,1434.7853,2407.2932,1873.9001,252.0102,200,2566,0.9000,0.0500,10,10,0.0000,0
a-n60-k9.vrp,ga,1,1434.7853,2432.2632,1866.0067,252.6891,200,2567,0.9000,0.0500,10,10,0.0000,0
a-n60-k9.vrp,ga,1,1434.7853,2357.0359,1884.8959,245.8811,200,2568,0.9000,0.0500,10,10,0.0000,0
a-n60-k9.vrp,ga,1,1434.7853,2466.4407,1891.3450,254.0319,200,2569,0.9000,0.0500,10,10,0.0000,0
a-n60-k9.vrp,ga,1,1434.7853,2413.3833,1901.1942,250.0452,200,2570,0.9000,0.0500,10,10,0.0000,0
a-n60-k9.vrp,ga,1,1434.7853,2393.1628,1908.0248,274.1313,200,2571,0.9000,0.0500,10,10,0.0000,0
a-n60-k9.vrp,ga,1,1434.7853,2396.9541,1886.5591,282.8959,200,2572,0.9000,0.0500,10,10,0.0000,0
a-n60-k9.vrp,ga,1,1434.7853,2426.9314,1864.8950,276.0079,200,2573,0.9000,0.0500,10,10,0.0000,0
a-n60-k9.vrp,ga,1,1434.7853,2503.0623,1885.0050,265.9821,200,2574,0.9000,0.0500,10,10,0.0000,0
a-n60-k9.vrp,ga,1,1434.7853,2406.0225,1919.5925,274.7648,200,2575,0.9000,0.0500,10,10,0.0000,0
a-n60-k9.vrp,ga,1,1434.7853,2582.2939,1935.8379,280.5151,200,2576,0.9000,0.0500,10,10,0.0000,0
a-n60-k9.vrp,ga,1,1434.7853,2524.6448,1906.5531,259.6542,200,2577,0.9000,0.0500,10,10,0.0000,0
a-n60-k9.vrp,ga,1,1434.7853,2417.5244,1890.9507,268.8379,200,2578,0.9000,0.0500,10,10,0.0000,0
a-n60-k9.vrp,ga,1,1434.7853,2489.8113,1945.8284,249.7721,200,2579,0.9000,0.0500,10,10,0.0000,0
a-n60-k9.vrp,ga,1,1434.7853,2459.0850,1913.7733,291.2638,200,2580,0.9000,0.0500,10,10,0.0000,0
a-n60-k9.vrp,ga,1,1434.7853,2546.4595,1915.7322,280.1320,200,2581,0.9000,0.0500,10,10,0.0000,0
a-n60-k9.vrp,ga,1,1434.7853,2533.1279,1920.0349,274.3231,200,2582,0.9000,0.0500,10,10,0.0000,0
a-n60-k9.vrp,ga,1,1434.7853,2600.0400,1892.5494,271.9749,200,2583,0.9000,0.0500,10,10,0.0000,0
a-n60-k9.vrp,ga,1,1434.7853,2589.4646,1899.0488,270.1740,200,2584,0.9000,0.0500,10,10,0.0000,0
a-n60-k9.vrp,ga,1,1434.7853,2655.6819,1914.1580,296.6000,200,2585,0.9000,0.0500,10,10,0.0000,0
a-n60-k9.vrp,ga,1,1434.7853,2660.7708,1917.7590,267.3232,200,2586,0.9000,0.0500,10,10,0.0000,0
a-n60-k9.vrp,ga,1,1434.7853,2641.1401,1868.3993,293.0305,200,2587,0.9000,0.0500,10,10,0.0000,0
a-n60-k9.vrp,ga,1,1434.7853,2493.0347,1894.5011,276.3975,200,2588,0.9000,0.0500,10,10,0.0000,0
a-n60-k9.vrp,ga,1,1434.7853,2627.2732,1884.4407,265.6438,200,2589,0.9000,0.0500,10,10,0.0000,0
a-n60-k9.vrp,ga,1,1434.7853,2680.5618,1890.1224,281.8124,200,2590,0.9000,0.0500,10,10,0.0000,0
a-n60-k9.vrp,ga,1,1434.7853,2486.7561,1858.7766,281.4351,200,2591,0.9000,0.0500,10,10,0.0000,0
a-n60-k9.vrp,ga,1,1425.8989,2558.3833,1859.0524,285.2055,200,2592,0.9000,0.0500,10,10,0.0000,0
a-n60-k9.vrp,ga,1,1425.8989,2412.0679,1840.4994,269.6562,200,2593,0.9000,0.0500,10,10,0.0000,0
a-n60-k9.vrp,ga,1,1425.8989,2462.0208,1870.1230,258.2227,200,2594,0.9000,0.0500,10,10,0.0000,0
a-n60-k9.vrp,ga,1,1425.8989,2457.0066,1833.1588,257.5783,200,2595,0.9000,0.0500,10,10,0.0000,0
a-n60-k9.vrp,ga,1,1425.8989,2316.8772,1823.3964,267.3677,200,2596,0.9000,0.0500,10,10,0.0000,0
a-n60-k9.vrp,ga,1,1425.8989,2507.0840,1868.5790,290.6656,200,2597,0.9000,0.0500,10,10,0.0000,0
a-n60-k9.vrp,ga,1,1425.8989,2662.3540,1857.8909,279.7595,200,2598,0.9000,0.0500,10,10,0.0000,0
a-n60-k9.vrp,ga,1,1425.8989,2375.4656,1827.0205,259.3173,200,2599,0.9000,0.0500,10,10,0.0000,0
a-n60-k9.vrp,ga,1,1425.8989,2296.8550,1838.6421,257.0116,200,2600,0.9000,0.0500,10,10,0.0000,0
a-n60-k9.vrp,ga,1,1425.8989,2305.8699,1838.9838,253.0155,200,2601,0.9000,0.0500,10,10,0.0000,0
a-n60-k9.vrp,ga,1,1425.8989,2351.5872,1840.7949,276.1109,200,2602,0.9000,0.0500,10,10,0.0000,0
a-n60-k9.vrp,ga,1,1425.8989,2345.2646,1823.1536,255.4424,200,2603,0.9000,0.0500,10,10,0.0000,0
a-n60-k9.vrp,ga,1,1425.8989,2275.5383,1819.3384,241.2291,200,2604,0.9000,0.0500,10,10,0.0000,0
a-n60-k9.vrp,ga,1,1425.8989,2347.5667,1857.2683,249.3891,200,2605,0.9000,0.0500,10,10,0.0000,0
a-n60-k9.vrp,ga,1,1425.8989,2489.6243,1861.3062,273.3317,200,2606,0.9000,0.0500,10,10,0.0000,0
a-n60-k9.vrp,ga,1,1425.8989,2444.0701,1842.2207,278.7106,200,2607,0.9000,0.0500,10,10,0.0000,0
a-n60-k9.vrp,ga,1,1425.8989,2469.2642,1881.5997,282.9636,200,2608,0.9000,0.0500,10,10,0.0000,0
a-n60-k9.vrp,ga,1,1425.8989,2634.8560,1895.9189,268.3930,200,2609,0.9000,0.0500,10,10,0.0000,0
a-n60-k9.vrp,ga,1,1425.8989,2441.9731,1889.1417,273.3000,200,2610,0.9000,0.0500,10,10,0.0000,0
a-n60-k9.vrp,ga,1,1424.8303,2694.1099,1885.7006,286.3916,200,2611,0.9000,0.0500,10,10,0.0000,0
a-n60-k9.vrp,ga,1,1424.8303,2475.5117,1882.2543,287.0615,200,2612,0.9000,0.0500,10,10,0.0000,0
a-n60-k9.vrp,ga,1,1424.8303,2555.6116,1895.1351,284.3209,200,2613,0.9000,0.0500,10,10,0.0000,0
a-n60-k9.vrp,ga,1,1424.8303,2543.7722,1907.2589,271.7052,200,2614,0.9000,0.0500,10,10,0.0000,0
a-n60-k9.vrp,ga,1,1424.8303,2626.8982,1867.4207,282.2093,200,2615,0.9000,0.0500,10,10,0.0000,0
a-n60-k9.vrp,ga,1,1424.8303,2680.5125,1837.7253,263.2980,200,2616,0.9000,0.0500,10,10,0.0000,0
a-n60-k9.vrp,ga,1,1424.8303,2408.8489,1813.9779,269.0264,200,2617,0.9000,0.0500,10,10,0.0000,0
a-n60-k9.vrp,ga,1,1424.8303,2321.3433,1848.9102,259.7905,200,2618,0.9000,0.0500,10,10,0.0000,0
a-n60-k9.vrp,ga,1,1424.8303,2447.5820,1841.6719,245.3099,200,2619,0.9000,0.0500,10,10,0.0000,0
a-n60-k9.vrp,ga,1,1424.8303,2400.8936,1846.0549,239.2917,200,2620,0.9000,0.0500,10,10,0.0000,0
a-n60-k9.vrp,ga,1,1424.8303,2312.8333,1830.4030,253.7182,200,2621,0.9000,0.0500,10,10,0.0000,0
a-n60-k9.vrp,ga,1,1424.8303,2351.9722,1842.4218,251.8488,200,2622,0.9000,0.0500,10,10,0.0000,0
a-n60-k9.vrp,ga,1,1424.8303,2540.4277,1838.3035,254.0349,200,2623,0.9000,0.0500,10,10,0.0000,0
a-n60-k9.vrp,ga,1,1424.8303,2357.3984,1884.2603,272.2222,200,2624,0.9000,0.0500,10,10,0.0000,0
a-n60-k9.vrp,ga,1,1424.8303,2380.9299,1866.8029,275.0255,200,2625,0.9000,0.0500,10,10,0.0000,0
a-n60-k9.vrp,ga,1,1424.8303,2543.2434,1881.3989,272.7275,200,2626,0.9000,0.0500,10,10,0.0000,0
a-n60-k9.vrp,ga,1,1424.8303,2359.8438,1899.2330,254.3207,200,2627,0.9000,0.0500,10,10,0.0000,0
a-n60-k9.vrp,ga,1,1424.8303,2491.0171,1898.6472,261.8089,200,2628,0.9000,0.0500,10,10,0.0000,0
a-n60-k9.vrp,ga,1,1424.8303,2416.4817,1873.7971,260.4637,200,2629,0.9000,0.0500,10,10,0.0000,0
a-n60-k9.vrp,ga,1,1424.8303,2423.3733,1878.4594,260.0033,200,2630,0.9000,0.0500,10,10,0.0000,0
a-n60-k9.vrp,ga,1,1424.8303,2541.4287,1914.5945,265.9696,200,2631,0.9000,0.0500,10,10,0.0000,0
a-n60-k9.vrp,ga,1,1424.8303,2540.3860,1912.9739,265.5209,200,2632,0.9000,0.0500,10,10,0.0000,0
a-n60-k9.vrp,ga,1,1424.8303,2527.4375,1899.6533,290.5607,200,2633,0.9000,0.0500,10,10,0.0000,0
a-n60-k9.vrp,ga,1,1424.8303,2459.5867,1876.5149,274.6620,200,2634,0.9000,0.0500,10,10,0.0000,0
a-n60-k9.vrp,ga,1,1424.8303,2518.4050,1879.7294,286.9845,200,2635,0.9000,0.0500,10,10,0.0000,0
a-n60-k9.vrp,ga,1,1424.8303,2588.0645,1868.1799,277.3354,200,2636,0.9000,0.0500,10,10,0.0000,0
a-n60-k9.vrp,ga,1,1424.8303,2512.6235,1887.0208,290.0456,200,2637,0.9000,0.0500,10,10,0.0000,0
a-n60-k9.vrp,ga,1,1424.8303,2542.3469,1892.1011,294.8072,200,2638,0.9000,0.0500,10,10,0.0000,0
a-n60-k9.vrp,ga,1,1424.8303,2556.8721,1850.6937,299.7607,200,2639,0.9000,0.0500,10,10,0.0000,0
a-n60-k9.vrp,ga,1,1424.8303,2466.8267,1858.8762,277.4447,200,2640,0.9000,0.0500,10,10,0.0000,0
a-n60-k9.vrp,ga,1,1424.8303,2654.0679,1849.1494,280.2829,200,2641,0.9000,0.0500,10,10,0.0000,0
a-n60-k9.vrp,ga,1,1424.8303,2765.6245,1886.4124,270.8846,200,2642,0.9000,0.0500,10,10,0.0000,0
a-n60-k9.vrp,ga,1,1424.8303,2622.4407,1903.1219,269.3674,200,2643,0.9000,0.0500,10,10,0.0000,0
a-n60-k9.vrp,ga,1,1424.8303,2418.6050,1892.9370,267.9589,200,2644,0.9000,0.0500,10,10,0.0000,0
a-n60-k9.vrp,ga,1,1424.8303,2414.7649,1906.7911,267.3408,200,2645,0.9000,0.0500,10,10,0.0000,0
a-n60-k9.vrp,ga,1,1424.8303,2570.2122,1917.7339,255.7875,200,2646,0.9000,0.0500,10,10,0.0000,0
a-n60-k9.vrp,ga,1,1424.8303,2588.7439,1954.2760,259.7559,200,2647,0.9000,0.0500,10,10,0.0000,0
a-n60-k9.vrp,ga,1,1424.8303,2504.4321,1888.0383,259.0628,200,2648,0.9000,0.0500,10,10,0.0000,0
a-n60-k9.vrp,ga,1,1424.8303,2464.5149,1909.0492,290.3847,200,2649,0.9000,0.0500,10,10,0.0000,0
a-n60-k9.vrp,ga,1,1424.8303,2441.6758,1858.2220,290.8322,200,2650,0.9000,0.0500,10,10,0.0000,0
a-n60-k9.vrp,ga,1,1424.8303,2375.4197,1873.5314,245.5245,200,2651,0.9000,0.0500,10,10,0.0000,0
a-n60-k9.vrp,ga,1,1424.8303,2457.1533,1878.0177,268.0415,200,2652,0.9000,0.0500,10,10,0.0000,0
a-n60-k9.vrp,ga,1,1424.8303,2483.7017,1862.1672,269.0285,200,2653,0.9000,0.0500,10,10,0.0000,0
a-n60-k9.vrp,ga,1,1424.8303,2466.2466,1846.8862,285.9735,200,2654,0.9000,0.0500,10,10,0.0000,0
a-n60-k9.vrp,ga,1,1424.8303,2472.4465,1857.2352,266.6703,200,2655,0.9000,0.0500,10,10,0.0000,0
a-n60-k9.vrp,ga,1,1424.8303,2460.3757,1839.4590,274.1939,200,2656,0.9000,0.0500,10,10,0.0000,0
a-n60-k9.vrp,ga,1,1424.8303,2537.6943,1847.9460,261.6364,200,2657,0.9000,0.0500,10,10,0.0000,0
a-n60-k9.vrp,ga,1,1424.8303,2747.7434,1828.9938,280.8235,200,2658,0.9000,0.0500,10,10,0.0000,0
a-n60-k9.vrp,ga,1,1424.8303,2490.6870,1822.6046,266.5284,200,2659,0.9000,0.0500,10,10,0.0000,0
a-n60-k9.vrp,ga,1,1424.8303,2402.3047,1895.5764,248.9168,200,2660,0.9000,0.0500,10,10,0.0000,0
a-n60-k9.vrp,ga,1,1424.8303,2556.9346,1829.7738,272.6827,200,2661,0.9000,0.0500,10,10,0.0000,0
a-n60-k9.vrp,ga,1,1424.8303,2442.7732,1863.9448,262.0440,200,2662,0.9000,0.0500,10,10,0.0000,0
a-n60-k9.vrp,ga,1,1424.8303,2527.5603,1865.5349,276.2370,200,2663,0.9000,0.0500,10,10,0.0000,0
a-n60-k9.vrp,ga,1,1424.8303,2450.8357,1885.4783,259.6657,200,2664,0.9000,0.0500,10,10,0.0000,0
a-n60-k9.vrp,ga,1,1424.8303,2636.4910,1916.8429,256.6746,200,2665,0.9000,0.0500,10,10,0.0000,0
a-n60-k9.vrp,ga,1,1424.8303,2493.8655,1874.6311,274.4934,200,2666,0.9000,0.0500,10,10,0.0000,0
a-n60-k9.vrp,ga,1,1424.8303,2583.8203,1909.3751,266.9658,200,2667,0.9000,0.0500,10,10,0.0000,0
a-n60-k9.vrp,ga,1,1424.8303,2612.0366,1878.4619,290.3984,200,2668,0.9000,0.0500,10,10,0.0000,0
a-n60-k9.vrp,ga,1,1424.8303,2869.2537,1868.3721,290.1562,200,2669,0.9000,0.0500,10,10,0.0000,0
a-n60-k9.vrp,ga,1,1424.8303,2454.9788,1886.0298,273.2671,200,2670,0.9000,0.0500,10,10,0.0000,0
a-n60-k9.vrp,ga,1,1424.8303,2557.7783,1875.8967,267.8952,200,2671,0.9000,0.0500,10,10,0.0000,0
a-n60-k9.vrp,ga,1,1424.8303,2602.4529,1875.6439,301.3638,200,2672,0.9000,0.0500,10,10,0.0000,0
a-n60-k9.vrp,ga,1,1424.8303,2506.3804,1873.9711,269.2866,200,2673,0.9000,0.0500,10,10,0.0000,0
a-n60-k9.vrp,ga,1,1424.8303,2734.9336,1884.8337,294.0356,200,2674,0.9000,0.0500,10,10,0.0000,0
a-n60-k9.vrp,ga,1,1424.8303,2644.7649,1874.5098,266.8643,200,2675,0.9000,0.0500,10,10,0.0000,0
a-n60-k9.vrp,ga,1,1424.8303,2522.0955,1845.1526,264.4901,200,2676,0.9000,0.0500,10,10,0.0000,0
a-n60-k9.vrp,ga,1,1424.8303,2378.8860,1862.5038,255.6750,200,2677,0.9000,0.0500,10,10,0.0000,0
a-n60-k9.vrp,ga,1,1424.8303,2605.4050,1890.7466,277.9345,200,2678,0.9000,0.0500,10,10,0.0000,0
a-n60-k9.vrp,ga,1,1424.8303,2710.8818,1875.5299,285.7831,200,2679,0.9000,0.0500,10,10,0.0000,0
a-n60-k9.vrp,ga,1,1424.8303,2908.8667,1854.8787,289.7790,200,2680,0.9000,0.0500,10,10,0.0000,0
a-n60-k9.vrp,ga,1,1424.8303,2539.1279,1878.8638,279.8931,200,2681,0.9000,0.0500,10,10,0.0000,0
a-n60-k9.vrp,ga,1,1424.8303,2683.1582,1882.8412,285.1565,200,2682,0.9000,0.0500,10,10,0.0000,0
a-n60-k9.vrp,ga,1,1424.8303,2688.4590,1871.4032,291.0450,200,2683,0.9000,0.0500,10,10,0.0000,0
a-n60-k9.vrp,ga,1,1424.8303,2783.9595,1867.8765,292.6699,200,2684,0.9000,0.0500,10,10,0.0000,0
a-n60-k9.vrp,ga,1,1424.8303,2639.5862,1893.7031,297.6181,200,2685,0.9000,0.0500,10,10,0.0000,0
a-n60-k9.vrp,ga,1,1424.8303,2735.9519,1906.9436,298.7602,200,2686,0.9000,0.0500,10,10,0.0000,0
a-n60-k9.vrp,ga,1,1424.8303,2779.1692,1874.6265,285.3175,200,2687,0.9000,0.0500,10,10,0.0000,0
a-n60-k9.vrp,ga,1,1424.8303,2957.3269,1918.4292,302.7108,200,2688,0.9000,0.0500,10,10,0.0000,0
a-n60-k9.vrp,ga,1,1424.8303,2822.2627,1899.0399,311.7368,200,2689,0.9000,0.0500,10,10,0.0000,0
a-n60-k9.vrp,ga,1,1424.8303,2760.6028,1863.5264,299.8324,200,2690,0.9000,0.0500,10,10,0.0000,0
a-n60-k9.vrp,ga,1,1424.8303,2961.5598,1899.3647,306.7166,200,2691,0.9000,0.0500,10,10,0.0000,0
a-n60-k9.vrp,ga,1,1424.8303,2713.2878,1902.3468,291.7762,200,2692,0.9000,0.0500,10,10,0.0000,0
a-n60-k9.vrp,ga,1,1424.8303,2785.4106,1897.0221,296.2567,200,2693,0.9000,0.0500,10,10,0.0000,0
a-n60-k9.vrp,ga,1,1424.8303,2517.3821,1904.6678,296.2352,200,2694,0.9000,0.0500,10,10,0.0000,0
a-n60-k9.vrp,ga,1,1424.8303,2669.5750,1944.5254,278.1771,200,2695,0.9000,0.0500,10,10,0.0000,0
a-n60-k9.vrp,ga,1,1424.8303,2977.8281,1900.9531,331.7019,200,2696,0.9000,0.0500,10,10,0.0000,0
a-n60-k9.vrp,ga,1,1424.8303,2863.1538,1904.9492,311.4550,200,2697,0.9000,0.0500,10,10,0.0000,0
a-n60-k9.vrp,ga,1,1424.8303,2784.6775,1876.1779,282.8780,200,2698,0.9000,0.0500,10,10,0.0000,0
a-n60-k9.vrp,ga,1,1424.8303,3101.8862,1900.3325,305.4169,200,2699,0.9000,0.0500,10,10,0.0000,0
a-n60-k9.vrp,ga,1,1424.8303,2878.0151,1880.1428,297.9936,200,2700,0.9000,0.0500,10,10,0.0000,0
a-n60-k9.vrp,ga,1,1424.8303,2865.3774,1879.5635,304.1961,200,2701,0.9000,0.0500,10,10,0.0000,0
a-n60-k9.vrp,ga,1,1424.8303,2918.2292,1888.5392,325.0449,200,2702,0.9000,0.0500,10,10,0.0000,0
a-n60-k9.vrp,ga,1,1424.8303,2813.4006,1912.0062,289.3314,200,2703,0.9000,0.0500,10,10,0.0000,0
a-n60-k9.vrp,ga,1,1424.8303,2709.0112,1901.3427,281.2366,200,2704,0.9000,0.0500,10,10,0.0000,0
a-n60-k9.vrp,ga,1,1424.8303,2719.0264,1867.0292,284.8310,200,2705,0.9000,0.0500,10,10,0.0000,0
a-n60-k9.vrp,ga,1,1424.8303,2904.8376,1872.0769,282.1615,200,2706,0.9000,0.0500,10,10,0.0000,0
a-n60-k9.vrp,ga,1,1424.8303,3043.8672,1890.7333,278.2098,200,2707,0.9000,0.0500,10,10,0.0000,0
a-n60-k9.vrp,ga,1,1424.8303,2642.1414,1866.4424,282.9010,200,2708,0.9000,0.0500,10,10,0.0000,0
a-n60-k9.vrp,ga,1,1424.8303,2880.1035,1907.7802,288.1050,200,2709,0.9000,0.0500,10,10,0.0000,0
a-n60-k9.vrp,ga,1,1424.8303,2733.4470,1917.5074,297.9465,200,2710,0.9000,0.0500,10,10,0.0000,0
a-n60-k9.vrp,ga,1,1424.8303,2784.7349,1882.6506,296.5591,200,2711,0.9000,0.0500,10,10,0.0000,0
a-n60-k9.vrp,ga,1,1424.8303,2977.8323,1871.8226,318.3531,200,2712,0.9000,0.0500,10,10,0.0000,0
a-n60-k9.vrp,ga,1,1424.8303,2890.2195,1906.1333,280.3120,200,2713,0.9000,0.0500,10,10,0.0000,0
a-n60-k9.vrp,ga,1,1424.8303,2555.1147,1899.6086,284.1246,200,2714,0.9000,0.0500,10,10,0.0000,0
a-n60-k9.vrp,ga,1,1424.8303,2942.0923,1918.2791,263.4724,200,2715,0.9000,0.0500,10,10,0.0000,0
a-n60-k9.vrp,ga,1,1424.8303,2859.8560,1913.4982,293.2115,200,2716,0.9000,0.0500,10,10,0.0000,0
a-n60-k9.vrp,ga,1,1424.8303,2952.7869,1907.0116,292.6435,200,2717,0.9000,0.0500,10,10,0.0000,0
a-n60-k9.vrp,ga,1,1424.8303,2525.9097,1875.7906,276.6536,200,2718,0.9000,0.0500,10,10,0.0000,0
a-n60-k9.vrp,ga,1,1424.8303,2774.1272,1847.1290,279.6490,200,2719,0.9000,0.0500,10,10,0.0000,0
a-n60-k9.vrp,ga,1,1424.8303,2960.4224,1850.0132,278.0621,200,2720,0.9000,0.0500,10,10,0.0000,0
a-n60-k9.vrp,ga,1,1424.8303,2973.4963,1887.1802,280.1790,200,2721,0.9000,0.0500,10,10,0.0000,0
a-n60-k9.vrp,ga,1,1424.8303,2889.5149,1901.0343,278.0752,200,2722,0.9000,0.0500,10,10,0.0000,0
a-n60-k9.vrp,ga,1,1424.8303,2566.6091,1906.1594,275.0807,200,2723,0.9000,0.0500,10,10,0.0000,0
a-n60-k9.vrp,ga,1,1424.8303,2843.1709,1920.6509,299.0344,200,2724,0.9000,0.0500,10,10,0.0000,0
a-n60-k9.vrp,ga,1,1424.8303,2522.1013,1899.2012,280.7581,200,2725,0.9000,0.0500,10,10,0.0000,0
a-n60-k9.vrp,ga,1,1424.8303,2802.6472,1885.7653,273.6353,200,2726,0.9000,0.0500,10,10,0.0000,0
a-n60-k9.vrp,ga,1,1424.8303,2697.7979,1861.5138,268.6559,200,2727,0.9000,0.0500,10,10,0.0000,0
a-n60-k9.vrp,ga,1,1424.8303,2739.6968,1884.1641,277.5876,200,2728,0.9000,0.0500,10,10,0.0000,0
a-n60-k9.vrp,ga,1,1424.8303,2947.9705,1914.9039,310.6702,200,2729,0.9000,0.0500,10,10,0.0000,0
a-n60-k9.vrp,ga,1,1424.8303,3096.0359,1947.3488,324.3164,200,2730,0.9000,0.0500,10,10,0.0000,0
a-n60-k9.vrp,ga,1,1424.8303,2938.9099,1917.5505,286.3806,200,2731,0.9000,0.0500,10,10,0.0000,0
a-n60-k9.vrp,ga,1,1424.8303,3212.1968,1974.0073,351.7259,200,2732,0.9000,0.0500,10,10,0.0000,0
a-n60-k9.vrp,ga,1,1424.8303,3165.4138,1953.3115,329.4342,200,2733,0.9000,0.0500,10,10,0.0000,0
a-n60-k9.vrp,ga,1,1424.8303,2995.6287,1919.6951,318.2267,200,2734,0.9000,0.0500,10,10,0.0000,0
a-n60-k9.vrp,ga,1,1424.8303,3167.5876,1939.4491,338.7833,200,2735,0.9000,0.0500,10,10,0.0000,0
a-n60-k9.vrp,ga,1,1424.8303,2807.7720,1954.6985,307.9329,200,2736,0.9000,0.0500,10,10,0.0000,0
a-n60-k9.vrp,ga,1,1424.8303,2907.5913,1894.2405,299.5051,200,2737,0.9000,0.0500,10,10,0.0000,0
a-n60-k9.vrp,ga,1,1424.8303,2892.2258,1931.2526,345.6203,200,2738,0.9000,0.0500,10,10,0.0000,0
a-n60-k9.vrp,ga,1,1424.8303,2805.0796,1908.0906,298.8705,200,2739,0.9000,0.0500,10,10,0.0000,0
a-n60-k9.vrp,ga,1,1424.8303,3125.6714,1965.3434,315.2398,200,2740,0.9000,0.0500,10,10,0.0000,0
a-n60-k9.vrp,ga,1,1424.8303,2739.6968,1937.0001,313.0332,200,2741,0.9000,0.0500,10,10,0.0000,0
a-n60-k9.vrp,ga,1,1424.8303,2876.1353,1951.5697,336.6514,200,2742,0.9000,0.0500,10,10,0.0000,0
a-n60-k9.vrp,ga,1,1424.8303,2832.3960,1890.9469,271.4801,200,2743,0.9000,0.0500,10,10,0.0000,0
a-n60-k9.vrp,ga,1,1424.8303,3015.7102,1933.5638,296.7619,200,2744,0.9000,0.0500,10,10,0.0000,0
a-n60-k9.vrp,ga,1,1424.8303,2978.9324,1925.0391,313.4349,200,2745,0.9000,0.0500,10,10,0.0000,0
a-n60-k9.vrp,ga,1,1424.8303,3006.0129,1908.4026,320.9178,200,2746,0.9000,0.0500,10,10,0.0000,0
a-n60-k9.vrp,ga,1,1424.8303,2932.1208,1900.6489,310.1628,200,2747,0.9000,0.0500,10,10,0.0000,0
a-n60-k9.vrp,ga,1,1424.8303,2990.1006,1931.5752,309.2124,200,2748,0.9000,0.0500,10,10,0.0000,0
a-n60-k9.vrp,ga,1,1424.8303,3049.0488,1928.7567,319.5400,200,2749,0.9000,0.0500,10,10,0.0000,0
a-n60-k9.vrp,ga,1,1424.8303,3131.5920,1889.2175,268.5947,200,2750,0.9000,0.0500,10,10,0.0000,0
a-n60-k9.vrp,ga,1,1424.8303,3201.7146,1916.0344,302.2288,200,2751,0.9000,0.0500,10,10,0.0000,0
a-n60-k9.vrp,ga,1,1424.8303,2997.8022,1926.4044,310.3806,200,2752,0.9000,0.0500,10,10,0.0000,0
a-n60-k9.vrp,ga,1,1424.8303,3045.6995,1892.1333,288.1413,200,2753,0.9000,0.0500,10,10,0.0000,0
a-n60-k9.vrp,ga,1,1424.8303,2791.7678,1902.6498,270.1366,200,2754,0.9000,0.0500,10,10,0.0000,0
a-n60-k9.vrp,ga,1,1424.8303,2841.2751,1964.5184,283.5933,200,2755,0.9000,0.0500,10,10,0.0000,0
a-n60-k9.vrp,ga,1,1424.8303,2981.0994,1914.3604,297.7272,200,2756,0.9000,0.0500,10,10,0.0000,0
a-n60-k9.vrp,ga,1,1424.8303,2918.9143,1894.7819,301.6461,200,2757,0.9000,0.0500,10,10,0.0000,0
a-n60-k9.vrp,ga,1,1424.8303,2889.7417,1897.8114,296.6286,200,2758,0.9000,0.0500,10,10,0.0000,0
a-n60-k9.vrp,ga,1,1424.8303,2971.1494,1926.2450,311.1706,200,2759,0.9000,0.0500,10,10,0.0000,0
a-n60-k9.vrp,ga,1,1424.8303,3093.8875,1901.5292,330.1384,200,2760,0.9000,0.0500,10,10,0.0000,0
a-n60-k9.vrp,ga,1,1424.8303,2828.1143,1886.3351,280.4438,200,2761,0.9000,0.0500,10,10,0.0000,0
a-n60-k9.vrp,ga,1,1424.8303,3053.6653,1921.0934,334.2548,200,2762,0.9000,0.0500,10,10,0.0000,0
a-n60-k9.vrp,ga,1,1424.8303,3089.8596,1958.0837,323.0822,200,2763,0.9000,0.0500,10,10,0.0000,0
a-n60-k9.vrp,ga,1,1424.8303,3193.2974,1941.9504,297.8740,200,2764,0.9000,0.0500,10,10,0.0000,0
a-n60-k9.vrp,ga,1,1424.8303,3056.7759,1917.7169,306.5186,200,2765,0.9000,0.0500,10,10,0.0000,0
a-n60-k9.vrp,ga,1,1424.8303,3154.4038,1892.7698,313.2710,200,2766,0.9000,0.0500,10,10,0.0000,0
a-n60-k9.vrp,ga,1,1424.8303,2794.0566,1889.4921,275.9521,200,2767,0.9000,0.0500,10,10,0.0000,0
a-n60-k9.vrp,ga,1,1424.8303,3063.6228,1924.8691,334.1502,200,2768,0.9000,0.0500,10,10,0.0000,0
a-n60-k9.vrp,ga,1,1424.8303,3157.1843,1886.3668,319.3473,200,2769,0.9000,0.0500,10,10,0.0000,0
a-n60-k9.vrp,ga,1,1424.8303,3104.4812,1937.9358,300.0688,200,2770,0.9000,0.0500,10,10,0.0000,0
a-n60-k9.vrp,ga,1,1424.8303,3148.3914,1963.6814,305.4640,200,2771,0.9000,0.0500,10,10,0.0000,0
a-n60-k9.vrp,ga,1,1424.8303,3141.5320,1951.1202,338.0355,200,2772,0.9000,0.0500,10,10,0.0000,0
a-n60-k9.vrp,ga,1,1424.8303,3102.1123,1896.9827,287.0200,200,2773,0.9000,0.0500,10,10,0.0000,0
a-n60-k9.vrp,ga,1,1424.8303,3075.3423,1953.8073,331.4312,200,2774,0.9000,0.0500,10,10,0.0000,0
a-n60-k9.vrp,ga,1,1424.8303,3159.5093,1924.5095,329.6088,200,2775,0.9000,0.0500,10,10,0.0000,0
a-n60-k9.vrp,ga,1,1424.8303,2794.0566,1903.7749,291.4843,200,2776,0.9000,0.0500,10,10,0.0000,0
a-n60-k9.vrp,ga,1,1424.8303,3057.7646,1909.1072,314.4508,200,2777,0.9000,0.0500,10,10,0.0000,0
a-n60-k9.vrp,ga,1,1424.8303,2924.8965,1905.0760,326.9684,200,2778,0.9000,0.0500,10,10,0.0000,0
a-n60-k9.vrp,ga,1,1424.8303,2794.0566,1921.6720,294.4469,200,2779,0.9000,0.0500,10,10,0.0000,0
a-n60-k9.vrp,ga,1,1424.8303,2924.8965,1903.4481,293.4359,200,2780,0.9000,0.0500,10,10,0.0000,0
a-n60-k9.vrp,ga,1,1424.8303,2794.0566,1926.7710,301.5721,200,2781,0.9000,0.0500,10,10,0.0000,0
a-n60-k9.vrp,ga,1,1424.8303,3065.7991,1916.8191,324.2343,200,2782,0.9000,0.0500,10,10,0.0000,0
a-n60-k9.vrp,ga,1,1424.8303,2998.9924,1909.3955,332.3916,200,2783,0.9000,0.0500,10,10,0.0000,0
a-n60-k9.vrp,ga,1,1424.8303,3117.6528,1882.4846,347.6931,200,2784,0.9000,0.0500,10,10,0.0000,0
a-n60-k9.vrp,ga,1,1424.8303,2766.3472,1875.2036,288.8048,200,2785,0.9000,0.0500,10,10,0.0000,0
a-n60-k9.vrp,ga,1,1424.8303,2960.6416,1881.8451,323.8347,200,2786,0.9000,0.0500,10,10,0.0000,0
a-n60-k9.vrp,ga,1,1424.8303,3093.1448,1869.1127,326.1617,200,2787,0.9000,0.0500,10,10,0.0000,0
a-n60-k9.vrp,ga,1,1424.8303,3073.3374,1841.7001,294.4448,200,2788,0.9000,0.0500,10,10,0.0000,0
a-n60-k9.vrp,ga,1,1424.8303,2794.0566,1851.6180,312.0042,200,2789,0.9000,0.0500,10,10,0.0000,0
a-n60-k9.vrp,ga,1,1424.8303,2812.5391,1875.0898,299.3533,200,2790,0.9000,0.0500,10,10,0.0000,0
a-n60-k9.vrp,ga,1,1424.8303,2914.9800,1859.4025,317.6353,200,2791,0.9000,0.0500,10,10,0.0000,0
a-n60-k9.vrp,ga,1,1424.8303,3063.6833,1907.3868,321.3672,200,2792,0.9000,0.0500,10,10,0.0000,0
a-n60-k9.vrp,ga,1,1424.8303,2817.6877,1899.1577,323.2195,200,2793,0.9000,0.0500,10,10,0.0000,0
a-n60-k9.vrp,ga,1,1424.8303,2955.8005,1902.3984,326.9402,200,2794,0.9000,0.0500,10,10,0.0000,0
a-n60-k9.vrp,ga,1,1424.8303,3044.8171,1902.6163,301.1850,200,2795,0.9000,0.0500,10,10,0.0000,0
a-n60-k9.vrp,ga,1,1424.8303,2794.0566,1875.3987,296.1453,200,2796,0.9000,0.0500,10,10,0.0000,0
a-n60-k9.vrp,ga,1,1424.8303,2663.4722,1864.9702,283.7035,200,2797,0.9000,0.0500,10,10,0.0000,0
a-n60-k9.vrp,ga,1,1424.8303,2957.8689,1875.1326,304.7419,200,2798,0.9000,0.0500,10,10,0.0000,0
a-n60-k9.vrp,ga,1,1424.8303,3241.9634,1890.3502,333.6157,200,2799,0.9000,0.0500,10,10,0.0000,0
a-n60-k9.vrp,ga,1,1424.8303,3309.9312,1884.4486,303.8136,200,2800,0.9000,0.0500,10,10,0.0000,0
a-n60-k9.vrp,ga,1,1424.8303,3039.0630,1884.2079,316.3383,200,2801,0.9000,0.0500,10,10,0.0000,0
a-n60-k9.vrp,ga,1,1424.8303,3081.1948,1899.4811,320.8791,200,2802,0.9000,0.0500,10,10,0.0000,0
a-n60-k9.vrp,ga,1,1424.8303,3129.5730,1850.2335,321.1667,200,2803,0.9000,0.0500,10,10,0.0000,0
a-n60-k9.vrp,ga,1,1424.8303,3393.5957,1849.5696,338.0219,200,2804,0.9000,0.0500,10,10,0.0000,0
a-n60-k9.vrp,ga,1,1424.8303,2611.0210,1873.5814,307.9200,200,2805,0.9000,0.0500,10,10,0.0000,0
a-n60-k9.vrp,ga,1,1424.8303,3106.8208,1893.7067,295.3556,200,2806,0.9000,0.0500,10,10,0.0000,0
a-n60-k9.vrp,ga,1,1424.8303,2965.7178,1850.8914,323.5199,200,2807,0.9000,0.0500,10,10,0.0000,0
a-n60-k9.vrp,ga,1,1424.8303,3086.7573,1854.9034,308.6545,200,2808,0.9000,0.0500,10,10,0.0000,0
a-n60-k9.vrp,ga,1,1424.8303,2934.5901,1882.7767,313.4083,200,2809,0.9000,0.0500,10,10,0.0000,0
a-n60-k9.vrp,ga,1,1424.8303,3246.0896,1935.5273,300.6355,200,2810,0.9000,0.0500,10,10,0.0000,0
a-n60-k9.vrp,ga,1,1424.8303,3150.9043,1936.2336,351.1958,200,2811,0.9000,0.0500,10,10,0.0000,0
a-n60-k9.vrp,ga,1,1424.8303,2934.0200,1899.4502,286.2776,200,2812,0.9000,0.0500,10,10,0.0000,0
a-n60-k9.vrp,ga,1,1424.8303,3077.4294,1882.7026,314.9360,200,2813,0.9000,0.0500,10,10,0.0000,0
a-n60-k9.vrp,ga,1,1424.8303,3188.7981,1879.2698,314.7862,200,2814,0.9000,0.0500,10,10,0.0000,0
a-n60-k9.vrp,ga,1,1424.8303,2934.3779,1877.5204,287.2032,200,2815,0.9000,0.0500,10,10,0.0000,0
a-n60-k9.vrp,ga,1,1424.8303,3013.5208,1920.0286,350.3081,200,2816,0.9000,0.0500,10,10,0.0000,0
a-n60-k9.vrp,ga,1,1424.8303,3053.0420,1876.5173,320.6154,200,2817,0.9000,0.0500,10,10,0.0000,0
a-n60-k9.vrp,ga,1,1424.8303,3180.3572,1854.6891,315.1140,200,2818,0.9000,0.0500,10,10,0.0000,0
a-n60-k9.vrp,ga,1,1424.8303,2978.3403,1899.4296,317.3534,200,2819,0.9000,0.0500,10,10,0.0000,0
a-n60-k9.vrp,ga,1,1424.8303,2959.8711,1900.4656,303.3740,200,2820,0.9000,0.0500,10,10,0.0000,0
a-n60-k9.vrp,ga,1,1424.8303,2964.7532,1896.2767,321.0278,200,2821,0.9000,0.0500,10,10,0.0000,0
a-n60-k9.vrp,ga,1,1424.8303,3101.7686,1867.2130,304.1847,200,2822,0.9000,0.0500,10,10,0.0000,0
a-n60-k9.vrp,ga,1,1424.8303,3145.4258,1849.5791,327.1987,200,2823,0.9000,0.0500,10,10,0.0000,0
a-n60-k9.vrp,ga,1,1424.8303,3204.4670,1878.1864,290.5955,200,2824,0.9000,0.0500,10,10,0.0000,0
a-n60-k9.vrp,ga,1,1424.8303,3280.0120,1859.0552,307.3407,200,2825,0.9000,0.0500,10,10,0.0000,0
a-n60-k9.vrp,ga,1,1424.8303,3129.2024,1868.5162,292.6000,200,2826,0.9000,0.0500,10,10,0.0000,0
a-n60-k9.vrp,ga,1,1424.8303,3102.3914,1866.5270,318.4337,200,2827,0.9000,0.0500,10,10,0.0000,0
a-n60-k9.vrp,ga,1,1424.8303,2885.8140,1863.2264,288.7745,200,2828,0.9000,0.0500,10,10,0.0000,0
a-n60-k9.vrp,ga,1,1424.8303,2916.1365,1863.4454,261.4243,200,2829,0.9000,0.0500,10,10,0.0000,0
a-n60-k9.vrp,ga,1,1424.8303,3312.9724,1926.8571,331.0576,200,2830,0.9000,0.0500,10,10,0.0000,0
a-n60-k9.vrp,ga,1,1424.8303,2976.8660,1868.2340,299.5417,200,2831,0.9000,0.0500,10,10,0.0000,0
a-n60-k9.vrp,ga,1,1424.8303,3122.0969,1858.7484,284.8395,200,2832,0.9000,0.0500,10,10,0.0000,0
a-n60-k9.vrp,ga,1,1424.8303,3190.5422,1823.5247,295.1954,200,2833,0.9000,0.0500,10,10,0.0000,0
a-n60-k9.vrp,ga,1,1424.8303,3420.8635,1870.1187,288.0070,200,2834,0.9000,0.0500,10,10,0.0000,0
a-n60-k9.vrp,ga,1,1424.8303,3079.6846,1864.6647,292.4916,200,2835,0.9000,0.0500,10,10,0.0000,0
a-n60-k9.vrp,ga,1,1424.8303,3094.2112,1844.2986,291.3842,200,2836,0.9000,0.0500,10,10,0.0000,0
a-n60-k9.vrp,ga,1,1424.8303,2934.3779,1828.0938,284.4695,200,2837,0.9000,0.0500,10,10,0.0000,0
a-n60-k9.vrp,ga,1,1424.8303,3091.6201,1872.0677,331.8867,200,2838,0.9000,0.0500,10,10,0.0000,0
a-n60-k9.vrp,ga,1,1424.8303,3242.1047,1893.3724,314.1732,200,2839,0.9000,0.0500,10,10,0.0000,0
a-n60-k9.vrp,ga,1,1424.8303,3010.8118,1900.8652,316.7080,200,2840,0.9000,0.0500,10,10,0.0000,0
a-n60-k9.vrp,ga,1,1424.8303,3013.4287,1894.4293,316.5529,200,2841,0.9000,0.0500,10,10,0.0000,0
a-n60-k9.vrp,ga,1,1424.8303,3249.6226,1849.2382,281.1868,200,2842,0.9000,0.0500,10,10,0.0000,0
a-n60-k9.vrp,ga,1,1424.8303,3109.0005,1904.2893,295.5643,200,2843,0.9000,0.0500,10,10,0.0000,0
a-n60-k9.vrp,ga,1,1424.8303,3122.8479,1891.4623,295.2859,200,2844,0.9000,0.0500,10,10,0.0000,0
a-n60-k9.vrp,ga,1,1424.8303,2964.3296,1897.8894,300.6052,200,2845,0.9000,0.0500,10,10,0.0000,0
a-n60-k9.vrp,ga,1,1424.8303,2934.3779,1907.8199,317.9519,200,2846,0.9000,0.0500,10,10,0.0000,0
a-n60-k9.vrp,ga,1,1424.8303,2934.3779,1834.2258,267.2146,200,2847,0.9000,0.0500,10,10,0.0000,0
a-n60-k9.vrp,ga,1,1424.8303,3101.6597,1858.4344,298.4437,200,2848,0.9000,0.0500,10,10,0.0000,0
a-n60-k9.vrp,ga,1,1424.8303,2998.1760,1789.6696,273.9062,200,2849,0.9000,0.0500,10,10,0.0000,0
a-n60-k9.vrp,ga,1,1424.8303,3114.5486,1842.9156,315.7241,200,2850,0.9000,0.0500,10,10,0.0000,0
a-n60-k9.vrp,ga,1,1424.8303,2976.8447,1851.0890,291.9955,200,2851,0.9000,0.0500,10,10,0.0000,0
a-n60-k9.vrp,ga,1,1424.8303,3104.9963,1840.5999,289.8179,200,2852,0.9000,0.0500,10,10,0.0000,0
a-n60-k9.vrp,ga,1,1424.8303,3125.2039,1862.8561,288.0803,200,2853,0.9000,0.0500,10,10,0.0000,0
a-n60-k9.vrp,ga,1,1424.8303,3123.6152,1871.5153,328.2000,200,2854,0.9000,0.0500,10,10,0.0000,0
a-n60-k9.vrp,ga,1,1424.8303,3026.1177,1867.1755,309.3718,200,2855,0.9000,0.0500,10,10,0.0000,0
a-n60-k9.vrp,ga,1,1424.8303,3356.8403,1889.6129,328.1317,200,2856,0.9000,0.0500,10,10,0.0000,0
a-n60-k9.vrp,ga,1,1424.8303,2934.3779,1903.9722,301.9442,200,2857,0.9000,0.0500,10,10,0.0000,0
a-n60-k9.vrp,ga,1,1424.8303,2934.3779,1864.6674,303.3089,200,2858,0.9000,0.0500,10,10,0.0000,0
a-n60-k9.vrp,ga,1,1424.8303,2934.3779,1853.9386,269.4263,200,2859,0.9000,0.0500,10,10,0.0000,0
a-n60-k9.vrp,ga,1,1424.8303,3233.7231,1877.0784,307.2870,200,2860,0.9000,0.0500,10,10,0.0000,0
a-n60-k9.vrp,ga,1,1424.8303,3015.2085,1869.5698,313.1452,200,2861,0.9000,0.0500,10,10,0.0000,0
a-n60-k9.vrp,ga,1,1424.8303,2966.0422,1878.4772,308.8669,200,2862,0.9000,0.0500,10,10,0.0000,0
a-n60-k9.vrp,ga,1,1424.8303,3079.7109,1875.9836,319.4942,200,2863,0.9000,0.0500,10,10,0.0000,0
a-n60-k9.vrp,ga,1,1424.8303,3352.3689,1900.9829,348.5560,200,2864,0.9000,0.0500,10,10,0.0000,0
a-n60-k9.vrp,ga,1,1424.8303,3157.3364,1916.3474,329.3770,200,2865,0.9000,0.0500,10,10,0.0000,0
a-n60-k9.vrp,ga,1,1424.8303,3099.1653,1888.0164,298.1154,200,2866,0.9000,0.0500,10,10,0.0000,0
a-n60-k9.vrp,ga,1,1424.8303,3295.8381,1866.2076,338.7987,200,2867,0.9000,0.0500,10,10,0.0000,0
a-n60-k9.vrp,ga,1,1424.8303,3304.1409,1841.9622,332.1549,200,2868,0.9000,0.0500,10,10,0.0000,0
a-n60-k9.vrp,ga,1,1424.8303,2846.2666,1809.9636,274.0808,200,2869,0.9000,0.0500,10,10,0.0000,0
a-n60-k9.vrp,ga,1,1424.8303,3008.4197,1866.7875,331.6804,200,2870,0.9000,0.0500,10,10,0.0000,0
a-n60-k9.vrp,ga,1,1424.8303,3088.9768,1874.4948,333.2079,200,2871,0.9000,0.0500,10,10,0.0000,0
a-n60-k9.vrp,ga,1,1424.8303,3044.8779,1886.6353,301.5412,200,2872,0.9000,0.0500,10,10,0.0000,0
a-n60-k9.vrp,ga,1,1424.8303,3312.7732,1868.5093,319.0956,200,2873,0.9000,0.0500,10,10,0.0000,0
a-n60-k9.vrp,ga,1,1424.8303,2956.4268,1855.0134,308.6570,200,2874,0.9000,0.0500,10,10,0.0000,0
a-n60-k9.vrp,ga,1,1424.8303,3115.3540,1862.8016,308.7072,200,2875,0.9000,0.0500,10,10,0.0000,0
a-n60-k9.vrp,ga,1,1424.8303,2902.5508,1876.1404,289.8018,200,2876,0.9000,0.0500,10,10,0.0000,0
a-n60-k9.vrp,ga,1,1424.8303,3262.6655,1967.7186,383.6888,200,2877,0.9000,0.0500,10,10,0.0000,0
a-n60-k9.vrp,ga,1,1424.8303,3023.6958,1882.4642,328.2093,200,2878,0.9000,0.0500,10,10,0.0000,0
a-n60-k9.vrp,ga,1,1424.8303,3148.4448,1850.2924,299.1013,200,2879,0.9000,0.0500,10,10,0.0000,0
a-n60-k9.vrp,ga,1,1424.8303,3132.8201,1833.3026,289.5037,200,2880,0.9000,0.0500,10,10,0.0000,0
a-n60-k9.vrp,ga,1,1424.8303,3274.3574,1902.4916,355.4443,200,2881,0.9000,0.0500,10,10,0.0000,0
a-n60-k9.vrp,ga,1,1424.8303,3106.0786,1879.7047,364.8242,200,2882,0.9000,0.0500,10,10,0.0000,0
a-n60-k9.vrp,ga,1,1424.8303,2973.6619,1846.4042,325.0496,200,2883,0.9000,0.0500,10,10,0.0000,0
a-n60-k9.vrp,ga,1,1424.8303,3211.2322,1858.8922,315.0146,200,2884,0.9000,0.0500,10,10,0.0000,0
a-n60-k9.vrp,ga,1,1424.8303,2953.9961,1868.5847,299.6615,200,2885,0.9000,0.0500,10,10,0.0000,0
a-n60-k9.vrp,ga,1,1424.8303,3122.8721,1896.1270,322.9453,200,2886,0.9000,0.0500,10,10,0.0000,0
a-n60-k9.vrp,ga,1,1424.8303,2563.9932,1891.6665,279.5653,200,2887,0.9000,0.0500,10,10,0.0000,0
a-n60-k9.vrp,ga,1,1424.8303,3326.0813,1934.3793,320.7160,200,2888,0.9000,0.0500,10,10,0.0000,0
a-n60-k9.vrp,ga,1,1424.8303,3120.8984,1917.0948,331.7777,200,2889,0.9000,0.0500,10,10,0.0000,0
a-n60-k9.vrp,ga,1,1424.8303,3059.9495,1907.1536,355.3211,200,2890,0.9000,0.0500,10,10,0.0000,0
a-n60-k9.vrp,ga,1,1424.8303,2832.1565,1859.8553,285.2323,200,2891,0.9000,0.0500,10,10,0.0000,0
a-n60-k9.vrp,ga,1,1424.8303,2780.2529,1828.0582,294.2739,200,2892,0.9000,0.0500,10,10,0.0000,0
a-n60-k9.vrp,ga,1,1424.8303,2978.6096,1828.4967,315.1696,200,2893,0.9000,0.0500,10,10,0.0000,0
a-n60-k9.vrp,ga,1,1424.8303,2825.1851,1840.4309,288.9276,200,2894,0.9000,0.0500,10,10,0.0000,0
a-n60-k9.vrp,ga,1,1424.8303,2963.7925,1875.8154,331.6878,200,2895,0.9000,0.0500,10,10,0.0000,0
a-n60-k9.vrp,ga,1,1424.8303,2652.2598,1819.4430,265.3328,200,2896,0.9000,0.0500,10,10,0.0000,0
a-n60-k9.vrp,ga,1,1424.8303,2814.1025,1865.2828,309.8454,200,2897,0.9000,0.0500,10,10,0.0000,0
a-n60-k9.vrp,ga,1,1424.8303,3059.0212,1862.3705,293.0092,200,2898,0.9000,0.0500,10,10,0.0000,0
a-n60-k9.vrp,ga,1,1424.8303,3060.2881,1849.5177,280.0472,200,2899,0.9000,0.0500,10,10,0.0000,0
a-n60-k9.vrp,ga,1,1424.8303,3046.2432,1847.0609,319.8768,200,2900,0.9000,0.0500,10,10,0.0000,0
a-n60-k9.vrp,ga,1,1424.8303,2880.1023,1864.3545,295.1317,200,2901,0.9000,0.0500,10,10,0.0000,0
a-n60-k9.vrp,ga,1,1424.8303,3115.7930,1915.4337,332.9480,200,2902,0.9000,0.0500,10,10,0.0000,0
a-n60-k9.vrp,ga,1,1424.8303,3079.4500,1915.5594,313.2693,200,2903,0.9000,0.0500,10,10,0.0000,0
a-n60-k9.vrp,ga,1,1424.8303,3105.3997,1881.5977,326.4887,200,2904,0.9000,0.0500,10,10,0.0000,0
a-n60-k9.vrp,ga,1,1424.8303,2977.6143,1904.5616,349.2172,200,2905,0.9000,0.0500,10,10,0.0000,0
a-n60-k9.vrp,ga,1,1424.8303,2957.9414,1847.4020,278.5067,200,2906,0.9000,0.0500,10,10,0.0000,0
a-n60-k9.vrp,ga,1,1424.8303,3226.2549,1896.4194,322.0999,200,2907,0.9000,0.0500,10,10,0.0000,0
a-n60-k9.vrp,ga,1,1424.8303,2958.8677,1889.7454,332.1736,200,2908,0.9000,0.0500,10,10,0.0000,0
a-n60-k9.vrp,ga,1,1424.8303,2880.6633,1884.2273,310.3381,200,2909,0.9000,0.0500,10,10,0.0000,0
a-n60-k9.vrp,ga,1,1424.8303,2940.6882,1853.3667,298.8232,200,2910,0.9000,0.0500,10,10,0.0000,0
a-n60-k9.vrp,ga,1,1424.8303,2814.1025,1899.8981,296.8801,200,2911,0.9000,0.0500,10,10,0.0000,0
a-n60-k9.vrp,ga,1,1424.8303,2854.3171,1876.1807,289.3576,200,2912,0.9000,0.0500,10,10,0.0000,0
a-n60-k9.vrp,ga,1,1424.8303,2755.5974,1830.1876,283.3510,200,2913,0.9000,0.0500,10,10,0.0000,0
a-n60-k9.vrp,ga,1,1424.8303,2905.4731,1832.1011,279.8419,200,2914,0.9000,0.0500,10,10,0.0000,0
a-n60-k9.vrp,ga,1,1424.8303,3033.8596,1851.2800,315.9153,200,2915,0.9000,0.0500,10,10,0.0000,0
a-n60-k9.vrp,ga,1,1424.8303,3226.2554,1847.7867,308.9822,200,2916,0.9000,0.0500,10,10,0.0000,0
a-n60-k9.vrp,ga,1,1424.8303,3011.6299,1859.6683,292.6119,200,2917,0.9000,0.0500,10,10,0.0000,0
a-n60-k9.vrp,ga,1,1424.8303,3384.4087,1841.0353,308.6690,200,2918,0.9000,0.0500,10,10,0.0000,0
a-n60-k9.vrp,ga,1,1424.8303,3094.9331,1842.4120,333.6353,200,2919,0.9000,0.0500,10,10,0.0000,0
a-n60-k9.vrp,ga,1,1424.8303,3172.4785,1921.2812,333.2459,200,2920,0.9000,0.0500,10,10,0.0000,0
a-n60-k9.vrp,ga,1,1424.8303,2903.2910,1889.2065,345.9638,200,2921,0.9000,0.0500,10,10,0.0000,0
a-n60-k9.vrp,ga,1,1424.8303,2814.1025,1872.9265,287.9356,200,2922,0.9000,0.0500,10,10,0.0000,0
a-n60-k9.vrp,ga,1,1424.8303,2814.1025,1875.6746,284.4274,200,2923,0.9000,0.0500,10,10,0.0000,0
a-n60-k9.vrp,ga,1,1424.8303,2894.9451,1891.5571,315.4929,200,2924,0.9000,0.0500,10,10,0.0000,0
a-n60-k9.vrp,ga,1,1424.8303,3168.1819,1928.6790,320.8461,200,2925,0.9000,0.0500,10,10,0.0000,0
a-n60-k9.vrp,ga,1,1424.8303,3284.4863,1879.9122,319.2861,200,2926,0.9000,0.0500,10,10,0.0000,0
a-n60-k9.vrp,ga,1,1424.8303,3108.6335,1860.6006,313.1682,200,2927,0.9000,0.0500,10,10,0.0000,0
a-n60-k9.vrp,ga,1,1424.8303,2964.7471,1844.3600,322.6167,200,2928,0.9000,0.0500,10,10,0.0000,0
a-n60-k9.vrp,ga,1,1424.8303,2599.0967,1837.0825,293.9631,200,2929,0.9000,0.0500,10,10,0.0000,0
a-n60-k9.vrp,ga,1,1424.8303,2809.5115,1853.9575,311.6151,200,2930,0.9000,0.0500,10,10,0.0000,0
a-n60-k9.vrp,ga,1,1424.8303,3267.4275,1858.8096,327.6183,200,2931,0.9000,0.0500,10,10,0.0000,0
a-n60-k9.vrp,ga,1,1424.8303,3343.9622,1864.2068,319.9901,200,2932,0.9000,0.0500,10,10,0.0000,0
a-n60-k9.vrp,ga,1,1424.8303,2447.7910,1867.7783,292.2021,200,2933,0.9000,0.0500,10,10,0.0000,0
a-n60-k9.vrp,ga,1,1424.8303,2515.6582,1848.0928,258.1510,200,2934,0.9000,0.0500,10,10,0.0000,0
a-n60-k9.vrp,ga,1,1424.8303,2690.7358,1846.1943,293.2149,200,2935,0.9000,0.0500,10,10,0.0000,0
a-n60-k9.vrp,ga,1,1424.8303,2542.0696,1834.3994,284.1190,200,2936,0.9000,0.0500,10,10,0.0000,0
a-n60-k9.vrp,ga,1,1424.8303,2664.1038,1876.9204,265.5193,200,2937,0.9000,0.0500,10,10,0.0000,0
a-n60-k9.vrp,ga,1,1424.8303,2490.8274,1864.4169,273.1633,200,2938,0.9000,0.0500,10,10,0.0000,0
a-n60-k9.vrp,ga,1,1424.8303,2571.3445,1889.2441,272.3785,200,2939,0.9000,0.0500,10,10,0.0000,0
a-n60-k9.vrp,ga,1,1424.8303,2754.3181,1881.0619,299.9130,200,2940,0.9000,0.0500,10,10,0.0000,0
a-n60-k9.vrp,ga,1,1424.8303,2619.7808,1844.9523,274.7917,200,2941,0.9000,0.0500,10,10,0.0000,0
a-n60-k9.vrp,ga,1,1424.8303,2491.0745,1824.6555,283.8226,200,2942,0.9000,0.0500,10,10,0.0000,0
a-n60-k9.vrp,ga,1,1424.8303,2454.6653,1823.9774,273.4830,200,2943,0.9000,0.0500,10,10,0.0000,0
a-n60-k9.vrp,ga,1,1424.8303,2514.3411,1837.7225,265.4567,200,2944,0.9000,0.0500,10,10,0.0000,0
a-n60-k9.vrp,ga,1,1424.8303,2420.8379,1816.4274,273.5249,200,2945,0.9000,0.0500,10,10,0.0000,0
a-n60-k9.vrp,ga,1,1424.8303,2395.9956,1848.7406,286.2684,200,2946,0.9000,0.0500,10,10,0.0000,0
a-n60-k9.vrp,ga,1,1424.8303,2649.3074,1844.8525,288.2763,200,2947,0.9000,0.0500,10,10,0.0000,0
a-n60-k9.vrp,ga,1,1424.8303,2453.7773,1841.5211,272.6320,200,2948,0.9000,0.0500,10,10,0.0000,0
a-n60-k9.vrp,ga,1,1424.8303,2627.2156,1811.5645,286.8300,200,2949,0.9000,0.0500,10,10,0.0000,0
a-n60-k9.vrp,ga,1,1424.8303,2582.7822,1788.1271,268.7850,200,2950,0.9000,0.0500,10,10,0.0000,0
a-n60-k9.vrp,ga,1,1424.8303,2532.8428,1807.3903,281.7651,200,2951,0.9000,0.0500,10,10,0.0000,0
a-n60-k9.vrp,ga,1,1424.8303,2469.8748,1820.2611,277.9263,200,2952,0.9000,0.0500,10,10,0.0000,0
a-n60-k9.vrp,ga,1,1424.8303,2472.6868,1775.9227,261.9627,200,2953,0.9000,0.0500,10,10,0.0000,0
a-n60-k9.vrp,ga,1,1424.8303,2317.7393,1772.3425,247.8822,200,2954,0.9000,0.0500,10,10,0.0000,0
a-n60-k9.vrp,ga,1,1424.8303,2342.7590,1777.9041,255.9408,200,2955,0.9000,0.0500,10,10,0.0000,0
a-n60-k9.vrp,ga,1,1424.8303,2432.1748,1770.9476,261.9549,200,2956,0.9000,0.0500,10,10,0.0000,0
a-n60-k9.vrp,ga,1,1424.8303,2321.1934,1752.4169,244.1297,200,2957,0.9000,0.0500,10,10,0.0000,0
a-n60-k9.vrp,ga,1,1424.8303,2419.2014,1770.6798,253.3310,200,2958,0.9000,0.0500,10,10,0.0000,0
a-n60-k9.vrp,ga,1,1424.8303,2290.7200,1783.9176,233.1393,200,2959,0.9000,0.0500,10,10,0.0000,0
a-n60-k9.vrp,ga,1,1424.8303,2320.4011,1779.6899,245.9480,200,2960,0.9000,0.0500,10,10,0.0000,0
a-n60-k9.vrp,ga,1,1424.8303,2323.0498,1788.7445,241.4108,200,2961,0.9000,0.0500,10,10,0.0000,0
a-n60-k9.vrp,ga,1,1424.8303,2371.0601,1802.0007,245.1291,200,2962,0.9000,0.0500,10,10,0.0000,0
a-n60-k9.vrp,ga,1,1424.8303,2391.9568,1779.8719,266.3615,200,2963,0.9000,0.0500,10,10,0.0000,0
a-n60-k9.vrp,ga,1,1424.8303,2263.9468,1785.3331,257.5709,200,2964,0.9000,0.0500,10,10,0.0000,0
a-n60-k9.vrp,ga,1,1424.8303,2198.5996,1769.6072,238.5507,200,2965,0.9000,0.0500,10,10,0.0000,0
a-n60-k9.vrp,ga,1,1424.8303,2451.0444,1803.8462,257.3795,200,2966,0.9000,0.0500,10,10,0.0000,0
a-n60-k9.vrp,ga,1,1424.8303,2382.5925,1835.9182,235.5301,200,2967,0.9000,0.0500,10,10,0.0000,0
a-n60-k9.vrp,ga,1,1424.8303,2421.6282,1825.8691,248.4075,200,2968,0.9000,0.0500,10,10,0.0000,0
a-n60-k9.vrp,ga,1,1424.8303,2437.1873,1817.7800,247.5684,200,2969,0.9000,0.0500,10,10,0.0000,0
a-n60-k9.vrp,ga,1,1424.8303,2554.6924,1819.4100,258.2923,200,2970,0.9000,0.0500,10,10,0.0000,0
a-n60-k9.vrp,ga,1,1424.8303,2370.3308,1787.4487,247.7147,200,2971,0.9000,0.0500,10,10,0.0000,0
a-n60-k9.vrp,ga,1,1424.8303,2332.2446,1786.2839,260.5320,200,2972,0.9000,0.0500,10,10,0.0000,0
a-n60-k9.vrp,ga,1,1424.8303,2613.9390,1786.7754,269.9397,200,2973,0.9000,0.0500,10,10,0.0000,0
a-n60-k9.vrp,ga,1,1424.8303,2354.1831,1792.6875,263.4370,200,2974,0.9000,0.0500,10,10,0.0000,0
a-n60-k9.vrp,ga,1,1424.8303,2332.4526,1761.5160,257.1169,200,2975,0.9000,0.0500,10,10,0.0000,0
a-n60-k9.vrp,ga,1,1424.8303,2540.6904,1783.4462,249.1619,200,2976,0.9000,0.0500,10,10,0.0000,0
a-n60-k9.vrp,ga,1,1424.8303,2410.6702,1807.9362,262.4906,200,2977,0.9000,0.0500,10,10,0.0000,0
a-n60-k9.vrp,ga,1,1424.8303,2412.6660,1798.0721,259.1255,200,2978,0.9000,0.0500,10,10,0.0000,0
a-n60-k9.vrp,ga,1,1424.8303,2291.1973,1779.4277,261.6466,200,2979,0.9000,0.0500,10,10,0.0000,0
a-n60-k9.vrp,ga,1,1424.8303,2241.1438,1803.7947,249.7137,200,2980,0.9000,0.0500,10,10,0.0000,0
a-n60-k9.vrp,ga,1,1424.8303,2350.8616,1823.5719,254.8584,200,2981,0.9000,0.0500,10,10,0.0000,0
a-n60-k9.vrp,ga,1,1424.8303,2327.7222,1784.9384,249.7460,200,2982,0.9000,0.0500,10,10,0.0000,0
a-n60-k9.vrp,ga,1,1424.8303,2359.6531,1781.5237,251.8268,200,2983,0.9000,0.0500,10,10,0.0000,0
a-n60-k9.vrp,ga,1,1424.8303,2336.6833,1782.5614,262.1622,200,2984,0.9000,0.0500,10,10,0.0000,0
a-n60-k9.vrp,ga,1,1424.8303,2346.4873,1806.8483,247.8993,200,2985,0.9000,0.0500,10,10,0.0000,0
a-n60-k9.vrp,ga,1,1424.8303,2309.6658,1794.5726,251.1115,200,2986,0.9000,0.0500,10,10,0.0000,0
a-n60-k9.vrp,ga,1,1424.8303,2373.0630,1757.4840,263.7145,200,2987,0.9000,0.0500,10,10,0.0000,0
a-n60-k9.vrp,ga,1,1424.8303,2347.7305,1796.9679,243.6935,200,2988,0.9000,0.0500,10,10,0.0000,0
a-n60-k9.vrp,ga,1,1424.8303,2281.1802,1807.6124,242.6141,200,2989,0.9000,0.0500,10,10,0.0000,0
a-n60-k9.vrp,ga,1,1424.8303,2445.4556,1783.1776,258.3017,200,2990,0.9000,0.0500,10,10,0.0000,0
a-n60-k9.vrp,ga,1,1424.8303,2433.9153,1782.4006,251.5747,200,2991,0.9000,0.0500,10,10,0.0000,0
a-n60-k9.vrp,ga,1,1424.8303,2437.0105,1774.1753,251.1238,200,2992,0.9000,0.0500,10,10,0.0000,0
a-n60-k9.vrp,ga,1,1424.8303,2332.9829,1827.6782,254.1410,200,2993,0.9000,0.0500,10,10,0.0000,0
a-n60-k9.vrp,ga,1,1424.8303,2404.6431,1814.4366,267.6729,200,2994,0.9000,0.0500,10,10,0.0000,0
a-n60-k9.vrp,ga,1,1424.8303,2226.0957,1783.5884,230.8438,200,2995,0.9000,0.0500,10,10,0.0000,0
a-n60-k9.vrp,ga,1,1424.8303,2569.6350,1856.2628,264.8400,200,2996,0.9000,0.0500,10,10,0.0000,0
a-n60-k9.vrp,ga,1,1424.8303,2536.9709,1838.9679,231.4268,200,2997,0.9000,0.0500,10,10,0.0000,0
a-n60-k9.vrp,ga,1,1424.8303,2389.2451,1852.9519,264.5677,200,2998,0.9000,0.0500,10,10,0.0000,0
a-n60-k9.vrp,ga,1,1424.8303,2408.3245,1818.5012,267.4858,200,2999,0.9000,0.0500,10,10,0.0000,0
a-n60-k9.vrp,ga,1,1424.8303,2318.1760,1831.1149,256.8282,200,3000,0.9000,0.0500,10,10,0.0000,0
a-n60-k9.vrp,ga,1,1424.8303,2521.6526,1808.7721,257.4532,200,3001,0.9000,0.0500,10,10,0.0000,0
a-n60-k9.vrp,ga,1,1424.8303,2393.3840,1829.8541,263.6757,200,3002,0.9000,0.0500,10,10,0.0000,0
a-n60-k9.vrp,ga,1,1424.8303,2394.7898,1805.2286,266.3025,200,3003,0.9000,0.0500,10,10,0.0000,0
a-n60-k9.vrp,ga,1,1424.8303,2309.5320,1828.3181,262.5970,200,3004,0.9000,0.0500,10,10,0.0000,0
a-n60-k9.vrp,ga,1,1424.8303,2389.4141,1835.9429,269.6498,200,3005,0.9000,0.0500,10,10,0.0000,0
a-n60-k9.vrp,ga,1,1424.8303,2465.6860,1792.2792,269.1396,200,3006,0.9000,0.0500,10,10,0.0000,0
a-n60-k9.vrp,ga,1,1424.8303,2312.8982,1793.4467,249.2980,200,3007,0.9000,0.0500,10,10,0.0000,0
a-n60-k9.vrp,ga,1,1424.8303,2300.0188,1838.8672,248.3406,200,3008,0.9000,0.0500,10,10,0.0000,0
a-n60-k9.vrp,ga,1,1424.8303,2427.4417,1844.4902,249.0476,200,3009,0.9000,0.0500,10,10,0.0000,0
a-n60-k9.vrp,ga,1,1424.8303,2364.3350,1820.7493,278.8357,200,3010,0.9000,0.0500,10,10,0.0000,0
a-n60-k9.vrp,ga,1,1424.8303,2386.6482,1830.7297,257.6346,200,3011,0.9000,0.0500,10,10,0.0000,0
a-n60-k9.vrp,ga,1,1424.8303,2387.3074,1841.3972,253.1688,200,3012,0.9000,0.0500,10,10,0.0000,0
a-n60-k9.vrp,ga,1,1424.8303,2353.6780,1826.9513,255.8565,200,3013,0.9000,0.0500,10,10,0.0000,0
a-n60-k9.vrp,ga,1,1424.8302,2325.9858,1834.7294,264.5263,200,3014,0.9000,0.0500,10,10,0.0000,0
a-n60-k9.vrp,ga,1,1424.8302,2518.4294,1795.2756,258.7329,200,3015,0.9000,0.0500,10,10,0.0000,0
a-n60-k9.vrp,ga,1,1424.8302,2395.2539,1817.8696,247.4966,200,3016,0.9000,0.0500,10,10,0.0000,0
a-n60-k9.vrp,ga,1,1424.8302,2432.3384,1838.1708,271.5122,200,3017,0.9000,0.0500,10,10,0.0000,0
a-n60-k9.vrp,ga,1,1424.8302,2492.5706,1825.6843,276.5428,200,3018,0.9000,0.0500,10,10,0.0000,0
a-n60-k9.vrp,ga,1,1424.8302,2340.1128,1794.7054,248.3536,200,3019,0.9000,0.0500,10,10,0.0000,0
a-n60-k9.vrp,ga,1,1424.8302,2353.4236,1789.9641,243.0244,200,3020,0.9000,0.0500,10,10,0.0000,0
a-n60-k9.vrp,ga,1,1424.8302,2372.0125,1784.8827,252.5317,200,3021,0.9000,0.0500,10,10,0.0000,0
a-n60-k9.vrp,ga,1,1424.8302,2322.7998,1773.7354,252.9264,200,3022,0.9000,0.0500,10,10,0.0000,0
a-n60-k9.vrp,ga,1,1424.8302,2257.2341,1786.6893,243.7865,200,3023,0.9000,0.0500,10,10,0.0000,0
a-n60-k9.vrp,ga,1,1424.8302,2287.3237,1813.5966,233.0738,200,3024,0.9000,0.0500,10,10,0.0000,0
a-n60-k9.vrp,ga,1,1424.8302,2397.0500,1823.3934,248.7575,200,3025,0.9000,0.0500,10,10,0.0000,0
a-n60-k9.vrp,ga,1,1424.8302,2448.9294,1843.5178,262.5950,200,3026,0.9000,0.0500,10,10,0.0000,0
a-n60-k9.vrp,ga,1,1424.8302,2257.2341,1818.3613,244.6285,200,3027,0.9000,0.0500,10,10,0.0000,0
a-n60-k9.vrp,ga,1,1424.8302,2379.6428,1832.4103,244.2413,200,3028,0.9000,0.0500,10,10,0.0000,0
a-n60-k9.vrp,ga,1,1424.8302,2509.6101,1842.0469,270.2908,200,3029,0.9000,0.0500,10,10,0.0000,0
a-n60-k9.vrp,ga,1,1424.8302,2509.1841,1814.0695,279.1277,200,3030,0.9000,0.0500,10,10,0.0000,0
a-n60-k9.vrp,ga,1,1424.8302,2489.6772,1825.5897,262.4626,200,3031,0.9000,0.0500,10,10,0.0000,0
a-n60-k9.vrp,ga,1,1424.8302,2504.4690,1813.4835,258.2475,200,3032,0.9000,0.0500,10,10,0.0000,0
a-n60-k9.vrp,ga,1,1424.8302,2481.3887,1831.3568,252.1906,200,3033,0.9000,0.0500,10,10,0.0000,0
a-n60-k9.vrp,ga,1,1424.8302,2425.6687,1816.1998,259.0063,200,3034,0.9000,0.0500,10,10,0.0000,0
a-n60-k9.vrp,ga,1,1424.8302,2530.4802,1824.0571,260.7582,200,3035,0.9000,0.0500,10,10,0.0000,0
a-n60-k9.vrp,ga,1,1424.8302,2561.1189,1835.7936,250.5334,200,3036,0.9000,0.0500,10,10,0.0000,0
a-n60-k9.vrp,ga,1,1424.8302,2262.2239,1794.3475,243.4378,200,3037,0.9000,0.0500,10,10,0.0000,0
a-n60-k9.vrp,ga,1,1424.8302,2401.2151,1834.6117,263.4666,200,3038,0.9000,0.0500,10,10,0.0000,0
a-n60-k9.vrp,ga,1,1424.8302,2313.0007,1821.8369,255.6326,200,3039,0.9000,0.0500,10,10,0.0000,0
a-n60-k9.vrp,ga,1,1424.8302,2371.3091,1826.3618,262.4975,200,3040,0.9000,0.0500,10,10,0.0000,0
a-n60-k9.vrp,ga,1,1424.8302,2331.9836,1804.0916,260.3970,200,3041,0.9000,0.0500,10,10,0.0000,0
a-n60-k9.vrp,ga,1,1424.8302,2380.1003,1794.2373,263.7102,200,3042,0.9000,0.0500,10,10,0.0000,0
a-n60-k9.vrp,ga,1,1424.8302,2556.1372,1822.2195,273.3249,200,3043,0.9000,0.0500,10,10,0.0000,0
a-n60-k9.vrp,ga,1,1424.8302,2353.3037,1822.7067,249.1180,200,3044,0.9000,0.0500,10,10,0.0000,0
a-n60-k9.vrp,ga,1,1424.8302,2681.6821,1836.1088,265.7964,200,3045,0.9000,0.0500,10,10,0.0000,0
a-n60-k9.vrp,ga,1,1424.8302,2464.0049,1797.3529,265.2313,200,3046,0.9000,0.0500,10,10,0.0000,0
a-n60-k9.vrp,ga,1,1424.8302,2359.6597,1844.6593,252.6212,200,3047,0.9000,0.0500,10,10,0.0000,0
a-n60-k9.vrp,ga,1,1424.8302,2484.1580,1803.9564,258.6140,200,3048,0.9000,0.0500,10,10,0.0000,0
a-n60-k9.vrp,ga,1,1424.8302,2331.1731,1818.4332,250.5116,200,3049,0.9000,0.0500,10,10,0.0000,0
a-n60-k9.vrp,ga,1,1424.8302,2446.4336,1826.7786,261.8367,200,3050,0.9000,0.0500,10,10,0.0000,0
a-n60-k9.vrp,ga,1,1424.8302,2430.7651,1808.5048,258.3985,200,3051,0.9000,0.0500,10,10,0.0000,0
a-n60-k9.vrp,ga,1,1424.8302,2539.2217,1805.4747,257.8683,200,3052,0.9000,0.0500,10,10,0.0000,0
a-n60-k9.vrp,ga,1,1424.8302,2556.3770,1840.4292,256.0507,200,3053,0.9000,0.0500,10,10,0.0000,0
a-n60-k9.vrp,ga,1,1424.8302,2671.8462,1850.8176,251.4637,200,3054,0.9000,0.0500,10,10,0.0000,0
a-n60-k9.vrp,ga,1,1424.8302,2550.2285,1831.9758,251.0555,200,3055,0.9000,0.0500,10,10,0.0000,0
a-n60-k9.vrp,ga,1,1424.8302,2438.8831,1814.9404,258.8875,200,3056,0.9000,0.0500,10,10,0.0000,0
a-n60-k9.vrp,ga,1,1424.8302,2371.0530,1804.2642,245.9372,200,3057,0.9000,0.0500,10,10,0.0000,0
a-n60-k9.vrp,ga,1,1424.8302,2557.5681,1829.9115,255.8598,200,3058,0.9000,0.0500,10,10,0.0000,0
a-n60-k9.vrp,ga,1,1424.8302,2350.3833,1802.8566,254.9104,200,3059,0.9000,0.0500,10,10,0.0000,0
a-n60-k9.vrp,ga,1,1424.8302,2384.8655,1814.9789,253.5460,200,3060,0.9000,0.0500,10,10,0.0000,0
a-n60-k9.vrp,ga,1,1424.8302,2408.8577,1809.2937,263.2500,200,3061,0.9000,0.0500,10,10,0.0000,0
a-n60-k9.vrp,ga,1,1424.8302,2495.8936,1810.2625,277.3632,200,3062,0.9000,0.0500,10,10,0.0000,0
a-n60-k9.vrp,ga,1,1424.5244,2744.9084,1846.9738,298.8460,200,3063,0.9000,0.0500,10,10,0.0000,0
a-n60-k9.vrp,ga,1,1424.5244,2697.6023,1863.6202,280.4982,200,3064,0.9000,0.0500,10,10,0.0000,0
a-n60-k9.vrp,ga,1,1424.5244,2591.1348,1824.2268,264.5414,200,3065,0.9000,0.0500,10,10,0.0000,0
a-n60-k9.vrp,ga,1,1424.5244,2373.2354,1761.5931,241.3443,200,3066,0.9000,0.0500,10,10,0.0000,0
a-n60-k9.vrp,ga,1,1424.5244,2351.6440,1787.7601,244.4035,200,3067,0.9000,0.0500,10,10,0.0000,0
a-n60-k9.vrp,ga,1,1424.5244,2276.1782,1787.9929,244.3864,200,3068,0.9000,0.0500,10,10,0.0000,0
a-n60-k9.vrp,ga,1,1424.5244,2283.1082,1757.7561,243.1148,200,3069,0.9000,0.0500,10,10,0.0000,0
a-n60-k9.vrp,ga,1,1424.5244,2319.7329,1836.1190,232.1634,200,3070,0.9000,0.0500,10,10,0.0000,0
a-n60-k9.vrp,ga,1,1424.5244,2381.0959,1891.1559,252.8142,200,3071,0.9000,0.0500,10,10,0.0000,0
a-n60-k9.vrp,ga,1,1424.5244,2303.3169,1890.3596,226.9331,200,3072,0.9000,0.0500,10,10,0.0000,0
a-n60-k9.vrp,ga,1,1424.5244,2512.1450,1939.4838,286.5949,200,3073,0.9000,0.0500,10,10,0.0000,0
a-n60-k9.vrp,ga,1,1424.5244,2783.4470,1915.3096,283.6565,200,3074,0.9000,0.0500,10,10,0.0000,0
a-n60-k9.vrp,ga,1,1424.5244,2755.0178,1937.1577,304.1622,200,3075,0.9000,0.0500,10,10,0.0000,0
a-n60-k9.vrp,ga,1,1424.5244,2755.0178,1918.1614,281.1181,200,3076,0.9000,0.0500,10,10,0.0000,0
a-n60-k9.vrp,ga,1,1424.5244,2623.3020,1901.2568,300.1112,200,3077,0.9000,0.0500,10,10,0.0000,0
a-n60-k9.vrp,ga,1,1424.5244,2790.9753,1905.3683,301.9797,200,3078,0.9000,0.0500,10,10,0.0000,0
a-n60-k9.vrp,ga,1,1424.5244,2552.6772,1899.9100,286.3331,200,3079,0.9000,0.0500,10,10,0.0000,0
a-n60-k9.vrp,ga,1,1423.9531,2734.9036,1919.3727,353.6806,200,3080,0.9000,0.0500,10,10,0.0000,0
a-n60-k9.vrp,ga,1,1423.9531,2667.6172,1935.0398,337.0888,200,3081,0.9000,0.0500,10,10,0.0000,0
a-n60-k9.vrp,ga,1,1423.9526,2697.8367,1926.7491,362.3240,200,3082,0.9000,0.0500,10,10,0.0000,0
a-n60-k9.vrp,ga,1,1423.9526,2724.0559,1890.7183,331.3625,200,3083,0.9000,0.0500,10,10,0.0000,0
a-n60-k9.vrp,ga,1,1423.9526,2701.3049,1796.0288,270.3813,200,3084,0.9000,0.0500,10,10,0.0000,0
a-n60-k9.vrp,ga,1,1423.9526,2370.5317,1761.6520,274.1271,200,3085,0.9000,0.0500,10,10,0.0000,0
a-n60-k9.vrp,ga,1,1423.9526,2488.8103,1801.0461,269.7423,200,3086,0.9000,0.0500,10,10,0.0000,0
a-n60-k9.vrp,ga,1,1423.9526,2353.4761,1845.0131,258.7625,200,3087,0.9000,0.0500,10,10,0.0000,0
a-n60-k9.vrp,ga,1,1423.9526,2427.8323,1821.2753,262.2400,200,3088,0.9000,0.0500,10,10,0.0000,0
a-n60-k9.vrp,ga,1,1423.9526,2423.5347,1840.2694,261.0520,200,3089,0.9000,0.0500,10,10,0.0000,0
a-n60-k9.vrp,ga,1,1423.9526,2343.8794,1829.4237,268.0446,200,3090,0.9000,0.0500,10,10,0.0000,0
a-n60-k9.vrp,ga,1,1423.9526,2503.0298,1843.2618,262.0038,200,3091,0.9000,0.0500,10,10,0.0000,0
a-n60-k9.vrp,ga,1,1423.9526,2487.2917,1866.2386,261.5269,200,3092,0.9000,0.0500,10,10,0.0000,0
a-n60-k9.vrp,ga,1,1423.9526,2455.9172,1832.5449,285.6368,200,3093,0.9000,0.0500,10,10,0.0000,0
a-n60-k9.vrp,ga,1,1423.9526,2527.6616,1819.8022,274.4191,200,3094,0.9000,0.0500,10,10,0.0000,0
a-n60-k9.vrp,ga,1,1423.9526,2361.6843,1852.2357,259.2847,200,3095,0.9000,0.0500,10,10,0.0000,0
a-n60-k9.vrp,ga,1,1423.9526,2366.3599,1867.3821,261.2589,200,3096,0.9000,0.0500,10,10,0.0000,0
a-n60-k9.vrp,ga,1,1423.9526,2355.1970,1860.3824,253.5233,200,3097,0.9000,0.0500,10,10,0.0000,0
a-n60-k9.vrp,ga,1,1423.9526,2418.0972,1875.2113,267.6655,200,3098,0.9000,0.0500,10,10,0.0000,0
a-n60-k9.vrp,ga,1,1423.9526,2406.7493,1866.7872,254.7948,200,3099,0.9000,0.0500,10,10,0.0000,0
a-n60-k9.vrp,ga,1,1423.9526,2415.6157,1845.6957,258.9937,200,3100,0.9000,0.0500,10,10,0.0000,0
a-n60-k9.vrp,ga,1,1423.9526,2509.3945,1847.7511,261.7826,200,3101,0.9000,0.0500,10,10,0.0000,0
a-n60-k9.vrp,ga,1,1423.9526,2423.8936,1830.5789,251.0483,200,3102,0.9000,0.0500,10,10,0.0000,0
a-n60-k9.vrp,ga,1,1423.9526,2369.9924,1823.0815,264.3384,200,3103,0.9000,0.0500,10,10,0.0000,0
a-n60-k9.vrp,ga,1,1423.9526,2489.7725,1847.6589,288.1720,200,3104,0.9000,0.0500,10,10,0.0000,0
a-n60-k9.vrp,ga,1,1423.9526,2626.2639,1846.6436,263.9725,200,3105,0.9000,0.0500,10,10,0.0000,0
a-n60-k9.vrp,ga,1,1423.9526,2527.2456,1831.3285,265.0103,200,3106,0.9000,0.0500,10,10,0.0000,0
a-n60-k9.vrp,ga,1,1423.9526,2350.2515,1825.4519,270.2370,200,3107,0.9000,0.0500,10,10,0.0000,0
a-n60-k9.vrp,ga,1,1423.9526,2418.6912,1826.1799,275.8816,200,3108,0.9000,0.0500,10,10,0.0000,0
a-n60-k9.vrp,ga,1,1423.9526,2535.7417,1816.7717,263.5713,200,3109,0.9000,0.0500,10,10,0.0000,0
a-n60-k9.vrp,ga,1,1423.9526,2392.5129,1838.3611,268.4814,200,3110,0.9000,0.0500,10,10,0.0000,0
a-n60-k9.vrp,ga,1,1423.9526,2388.3604,1791.9767,263.2290,200,3111,0.9000,0.0500,10,10,0.0000,0
a-n60-k9.vrp,ga,1,1423.9526,2335.7222,1787.5408,253.1930,200,3112,0.9000,0.0500,10,10,0.0000,0
a-n60-k9.vrp,ga,1,1423.9526,2411.7083,1802.1011,260.9889,200,3113,0.9000,0.0500,10,10,0.0000,0
a-n60-k9.vrp,ga,1,1423.9526,2346.9514,1820.9371,255.8792,200,3114,0.9000,0.0500,10,10,0.0000,0
a-n60-k9.vrp,ga,1,1423.9526,2410.4873,1831.2028,242.6912,200,3115,0.9000,0.0500,10,10,0.0000,0
a-n60-k9.vrp,ga,1,1423.9526,2326.3584,1842.5479,261.3990,200,3116,0.9000,0.0500,10,10,0.0000,0
a-n60-k9.vrp,ga,1,1423.9526,2468.1213,1815.9110,262.0495,200,3117,0.9000,0.0500,10,10,0.0000,0
a-n60-k9.vrp,ga,1,1423.9526,2405.8782,1832.9392,268.7101,200,3118,0.9000,0.0500,10,10,0.0000,0
a-n60-k9.vrp,ga,1,1423.9526,2459.8223,1864.4362,259.6253,200,3119,0.9000,0.0500,10,10,0.0000,0
a-n60-k9.vrp,ga,1,1423.9526,2393.4456,1836.6494,256.1360,200,3120,0.9000,0.0500,10,10,0.0000,0
a-n60-k9.vrp,ga,1,1423.9526,2494.8252,1847.0822,261.0254,200,3121,0.9000,0.0500,10,10,0.0000,0
a-n60-k9.vrp,ga,1,1423.9526,2519.1040,1881.1060,264.7606,200,3122,0.9000,0.0500,10,10,0.0000,0
a-n60-k9.vrp,ga,1,1423.9526,2447.0586,1835.4364,258.3561,200,3123,0.9000,0.0500,10,10,0.0000,0
a-n60-k9.vrp,ga,1,1423.9526,2556.2517,1847.7354,259.9966,200,3124,0.9000,0.0500,10,10,0.0000,0
a-n60-k9.vrp,ga,1,1423.9526,2447.2527,1856.0386,255.4052,200,3125,0.9000,0.0500,10,10,0.0000,0
a-n60-k9.vrp,ga,1,1423.9526,2487.2673,1883.1259,255.3736,200,3126,0.9000,0.0500,10,10,0.0000,0
a-n60-k9.vrp,ga,1,1423.9526,2596.8640,1866.7905,289.7888,200,3127,0.9000,0.0500,10,10,0.0000,0
a-n60-k9.vrp,ga,1,1423.9526,2730.4785,1844.5140,279.4994,200,3128,0.9000,0.0500,10,10,0.0000,0
a-n60-k9.vrp,ga,1,1423.9526,2533.7007,1859.4956,268.9257,200,3129,0.9000,0.0500,10,10,0.0000,0
a-n60-k9.vrp,ga,1,1423.9526,2438.1123,1841.4008,262.7586,200,3130,0.9000,0.0500,10,10,0.0000,0
a-n60-k9.vrp,ga,1,1423.9526,2551.1887,1842.9447,253.8354,200,3131,0.9000,0.0500,10,10,0.0000,0
a-n60-k9.vrp,ga,1,1423.9526,2314.5874,1857.8490,259.2197,200,3132,0.9000,0.0500,10,10,0.0000,0
a-n60-k9.vrp,ga,1,1423.9526,2645.1731,1905.5430,260.7748,200,3133,0.9000,0.0500,10,10,0.0000,0
a-n60-k9.vrp,ga,1,1423.9526,2546.9360,1865.4266,271.9951,200,3134,0.9000,0.0500,10,10,0.0000,0
a-n60-k9.vrp,ga,1,1423.9526,2567.5066,1872.2783,275.6347,200,3135,0.9000,0.0500,10,10,0.0000,0
a-n60-k9.vrp,ga,1,1423.9526,2622.8940,1880.0402,271.7495,200,3136,0.9000,0.0500,10,10,0.0000,0
a-n60-k9.vrp,ga,1,1423.9526,2648.4678,1872.5317,249.9246,200,3137,0.9000,0.0500,10,10,0.0000,0
a-n60-k9.vrp,ga,1,1423.9526,2471.2280,1851.3378,252.1168,200,3138,0.9000,0.0500,10,10,0.0000,0
a-n60-k9.vrp,ga,1,1423.9526,2488.5669,1885.1667,267.1444,200,3139,0.9000,0.0500,10,10,0.0000,0
a-n60-k9.vrp,ga,1,1423.9526,2403.8184,1810.0121,239.2642,200,3140,0.9000,0.0500,10,10,0.0000,0
a-n60-k9.vrp,ga,1,1423.9526,2420.1033,1837.8759,263.9297,200,3141,0.9000,0.0500,10,10,0.0000,0
a-n60-k9.vrp,ga,1,1423.9526,2506.7861,1851.3132,262.1359,200,3142,0.9000,0.0500,10,10,0.0000,0
a-n60-k9.vrp,ga,1,1423.9526,2412.9194,1862.0135,265.0871,200,3143,0.9000,0.0500,10,10,0.0000,0
a-n60-k9.vrp,ga,1,1423.9526,2587.4905,1874.7668,275.0137,200,3144,0.9000,0.0500,10,10,0.0000,0
a-n60-k9.vrp,ga,1,1423.9526,2383.9890,1840.3409,247.6125,200,3145,0.9000,0.0500,10,10,0.0000,0
a-n60-k9.vrp,ga,1,1423.9526,2477.4153,1849.4496,270.8170,200,3146,0.9000,0.0500,10,10,0.0000,0
a-n60-k9.vrp,ga,1,1423.9526,2446.6118,1828.1420,262.9218,200,3147,0.9000,0.0500,10,10,0.0000,0
a-n60-k9.vrp,ga,1,1423.9526,2370.7920,1886.4869,266.6797,200,3148,0.9000,0.0500,10,10,0.0000,0
a-n60-k9.vrp,ga,1,1423.9526,2428.9968,1875.4355,261.7178,200,3149,0.9000,0.0500,10,10,0.0000,0
a-n60-k9.vrp,ga,1,1423.9526,2390.9846,1863.3425,252.1863,200,3150,0.9000,0.0500,10,10,0.0000,0
a-n60-k9.vrp,ga,1,1423.9526,2368.2173,1840.9088,266.2309,200,3151,0.9000,0.0500,10,10,0.0000,0
a-n60-k9.vrp,ga,1,1423.9526,2466.9014,1850.2322,268.5357,200,3152,0.9000,0.0500,10,10,0.0000,0
a-n60-k9.vrp,ga,1,1423.9526,2484.2598,1863.6737,261.2823,200,3153,0.9000,0.0500,10,10,0.0000,0
a-n60-k9.vrp,ga,1,1423.9526,2423.6958,1849.1866,269.5175,200,3154,0.9000,0.0500,10,10,0.0000,0
a-n60-k9.vrp,ga,1,1423.9526,2419.6697,1842.6720,259.3902,200,3155,0.9000,0.0500,10,10,0.0000,0
a-n60-k9.vrp,ga,1,1423.9526,2538.6997,1865.1273,264.6074,200,3156,0.9000,0.0500,10,10,0.0000,0
a-n60-k9.vrp,ga,1,1423.9526,2561.0571,1828.1265,289.0685,200,3157,0.9000,0.0500,10,10,0.0000,0
a-n60-k9.vrp,ga,1,1423.9526,2529.8657,1833.6879,266.9057,200,3158,0.9000,0.0500,10,10,0.0000,0
a-n60-k9.vrp,ga,1,1423.9526,2462.8125,1860.9003,257.6128,200,3159,0.9000,0.0500,10,10,0.0000,0
a-n60-k9.vrp,ga,1,1423.9526,2435.2771,1841.1664,268.8286,200,3160,0.9000,0.0500,10,10,0.0000,0
a-n60-k9.vrp,ga,1,1423.9526,2402.3672,1835.4631,265.1078,200,3161,0.9000,0.0500,10,10,0.0000,0
a-n60-k9.vrp,ga,1,1423.9526,2408.5513,1861.7100,269.9550,200,3162,0.9000,0.0500,10,10,0.0000,0
a-n60-k9.vrp,ga,1,1423.9526,2412.5789,1842.3478,252.9838,200,3163,0.9000,0.0500,10,10,0.0000,0
a-n60-k9.vrp,ga,1,1423.9526,2376.6843,1842.1600,249.0178,200,3164,0.9000,0.0500,10,10,0.0000,0
a-n60-k9.vrp,ga,1,1423.9526,2509.8904,1847.4812,273.6771,200,3165,0.9000,0.0500,10,10,0.0000,0
a-n60-k9.vrp,ga,1,1423.9526,2460.5493,1866.9249,263.9621,200,3166,0.9000,0.0500,10,10,0.0000,0
a-n60-k9.vrp,ga,1,1423.9526,2518.6194,1841.5276,248.8983,200,3167,0.9000,0.0500,10,10,0.0000,0
a-n60-k9.vrp,ga,1,1423.9526,2394.0300,1863.8389,262.3261,200,3168,0.9000,0.0500,10,10,0.0000,0
a-n60-k9.vrp,ga,1,1423.9526,2338.7712,1857.4895,244.3624,200,3169,0.9000,0.0500,10,10,0.0000,0
a-n60-k9.vrp,ga,1,1423.9526,2600.4983,1884.5768,270.4070,200,3170,0.9000,0.0500,10,10,0.0000,0
a-n60-k9.vrp,ga,1,1423.9526,2644.0977,1890.6732,263.9535,200,3171,0.9000,0.0500,10,10,0.0000,0
a-n60-k9.vrp,ga,1,1423.9526,2636.1309,1884.5958,271.7583,200,3172,0.9000,0.0500,10,10,0.0000,0
a-n60-k9.vrp,ga,1,1423.9526,2458.7217,1859.7793,266.1623,200,3173,0.9000,0.0500,10,10,0.0000,0
a-n60-k9.vrp,ga,1,1423.9526,2546.3232,1847.0704,261.3887,200,3174,0.9000,0.0500,10,10,0.0000,0
a-n60-k9.vrp,ga,1,1423.9526,2683.3357,1908.2849,294.8478,200,3175,0.9000,0.0500,10,10,0.0000,0
a-n60-k9.vrp,ga,1,1423.9526,2477.5930,1907.8894,266.6476,200,3176,0.9000,0.0500,10,10,0.0000,0
a-n60-k9.vrp,ga,1,1423.9526,2551.7590,1840.2881,263.6448,200,3177,0.9000,0.0500,10,10,0.0000,0
a-n60-k9.vrp,ga,1,1423.9526,2573.6799,1835.5591,291.4747,200,3178,0.9000,0.0500,10,10,0.0000,0
a-n60-k9.vrp,ga,1,1423.9526,2588.5652,1901.9261,258.0135,200,3179,0.9000,0.0500,10,10,0.0000,0
a-n60-k9.vrp,ga,1,1423.9526,2478.8079,1890.2262,258.1988,200,3180,0.9000,0.0500,10,10,0.0000,0
a-n60-k9.vrp,ga,1,1423.9526,2519.0623,1899.2991,264.7998,200,3181,0.9000,0.0500,10,10,0.0000,0
a-n60-k9.vrp,ga,1,1423.9526,2387.0986,1874.1702,245.7405,200,3182,0.9000,0.0500,10,10,0.0000,0
a-n60-k9.vrp,ga,1,1423.9526,2429.2749,1885.0068,266.6891,200,3183,0.9000,0.0500,10,10,0.0000,0
a-n60-k9.vrp,ga,1,1423.9526,2542.3755,1888.9147,250.2560,200,3184,0.9000,0.0500,10,10,0.0000,0
a-n60-k9.vrp,ga,1,1423.9526,2554.4812,1899.7297,270.1085,200,3185,0.9000,0.0500,10,10,0.0000,0
a-n60-k9.vrp,ga,1,1423.9526,2637.5620,1843.2762,254.3806,200,3186,0.9000,0.0500,10,10,0.0000,0
a-n60-k9.vrp,ga,1,1423.9526,2472.6545,1827.4915,266.0795,200,3187,0.9000,0.0500,10,10,0.0000,0
a-n60-k9.vrp,ga,1,1423.9526,2468.2073,1840.7014,265.9628,200,3188,0.9000,0.0500,10,10,0.0000,0
a-n60-k9.vrp,ga,1,1423.9526,2332.6960,1849.8877,250.9592,200,3189,0.9000,0.0500,10,10,0.0000,0
a-n60-k9.vrp,ga,1,1423.9526,2450.9050,1875.1377,259.3711,200,3190,0.9000,0.0500,10,10,0.0000,0
a-n60-k9.vrp,ga,1,1423.9526,2603.3103,1870.6156,259.2441,200,3191,0.9000,0.0500,10,10,0.0000,0
a-n60-k9.vrp,ga,1,1423.9526,2456.8525,1854.4504,266.4666,200,3192,0.9000,0.0500,10,10,0.0000,0
a-n60-k9.vrp,ga,1,1423.9526,2467.6169,1859.6859,266.0106,200,3193,0.9000,0.0500,10,10,0.0000,0
a-n60-k9.vrp,ga,1,1423.9526,2542.7964,1849.6622,264.0914,200,3194,0.9000,0.0500,10,10,0.0000,0
a-n60-k9.vrp,ga,1,1423.9526,2357.4739,1833.2009,243.6130,200,3195,0.9000,0.0500,10,10,0.0000,0
a-n60-k9.vrp,ga,1,1423.9526,2380.8997,1863.1199,246.8933,200,3196,0.9000,0.0500,10,10,0.0000,0
a-n60-k9.vrp,ga,1,1423.9526,2526.0000,1816.5276,250.6754,200,3197,0.9000,0.0500,10,10,0.0000,0
a-n60-k9.vrp,ga,1,1423.9526,2376.3774,1823.7046,256.7541,200,3198,0.9000,0.0500,10,10,0.0000,0
a-n60-k9.vrp,ga,1,1423.9526,2482.8240,1865.3596,268.6084,200,3199,0.9000,0.0500,10,10,0.0000,0
a-n60-k9.vrp,ga,1,1423.9526,2409.5173,1847.1901,261.0565,200,3200,0.9000,0.0500,10,10,0.0000,0
a-n60-k9.vrp,ga,1,1423.9526,2483.6375,1833.4202,255.0941,200,3201,0.9000,0.0500,10,10,0.0000,0
a-n60-k9.vrp,ga,1,1423.9526,2668.2217,1826.7130,285.7926,200,3202,0.9000,0.0500,10,10,0.0000,0
a-n60-k9.vrp,ga,1,1423.9526,2332.2659,1857.2289,237.8643,200,3203,0.9000,0.0500,10,10,0.0000,0
a-n60-k9.vrp,ga,1,1423.9526,2370.7778,1861.5513,240.3930,200,3204,0.9000,0.0500,10,10,0.0000,0
a-n60-k9.vrp,ga,1,1423.9526,2431.1694,1858.8094,248.2215,200,3205,0.9000,0.0500,10,10,0.0000,0
a-n60-k9.vrp,ga,1,1423.9526,2386.0146,1847.4365,280.6144,200,3206,0.9000,0.0500,10,10,0.0000,0
a-n60-k9.vrp,ga,1,1423.9526,2454.9189,1856.0382,266.4977,200,3207,0.9000,0.0500,10,10,0.0000,0
a-n60-k9.vrp,ga,1,1423.9526,2387.3657,1821.0077,268.1925,200,3208,0.9000,0.0500,10,10,0.0000,0
a-n60-k9.vrp,ga,1,1423.9526,2285.6194,1821.0353,259.2494,200,3209,0.9000,0.0500,10,10,0.0000,0
a-n60-k9.vrp,ga,1,1423.9526,2472.6255,1847.2916,253.4018,200,3210,0.9000,0.0500,10,10,0.0000,0
a-n60-k9.vrp,ga,1,1423.9526,2459.2341,1834.0491,266.8083,200,3211,0.9000,0.0500,10,10,0.0000,0
a-n60-k9.vrp,ga,1,1423.9526,2519.8333,1834.8088,268.7936,200,3212,0.9000,0.0500,10,10,0.0000,0
a-n60-k9.vrp,ga,1,1423.9526,2480.3022,1818.5426,255.6846,200,3213,0.9000,0.0500,10,10,0.0000,0
a-n60-k9.vrp,ga,1,1423.9526,2419.0056,1827.0752,271.9076,200,3214,0.9000,0.0500,10,10,0.0000,0
a-n60-k9.vrp,ga,1,1423.9526,2345.5752,1838.3407,240.5159,200,3215,0.9000,0.0500,10,10,0.0000,0
a-n60-k9.vrp,ga,1,1423.9526,2357.9050,1808.3291,264.8589,200,3216,0.9000,0.0500,10,10,0.0000,0
a-n60-k9.vrp,ga,1,1423.9526,2239.3311,1800.4840,251.1798,200,3217,0.9000,0.0500,10,10,0.0000,0
a-n60-k9.vrp,ga,1,1423.9526,2565.9756,1812.7771,255.7294,200,3218,0.9000,0.0500,10,10,0.0000,0
a-n60-k9.vrp,ga,1,1423.9526,2396.6519,1834.2091,244.5474,200,3219,0.9000,0.0500,10,10,0.0000,0
a-n60-k9.vrp,ga,1,1423.9526,2277.3582,1833.5138,251.9067,200,3220,0.9000,0.0500,10,10,0.0000,0
a-n60-k9.vrp,ga,1,1423.9526,2251.3977,1805.0608,252.7300,200,3221,0.9000,0.0500,10,10,0.0000,0
a-n60-k9.vrp,ga,1,1423.9526,2447.1350,1784.4342,267.0489,200,3222,0.9000,0.0500,10,10,0.0000,0
a-n60-k9.vrp,ga,1,1423.9526,2441.4355,1791.8621,277.6331,200,3223,0.9000,0.0500,10,10,0.0000,0
a-n60-k9.vrp,ga,1,1423.9526,2397.9282,1807.2489,247.9043,200,3224,0.9000,0.0500,10,10,0.0000,0
a-n60-k9.vrp,ga,1,1423.9526,2287.8770,1840.9603,247.4944,200,3225,0.9000,0.0500,10,10,0.0000,0
a-n60-k9.vrp,ga,1,1423.9526,2371.8938,1825.7076,255.4457,200,3226,0.9000,0.0500,10,10,0.0000,0
a-n60-k9.vrp,ga,1,1423.9526,2502.1731,1798.1599,261.1461,200,3227,0.9000,0.0500,10,10,0.0000,0
a-n60-k9.vrp,ga,1,1423.9526,2369.5830,1792.9482,254.0133,200,3228,0.9000,0.0500,10,10,0.0000,0
a-n60-k9.vrp,ga,1,1423.9526,2413.6907,1797.4534,268.3256,200,3229,0.9000,0.0500,10,10,0.0000,0
a-n60-k9.vrp,ga,1,1423.9526,2435.7766,1822.7589,258.1918,200,3230,0.9000,0.0500,10,10,0.0000,0
a-n60-k9.vrp,ga,1,1423.9526,2368.8413,1803.1771,270.2967,200,3231,0.9000,0.0500,10,10,0.0000,0
a-n60-k9.vrp,ga,1,1423.9526,2315.2063,1812.6106,265.4436,200,3232,0.9000,0.0500,10,10,0.0000,0
a-n60-k9.vrp,ga,1,1423.9526,2328.6301,1845.6281,256.2063,200,3233,0.9000,0.0500,10,10,0.0000,0
a-n60-k9.vrp,ga,1,1423.9526,2362.7981,1818.9990,266.5919,200,3234,0.9000,0.0500,10,10,0.0000,0
a-n60-k9.vrp,ga,1,1423.9526,2310.9541,1814.9359,271.2204,200,3235,0.9000,0.0500,10,10,0.0000,0
a-n60-k9.vrp,ga,1,1423.9526,2246.9524,1829.9872,248.2390,200,3236,0.9000,0.0500,10,10,0.0000,0
a-n60-k9.vrp,ga,1,1423.9526,2332.8972,1824.2869,255.8479,200,3237,0.9000,0.0500,10,10,0.0000,0
a-n60-k9.vrp,ga,1,1423.9526,2299.7759,1802.5907,255.4164,200,3238,0.9000,0.0500,10,10,0.0000,0
a-n60-k9.vrp,ga,1,1423.9526,2241.4922,1780.2578,263.8756,200,3239,0.9000,0.0500,10,10,0.0000,0
a-n60-k9.vrp,ga,1,1423.9526,2402.0420,1838.1863,252.8019,200,3240,0.9000,0.0500,10,10,0.0000,0
a-n60-k9.vrp,ga,1,1423.9526,2602.4460,1816.4359,256.6637,200,3241,0.9000,0.0500,10,10,0.0000,0
a-n60-k9.vrp,ga,1,1423.9526,2348.7542,1839.4141,243.8423,200,3242,0.9000,0.0500,10,10,0.0000,0
a-n60-k9.vrp,ga,1,1423.9526,2341.2744,1811.7158,249.0111,200,3243,0.9000,0.0500,10,10,0.0000,0
a-n60-k9.vrp,ga,1,1423.9526,2482.8591,1806.5344,259.9609,200,3244,0.9000,0.0500,10,10,0.0000,0
a-n60-k9.vrp,ga,1,1423.9526,2307.5503,1820.1595,270.1928,200,3245,0.9000,0.0500,10,10,0.0000,0
a-n60-k9.vrp,ga,1,1423.9526,2482.6340,1804.7383,259.2433,200,3246,0.9000,0.0500,10,10,0.0000,0
a-n60-k9.vrp,ga,1,1423.9526,2640.7781,1828.0659,261.3722,200,3247,0.9000,0.0500,10,10,0.0000,0
a-n60-k9.vrp,ga,1,1423.9526,2498.7505,1835.1719,259.2805,200,3248,0.9000,0.0500,10,10,0.0000,0
a-n60-k9.vrp,ga,1,1423.9526,2538.4407,1819.0333,269.3054,200,3249,0.9000,0.0500,10,10,0.0000,0
a-n60-k9.vrp,ga,1,1423.9526,2340.9978,1810.6246,266.4738,200,3250,0.9000,0.0500,10,10,0.0000,0
a-n60-k9.vrp,ga,1,1423.9526,2427.2288,1817.0947,273.1263,200,3251,0.9000,0.0500,10,10,0.0000,0
a-n60-k9.vrp,ga,1,1423.9526,2426.5229,1771.6586,261.3597,200,3252,0.9000,0.0500,10,10,0.0000,0
a-n60-k9.vrp,ga,1,1423.9526,2446.1670,1838.1826,263.0258,200,3253,0.9000,0.0500,10,10,0.0000,0
a-n60-k9.vrp,ga,1,1423.9526,2401.5737,1832.0664,258.2784,200,3254,0.9000,0.0500,10,10,0.0000,0
a-n60-k9.vrp,ga,1,1423.9526,2436.2200,1827.0125,259.1496,200,3255,0.9000,0.0500,10,10,0.0000,0
a-n60-k9.vrp,ga,1,1423.9526,2422.5583,1811.1417,267.4545,200,3256,0.9000,0.0500,10,10,0.0000,0
a-n60-k9.vrp,ga,1,1423.9526,2422.4404,1828.2385,267.9095,200,3257,0.9000,0.0500,10,10,0.0000,0
a-n60-k9.vrp,ga,1,1423.9526,2432.6199,1811.8284,273.3122,200,3258,0.9000,0.0500,10,10,0.0000,0
a-n60-k9.vrp,ga,1,1423.9526,2592.0010,1802.7567,277.3810,200,3259,0.9000,0.0500,10,10,0.0000,0
a-n60-k9.vrp,ga,1,1423.9526,2488.2666,1835.6873,265.8199,200,3260,0.9000,0.0500,10,10,0.0000,0
a-n60-k9.vrp,ga,1,1423.9526,2578.3162,1846.6874,288.0646,200,3261,0.9000,0.0500,10,10,0.0000,0
a-n60-k9.vrp,ga,1,1423.9526,2460.9417,1832.6710,274.3766,200,3262,0.9000,0.0500,10,10,0.0000,0
a-n60-k9.vrp,ga,1,1423.9526,2727.3181,1841.4154,265.1069,200,3263,0.9000,0.0500,10,10,0.0000,0
a-n60-k9.vrp,ga,1,1423.9526,2618.4541,1810.5088,282.9089,200,3264,0.9000,0.0500,10,10,0.0000,0
a-n60-k9.vrp,ga,1,1423.9526,2860.4219,1824.0508,293.8123,200,3265,0.9000,0.0500,10,10,0.0000,0
a-n60-k9.vrp,ga,1,1423.9526,2645.3977,1832.9116,268.0192,200,3266,0.9000,0.0500,10,10,0.0000,0
a-n60-k9.vrp,ga,1,1423.9526,2740.0327,1823.4484,288.2521,200,3267,0.9000,0.0500,10,10,0.0000,0
a-n60-k9.vrp,ga,1,1423.9526,2429.4028,1800.0764,257.7101,200,3268,0.9000,0.0500,10,10,0.0000,0
a-n60-k9.vrp,ga,1,1423.9526,2764.3835,1825.3757,268.1103,200,3269,0.9000,0.0500,10,10,0.0000,0
a-n60-k9.vrp,ga,1,1423.9526,2369.6506,1797.4288,263.8987,200,3270,0.9000,0.0500,10,10,0.0000,0
a-n60-k9.vrp,ga,1,1423.9526,2662.8042,1828.0862,273.2887,200,3271,0.9000,0.0500,10,10,0.0000,0
a-n60-k9.vrp,ga,1,1423.9526,2451.1550,1819.7103,267.0642,200,3272,0.9000,0.0500,10,10,0.0000,0
a-n60-k9.vrp,ga,1,1423.9526,2853.3892,1795.0664,267.2589,200,3273,0.9000,0.0500,10,10,0.0000,0
a-n60-k9.vrp,ga,1,1423.9526,2474.0552,1826.4893,266.9319,200,3274,0.9000,0.0500,10,10,0.0000,0
a-n60-k9.vrp,ga,1,1423.9526,2469.4097,1828.7584,273.5205,200,3275,0.9000,0.0500,10,10,0.0000,0
a-n60-k9.vrp,ga,1,1423.9526,2663.2104,1860.5499,271.6935,200,3276,0.9000,0.0500,10,10,0.0000,0
a-n60-k9.vrp,ga,1,1423.9526,2511.0449,1814.7869,272.3937,200,3277,0.9000,0.0500,10,10,0.0000,0
a-n60-k9.vrp,ga,1,1423.9526,2658.8567,1840.5861,277.1955,200,3278,0.9000,0.0500,10,10,0.0000,0
a-n60-k9.vrp,ga,1,1423.9526,2419.3799,1811.9241,267.5544,200,3279,0.9000,0.0500,10,10,0.0000,0
a-n60-k9.vrp,ga,1,1423.9526,2661.7134,1798.4550,298.5080,200,3280,0.9000,0.0500,10,10,0.0000,0
a-n60-k9.vrp,ga,1,1423.9526,2842.2356,1780.6968,283.6138,200,3281,0.9000,0.0500,10,10,0.0000,0
a-n60-k9.vrp,ga,1,1423.9526,2460.7693,1808.5989,255.4234,200,3282,0.9000,0.0500,10,10,0.0000,0
a-n60-k9.vrp,ga,1,1423.9526,2800.2122,1829.1675,274.0946,200,3283,0.9000,0.0500,10,10,0.0000,0
a-n60-k9.vrp,ga,1,1423.9526,2906.1157,1832.1748,278.6995,200,3284,0.9000,0.0500,10,10,0.0000,0
a-n60-k9.vrp,ga,1,1423.9526,2755.4404,1850.0598,275.4857,200,3285,0.9000,0.0500,10,10,0.0000,0
a-n60-k9.vrp,ga,1,1423.9526,2694.8176,1819.4037,277.1912,200,3286,0.9000,0.0500,10,10,0.0000,0
a-n60-k9.vrp,ga,1,1423.9526,2420.2454,1802.5120,260.6925,200,3287,0.9000,0.0500,10,10,0.0000,0
a-n60-k9.vrp,ga,1,1423.9526,2706.3574,1857.2645,278.4155,200,3288,0.9000,0.0500,10,10,0.0000,0
a-n60-k9.vrp,ga,1,1423.9526,2849.9985,1826.7242,284.5082,200,3289,0.9000,0.0500,10,10,0.0000,0
a-n60-k9.vrp,ga,1,1423.9526,2793.1975,1785.9381,266.1101,200,3290,0.9000,0.0500,10,10,0.0000,0
a-n60-k9.vrp,ga,1,1423.9526,2991.7183,1840.3647,292.2689,200,3291,0.9000,0.0500,10,10,0.0000,0
a-n60-k9.vrp,ga,1,1423.9526,2359.2126,1809.9762,253.3801,200,3292,0.9000,0.0500,10,10,0.0000,0
a-n60-k9.vrp,ga,1,1423.9526,2239.8691,1828.9396,244.2305,200,3293,0.9000,0.0500,10,10,0.0000,0
a-n60-k9.vrp,ga,1,1423.9526,2388.2500,1843.7292,263.9259,200,3294,0.9000,0.0500,10,10,0.0000,0
a-n60-k9.vrp,ga,1,1423.9526,2303.9990,1815.5759,255.8184,200,3295,0.9000,0.0500,10,10,0.0000,0
a-n60-k9.vrp,ga,1,1423.9526,2283.2937,1821.9690,255.7079,200,3296,0.9000,0.0500,10,10,0.0000,0
a-n60-k9.vrp,ga,1,1423.9526,2321.1440,1834.0831,249.8079,200,3297,0.9000,0.0500,10,10,0.0000,0
a-n60-k9.vrp,ga,1,1423.9526,2423.0908,1799.9634,255.9509,200,3298,0.9000,0.0500,10,10,0.0000,0
a-n60-k9.vrp,ga,1,1423.9526,2210.9724,1821.2305,240.6535,200,3299,0.9000,0.0500,10,10,0.0000,0
a-n60-k9.vrp,ga,1,1423.9526,2368.5510,1800.6807,258.4263,200,3300,0.9000,0.0500,10,10,0.0000,0
a-n60-k9.vrp,ga,1,1423.9526,2352.0742,1801.3527,268.9579,200,3301,0.9000,0.0500,10,10,0.0000,0
a-n60-k9.vrp,ga,1,1423.9526,2426.9529,1838.9026,258.7090,200,3302,0.9000,0.0500,10,10,0.0000,0
a-n60-k9.vrp,ga,1,1423.9526,2417.7615,1832.4625,255.4106,200,3303,0.9000,0.0500,10,10,0.0000,0
a-n60-k9.vrp,ga,1,1423.9526,2381.8713,1846.6646,263.4970,200,3304,0.9000,0.0500,10,10,0.0000,0
a-n60-k9.vrp,ga,1,1423.9526,2337.2891,1863.7389,263.4239,200,3305,0.9000,0.0500,10,10,0.0000,0
a-n60-k9.vrp,ga,1,1423.9526,2434.7378,1849.6935,261.5608,200,3306,0.9000,0.0500,10,10,0.0000,0
a-n60-k9.vrp,ga,1,1423.9526,2493.9050,1854.9839,254.9086,200,3307,0.9000,0.0500,10,10,0.0000,0
a-n60-k9.vrp,ga,1,1423.9526,2366.4385,1830.3917,269.5098,200,3308,0.9000,0.0500,10,10,0.0000,0
a-n60-k9.vrp,ga,1,1423.9526,2309.8745,1810.0967,263.9934,200,3309,0.9000,0.0500,10,10,0.0000,0
a-n60-k9.vrp,ga,1,1423.9526,2305.5122,1817.1885,265.6588,200,3310,0.9000,0.0500,10,10,0.0000,0
a-n60-k9.vrp,ga,1,1423.9526,2271.6855,1810.4272,266.9661,200,3311,0.9000,0.0500,10,10,0.0000,0
a-n60-k9.vrp,ga,1,1423.9526,2413.4272,1817.3278,257.9243,200,3312,0.9000,0.0500,10,10,0.0000,0
a-n60-k9.vrp,ga,1,1423.9526,2452.6313,1823.2988,269.3422,200,3313,0.9000,0.0500,10,10,0.0000,0
a-n60-k9.vrp,ga,1,1423.9526,2354.4431,1803.7157,265.2778,200,3314,0.9000,0.0500,10,10,0.0000,0
a-n60-k9.vrp,ga,1,1423.9526,2277.8279,1832.3988,249.9745,200,3315,0.9000,0.0500,10,10,0.0000,0
a-n60-k9.vrp,ga,1,1423.9526,2403.4929,1858.3501,255.0922,200,3316,0.9000,0.0500,10,10,0.0000,0
a-n60-k9.vrp,ga,1,1409.4366,2453.8242,1768.5562,260.9000,200,3317,0.9000,0.0500,10,10,0.0000,0
a-n60-k9.vrp,ga,1,1409.4366,2380.2854,1788.5259,259.0694,200,3318,0.9000,0.0500,10,10,0.0000,0
a-n60-k9.vrp,ga,1,1409.4366,2380.9854,1851.0643,261.1271,200,3319,0.9000,0.0500,10,10,0.0000,0
a-n60-k9.vrp,ga,1,1409.4366,2415.5134,1839.9286,262.4373,200,3320,0.9000,0.0500,10,10,0.0000,0
a-n60-k9.vrp,ga,1,1409.4366,2466.2881,1828.6283,272.2798,200,3321,0.9000,0.0500,10,10,0.0000,0
a-n60-k9.vrp,ga,1,1409.4366,2423.4805,1854.8073,247.9926,200,3322,0.9000,0.0500,10,10,0.0000,0
a-n60-k9.vrp,ga,1,1409.4366,2472.6533,1840.5439,268.6194,200,3323,0.9000,0.0500,10,10,0.0000,0
a-n60-k9.vrp,ga,1,1409.4366,2502.2554,1850.1317,268.8571,200,3324,0.9000,0.0500,10,10,0.0000,0
a-n60-k9.vrp,ga,1,1409.4366,2322.0920,1875.8082,253.8743,200,3325,0.9000,0.0500,10,10,0.0000,0
a-n60-k9.vrp,ga,1,1409.4366,2523.0730,1824.0593,261.1243,200,3326,0.9000,0.0500,10,10,0.0000,0
a-n60-k9.vrp,ga,1,1409.4366,2470.1382,1826.6949,251.4829,200,3327,0.9000,0.0500,10,10,0.0000,0
a-n60-k9.vrp,ga,1,1409.4366,2334.5034,1834.3661,253.3925,200,3328,0.9000,0.0500,10,10,0.0000,0
a-n60-k9.vrp,ga,1,1409.4366,2448.5396,1849.9426,249.3764,200,3329,0.9000,0.0500,10,10,0.0000,0
a-n60-k9.vrp,ga,1,1409.4366,2427.8926,1868.6802,241.5879,200,3330,0.9000,0.0500,10,10,0.0000,0
a-n60-k9.vrp,ga,1,1409.4366,2433.5107,1880.4573,255.2034,200,3331,0.9000,0.0500,10,10,0.0000,0
a-n60-k9.vrp,ga,1,1409.4366,2406.0715,1874.1002,276.0270,200,3332,0.9000,0.0500,10,10,0.0000,0
a-n60-k9.vrp,ga,1,1409.4366,2337.7727,1875.3510,255.4857,200,3333,0.9000,0.0500,10,10,0.0000,0
a-n60-k9.vrp,ga,1,1409.4366,2553.1755,1876.9608,252.9564,200,3334,0.9000,0.0500,10,10,0.0000,0
a-n60-k9.vrp,ga,1,1409.4366,2407.5278,1856.4780,262.1783,200,3335,0.9000,0.0500,10,10,0.0000,0
a-n60-k9.vrp,ga,1,1409.4366,2375.1375,1843.0610,266.1259,200,3336,0.9000,0.0500,10,10,0.0000,0
a-n60-k9.vrp,ga,1,1409.4366,2524.4990,1844.2927,261.0825,200,3337,0.9000,0.0500,10,10,0.0000,0
a-n60-k9.vrp,ga,1,1409.4366,2375.6965,1884.2736,253.8638,200,3338,0.9000,0.0500,10,10,0.0000,0
a-n60-k9.vrp,ga,1,1409.4366,2448.2358,1864.9163,273.5726,200,3339,0.9000,0.0500,10,10,0.0000,0
a-n60-k9.vrp,ga,1,1409.4366,2386.1506,1842.2975,265.8444,200,3340,0.9000,0.0500,10,10,0.0000,0
a-n60-k9.vrp,ga,1,1409.4366,2474.9197,1858.1838,262.4827,200,3341,0.9000,0.0500,10,10,0.0000,0
a-n60-k9.vrp,ga,1,1409.4366,2610.4070,1854.0999,263.0480,200,3342,0.9000,0.0500,10,10,0.0000,0
a-n60-k9.vrp,ga,1,1409.4366,2418.3164,1853.3597,263.1364,200,3343,0.9000,0.0500,10,10,0.0000,0
a-n60-k9.vrp,ga,1,1409.4366,2411.2373,1848.1613,268.3821,200,3344,0.9000,0.0500,10,10,0.0000,0
a-n60-k9.vrp,ga,1,1409.4366,2406.2903,1866.9077,270.9568,200,3345,0.9000,0.0500,10,10,0.0000,0
a-n60-k9.vrp,ga,1,1409.4366,2463.6936,1856.2081,265.6422,200,3346,0.9000,0.0500,10,10,0.0000,0
a-n60-k9.vrp,ga,1,1409.4366,2545.2485,1871.7371,255.5709,200,3347,0.9000,0.0500,10,10,0.0000,0
a-n60-k9.vrp,ga,1,1409.4366,2527.5552,1816.5051,271.8349,200,3348,0.9000,0.0500,10,10,0.0000,0
a-n60-k9.vrp,ga,1,1409.4366,2414.2500,1836.8707,272.8044,200,3349,0.9000,0.0500,10,10,0.0000,0
a-n60-k9.vrp,ga,1,1409.4366,2378.1165,1836.3875,271.2126,200,3350,0.9000,0.0500,10,10,0.0000,0
a-n60-k9.vrp,ga,1,1409.4366,2491.7476,1844.2670,255.3849,200,3351,0.9000,0.0500,10,10,0.0000,0
a-n60-k9.vrp,ga,1,1409.4366,2425.8384,1888.6405,274.6225,200,3352,0.9000,0.0500,10,10,0.0000,0
a-n60-k9.vrp,ga,1,1409.4366,2382.9573,1869.9073,263.4901,200,3353,0.9000,0.0500,10,10,0.0000,0
a-n60-k9.vrp,ga,1,1409.4366,2345.0925,1808.8795,276.6774,200,3354,0.9000,0.0500,10,10,0.0000,0
a-n60-k9.vrp,ga,1,1409.4366,2329.3591,1840.8170,269.2421,200,3355,0.9000,0.0500,10,10,0.0000,0
a-n60-k9.vrp,ga,1,1409.4366,2506.9614,1871.7759,271.2747,200,3356,0.9000,0.0500,10,10,0.0000,0
a-n60-k9.vrp,ga,1,1409.4366,2413.4172,1813.9218,272.8356,200,3357,0.9000,0.0500,10,10,0.0000,0
a-n60-k9.vrp,ga,1,1409.4366,2346.6753,1806.5043,268.5773,200,3358,0.9000,0.0500,10,10,0.0000,0
a-n60-k9.vrp,ga,1,1409.4366,2315.9341,1822.9622,252.6717,200,3359,0.9000,0.0500,10,10,0.0000,0
a-n60-k9.vrp,ga,1,1409.4366,2365.6108,1800.5813,279.7513,200,3360,0.9000,0.0500,10,10,0.0000,0
a-n60-k9.vrp,ga,1,1409.4366,2365.0601,1801.9666,275.7729,200,3361,0.9000,0.0500,10,10,0.0000,0
a-n60-k9.vrp,ga,1,1409.4366,2335.4465,1815.5565,267.9330,200,3362,0.9000,0.0500,10,10,0.0000,0
a-n60-k9.vrp,ga,1,1409.4366,2326.0723,1808.1006,273.0721,200,3363,0.9000,0.0500,10,10,0.0000,0
a-n60-k9.vrp,ga,1,1409.4366,2388.5610,1827.5836,262.7263,200,3364,0.9000,0.0500,10,10,0.0000,0
a-n60-k9.vrp,ga,1,1409.4366,2373.8574,1828.3373,268.4486,200,3365,0.9000,0.0500,10,10,0.0000,0
a-n60-k9.vrp,ga,1,1409.4366,2578.5515,1850.2430,258.3498,200,3366,0.9000,0.0500,10,10,0.0000,0
a-n60-k9.vrp,ga,1,1409.4366,2363.3376,1834.3369,271.6946,200,3367,0.9000,0.0500,10,10,0.0000,0
a-n60-k9.vrp,ga,1,1409.4366,2591.7534,1820.9531,263.3944,200,3368,0.9000,0.0500,10,10,0.0000,0
a-n60-k9.vrp,ga,1,1409.4366,2307.8770,1789.6506,266.2627,200,3369,0.9000,0.0500,10,10,0.0000,0
a-n60-k9.vrp,ga,1,1409.4366,2336.1223,1807.2191,268.7831,200,3370,0.9000,0.0500,10,10,0.0000,0
a-n60-k9.vrp,ga,1,1409.4366,2417.8320,1806.8829,258.3098,200,3371,0.9000,0.0500,10,10,0.0000,0
a-n60-k9.vrp,ga,1,1409.4366,2415.6875,1809.8202,256.1917,200,3372,0.9000,0.0500,10,10,0.0000,0
a-n60-k9.vrp,ga,1,1409.4366,2485.3103,1817.8218,262.7032,200,3373,0.9000,0.0500,10,10,0.0000,0
a-n60-k9.vrp,ga,1,1409.4366,2489.9744,1839.0717,259.4334,200,3374,0.9000,0.0500,10,10,0.0000,0
a-n60-k9.vrp,ga,1,1409.4366,2476.5515,1832.5931,269.6736,200,3375,0.9000,0.0500,10,10,0.0000,0
a-n60-k9.vrp,ga,1,1409.4366,2327.7964,1822.5933,265.4332,200,3376,0.9000,0.0500,10,10,0.0000,0
a-n60-k9.vrp,ga,1,1409.4366,2353.1494,1799.8146,259.9160,200,3377,0.9000,0.0500,10,10,0.0000,0
a-n60-k9.vrp,ga,1,1409.4366,2324.4768,1812.5146,269.0210,200,3378,0.9000,0.0500,10,10,0.0000,0
a-n60-k9.vrp,ga,1,1409.4366,2389.6606,1828.3365,287.4298,200,3379,0.9000,0.0500,10,10,0.0000,0
a-n60-k9.vrp,ga,1,1409.4366,2535.5923,1803.2853,284.6610,200,3380,0.9000,0.0500,10,10,0.0000,0
a-n60-k9.vrp,ga,1,1409.4366,2351.4434,1824.3486,264.6549,200,3381,0.9000,0.0500,10,10,0.0000,0
a-n60-k9.vrp,ga,1,1409.4366,2511.2759,1856.6450,259.2508,200,3382,0.9000,0.0500,10,10,0.0000,0
a-n60-k9.vrp,ga,1,1409.4366,2634.4246,1832.9342,272.1386,200,3383,0.9000,0.0500,10,10,0.0000,0
a-n60-k9.vrp,ga,1,1409.4366,2483.1914,1858.5023,264.4590,200,3384,0.9000,0.0500,10,10,0.0000,0
a-n60-k9.vrp,ga,1,1409.4366,2470.4299,1851.2838,272.7989,200,3385,0.9000,0.0500,10,10,0.0000,0
a-n60-k9.vrp,ga,1,1409.4366,2416.6445,1797.4009,275.3976,200,3386,0.9000,0.0500,10,10,0.0000,0
a-n60-k9.vrp,ga,1,1409.4366,2536.0396,1830.1826,278.7105,200,3387,0.9000,0.0500,10,10,0.0000,0
a-n60-k9.vrp,ga,1,1409.4366,2689.8926,1877.6348,284.6012,200,3388,0.9000,0.0500,10,10,0.0000,0
a-n60-k9.vrp,ga,1,1409.4366,2635.9104,1847.7866,282.2922,200,3389,0.9000,0.0500,10,10,0.0000,0
a-n60-k9.vrp,ga,1,1409.4366,2735.1169,1836.1809,312.6529,200,3390,0.9000,0.0500,10,10,0.0000,0
a-n60-k9.vrp,ga,1,1409.4366,2662.4988,1813.8766,283.5353,200,3391,0.9000,0.0500,10,10,0.0000,0
a-n60-k9.vrp,ga,1,1409.4366,2758.7388,1838.9926,276.1269,200,3392,0.9000,0.0500,10,10,0.0000,0
a-n60-k9.vrp,ga,1,1409.4366,2996.6316,1843.9259,282.4735,200,3393,0.9000,0.0500,10,10,0.0000,0
a-n60-k9.vrp,ga,1,1409.4366,2768.6443,1845.5087,297.3060,200,3394,0.9000,0.0500,10,10,0.0000,0
a-n60-k9.vrp,ga,1,1409.4366,2765.3235,1823.9275,280.6309,200,3395,0.9000,0.0500,10,10,0.0000,0
a-n60-k9.vrp,ga,1,1409.4366,2582.3838,1819.7045,279.2560,200,3396,0.9000,0.0500,10,10,0.0000,0
a-n60-k9.vrp,ga,1,1409.4366,2959.1431,1825.3680,285.1792,200,3397,0.9000,0.0500,10,10,0.0000,0
a-n60-k9.vrp,ga,1,1409.4366,2689.9968,1820.3876,283.3026,200,3398,0.9000,0.0500,10,10,0.0000,0
a-n60-k9.vrp,ga,1,1409.4366,2871.3752,1841.7347,297.4246,200,3399,0.9000,0.0500,10,10,0.0000,0
a-n60-k9.vrp,ga,1,1409.4366,2959.8066,1828.8837,270.1297,200,3400,0.9000,0.0500,10,10,0.0000,0
a-n60-k9.vrp,ga,1,1409.4366,2689.9968,1840.0829,284.6947,200,3401,0.9000,0.0500,10,10,0.0000,0
a-n60-k9.vrp,ga,1,1409.4366,2689.9968,1817.6798,299.7417,200,3402,0.9000,0.0500,10,10,0.0000,0
a-n60-k9.vrp,ga,1,1409.4366,2689.9968,1813.3962,283.1697,200,3403,0.9000,0.0500,10,10,0.0000,0
a-n60-k9.vrp,ga,1,1409.4366,2689.9968,1828.5466,279.0712,200,3404,0.9000,0.0500,10,10,0.0000,0
a-n60-k9.vrp,ga,1,1409.4366,2583.7751,1834.9454,273.8966,200,3405,0.9000,0.0500,10,10,0.0000,0
a-n60-k9.vrp,ga,1,1409.4366,2825.1995,1817.2302,295.2353,200,3406,0.9000,0.0500,10,10,0.0000,0
a-n60-k9.vrp,ga,1,1409.4366,2689.9968,1848.4114,289.7318,200,3407,0.9000,0.0500,10,10,0.0000,0
a-n60-k9.vrp,ga,1,1409.4366,2807.7480,1785.8518,302.6194,200,3408,0.9000,0.0500,10,10,0.0000,0
a-n60-k9.vrp,ga,1,1409.4366,2743.8735,1846.9301,285.3050,200,3409,0.9000,0.0500,10,10,0.0000,0
a-n60-k9.vrp,ga,1,1409.4366,2627.0759,1838.9337,264.0158,200,3410,0.9000,0.0500,10,10,0.0000,0
a-n60-k9.vrp,ga,1,1409.4366,2689.9968,1808.3760,277.8192,200,3411,0.9000,0.0500,10,10,0.0000,0
a-n60-k9.vrp,ga,1,1409.4366,2833.3435,1822.5585,282.0951,200,3412,0.9000,0.0500,10,10,0.0000,0
a-n60-k9.vrp,ga,1,1409.4366,2637.5254,1858.1958,285.4890,200,3413,0.9000,0.0500,10,10,0.0000,0
a-n60-k9.vrp,ga,1,1409.4366,2699.6882,1848.5450,266.4008,200,3414,0.9000,0.0500,10,10,0.0000,0
a-n60-k9.vrp,ga,1,1409.4366,2822.4312,1837.3120,315.1483,200,3415,0.9000,0.0500,10,10,0.0000,0
a-n60-k9.vrp,ga,1,1409.4366,2689.9968,1825.2435,288.5084,200,3416,0.9000,0.0500,10,10,0.0000,0
a-n60-k9.vrp,ga,1,1409.4366,2459.8364,1844.6138,269.4359,200,3417,0.9000,0.0500,10,10,0.0000,0
a-n60-k9.vrp,ga,1,1409.4366,2843.5376,1852.2820,307.3364,200,3418,0.9000,0.0500,10,10,0.0000,0
a-n60-k9.vrp,ga,1,1409.4366,2710.5518,1832.6272,289.6674,200,3419,0.9000,0.0500,10,10,0.0000,0
a-n60-k9.vrp,ga,1,1409.4366,3042.3020,1837.1003,300.2864,200,3420,0.9000,0.0500,10,10,0.0000,0
a-n60-k9.vrp,ga,1,1409.4366,2746.5212,1860.0764,306.3626,200,3421,0.9000,0.0500,10,10,0.0000,0
a-n60-k9.vrp,ga,1,1409.4366,2694.6516,1835.7390,276.2095,200,3422,0.9000,0.0500,10,10,0.0000,0
a-n60-k9.vrp,ga,1,1409.4366,2827.9607,1885.7273,283.5752,200,3423,0.9000,0.0500,10,10,0.0000,0
a-n60-k9.vrp,ga,1,1409.4366,2788.3413,1848.1801,294.1483,200,3424,0.9000,0.0500,10,10,0.0000,0
a-n60-k9.vrp,ga,1,1409.4366,2850.1282,1889.9575,322.3629,200,3425,0.9000,0.0500,10,10,0.0000,0
a-n60-k9.vrp,ga,1,1409.4366,2753.8193,1852.1622,293.1595,200,3426,0.9000,0.0500,10,10,0.0000,0
a-n60-k9.vrp,ga,1,1409.4366,2920.2273,1841.9387,311.6862,200,3427,0.9000,0.0500,10,10,0.0000,0
a-n60-k9.vrp,ga,1,1409.4366,2793.1733,1832.3187,298.1801,200,3428,0.9000,0.0500,10,10,0.0000,0
a-n60-k9.vrp,ga,1,1409.4366,2703.4353,1863.2985,279.7389,200,3429,0.9000,0.0500,10,10,0.0000,0
a-n60-k9.vrp,ga,1,1409.4366,2689.9968,1856.8427,265.4731,200,3430,0.9000,0.0500,10,10,0.0000,0
a-n60-k9.vrp,ga,1,1409.4366,2779.9980,1893.7585,306.1310,200,3431,0.9000,0.0500,10,10,0.0000,0
a-n60-k9.vrp,ga,1,1409.4366,3029.7544,1824.7400,299.3206,200,3432,0.9000,0.0500,10,10,0.0000,0
a-n60-k9.vrp,ga,1,1409.4366,2730.0347,1841.8605,294.2222,200,3433,0.9000,0.0500,10,10,0.0000,0
a-n60-k9.vrp,ga,1,1409.4366,2732.0535,1831.2277,277.4290,200,3434,0.9000,0.0500,10,10,0.0000,0
a-n60-k9.vrp,ga,1,1409.4366,2689.9968,1802.5641,280.8752,200,3435,0.9000,0.0500,10,10,0.0000,0
a-n60-k9.vrp,ga,1,1409.4366,2823.5623,1847.1593,294.7077,200,3436,0.9000,0.0500,10,10,0.0000,0
a-n60-k9.vrp,ga,1,1409.4366,2807.7805,1846.8444,293.0511,200,3437,0.9000,0.0500,10,10,0.0000,0
a-n60-k9.vrp,ga,1,1409.4366,2413.8337,1827.6353,260.6490,200,3438,0.9000,0.0500,10,10,0.0000,0
a-n60-k9.vrp,ga,1,1409.4366,2988.5364,1854.3680,311.4983,200,3439,0.9000,0.0500,10,10,0.0000,0
a-n60-k9.vrp,ga,1,1409.4366,2956.2966,1856.5499,303.1649,200,3440,0.9000,0.0500,10,10,0.0000,0
a-n60-k9.vrp,ga,1,1409.4366,3097.4084,1813.8877,274.5683,200,3441,0.9000,0.0500,10,10,0.0000,0
a-n60-k9.vrp,ga,1,1409.4366,2811.8821,1854.0934,311.2816,200,3442,0.9000,0.0500,10,10,0.0000,0
a-n60-k9.vrp,ga,1,1409.4366,2894.1609,1869.7750,299.0110,200,3443,0.9000,0.0500,10,10,0.0000,0
a-n60-k9.vrp,ga,1,1409.4366,2791.6331,1832.7546,299.8706,200,3444,0.9000,0.0500,10,10,0.0000,0
a-n60-k9.vrp,ga,1,1409.4366,2791.6331,1850.5259,315.7588,200,3445,0.9000,0.0500,10,10,0.0000,0
a-n60-k9.vrp,ga,1,1409.4366,2498.9839,1824.3909,277.4348,200,3446,0.9000,0.0500,10,10,0.0000,0
a-n60-k9.vrp,ga,1,1409.4366,2808.9392,1855.6753,291.3702,200,3447,0.9000,0.0500,10,10,0.0000,0
a-n60-k9.vrp,ga,1,1409.4366,2660.4314,1823.7258,287.6779,200,3448,0.9000,0.0500,10,10,0.0000,0
a-n60-k9.vrp,ga,1,1409.4366,2599.6111,1862.0402,296.1827,200,3449,0.9000,0.0500,10,10,0.0000,0
a-n60-k9.vrp,ga,1,1409.4366,2827.3982,1845.2267,289.5724,200,3450,0.9000,0.0500,10,10,0.0000,0
a-n60-k9.vrp,ga,1,1409.4366,2858.3447,1849.8330,316.6461,200,3451,0.9000,0.0500,10,10,0.0000,0
a-n60-k9.vrp,ga,1,1409.4366,2791.6331,1852.8752,293.4485,200,3452,0.9000,0.0500,10,10,0.0000,0
a-n60-k9.vrp,ga,1,1409.4366,2769.1035,1835.1415,268.4714,200,3453,0.9000,0.0500,10,10,0.0000,0
a-n60-k9.vrp,ga,1,1409.4366,2987.2988,1880.4231,330.5045,200,3454,0.9000,0.0500,10,10,0.0000,0
a-n60-k9.vrp,ga,1,1409.4366,2791.6331,1833.8590,262.3713,200,3455,0.9000,0.0500,10,10,0.0000,0
a-n60-k9.vrp,ga,1,1409.4366,2930.2539,1836.0878,286.2728,200,3456,0.9000,0.0500,10,10,0.0000,0
a-n60-k9.vrp,ga,1,1409.4366,2858.4521,1841.5145,307.3558,200,3457,0.9000,0.0500,10,10,0.0000,0
a-n60-k9.vrp,ga,1,1409.4366,2901.0049,1860.8868,305.9830,200,3458,0.9000,0.0500,10,10,0.0000,0
a-n60-k9.vrp,ga,1,1409.4366,2807.3369,1843.2019,274.6161,200,3459,0.9000,0.0500,10,10,0.0000,0
a-n60-k9.vrp,ga,1,1409.4366,2401.6389,1822.9019,252.6626,200,3460,0.9000,0.0500,10,10,0.0000,0
a-n60-k9.vrp,ga,1,1409.4366,2313.5635,1860.7156,261.2303,200,3461,0.9000,0.0500,10,10,0.0000,0
a-n60-k9.vrp,ga,1,1409.4366,2468.5801,1854.6328,253.0515,200,3462,0.9000,0.0500,10,10,0.0000,0
a-n60-k9.vrp,ga,1,1409.4366,2384.9761,1841.0546,266.9607,200,3463,0.9000,0.0500,10,10,0.0000,0
a-n60-k9.vrp,ga,1,1409.4366,2483.0305,1833.3596,250.0114,200,3464,0.9000,0.0500,10,10,0.0000,0
a-n60-k9.vrp,ga,1,1409.4366,2407.0054,1820.3788,273.9318,200,3465,0.9000,0.0500,10,10,0.0000,0
a-n60-k9.vrp,ga,1,1409.4366,2496.3115,1859.5771,267.8535,200,3466,0.9000,0.0500,10,10,0.0000,0
a-n60-k9.vrp,ga,1,1409.4366,2365.5942,1849.1835,248.3661,200,3467,0.9000,0.0500,10,10,0.0000,0
a-n60-k9.vrp,ga,1,1409.4366,2352.2124,1810.4463,265.3042,200,3468,0.9000,0.0500,10,10,0.0000,0
a-n60-k9.vrp,ga,1,1409.4366,2281.2297,1819.9391,273.5583,200,3469,0.9000,0.0500,10,10,0.0000,0
a-n60-k9.vrp,ga,1,1409.4366,2284.6372,1799.9991,260.2984,200,3470,0.9000,0.0500,10,10,0.0000,0
a-n60-k9.vrp,ga,1,1409.4366,2433.0391,1802.1344,264.6757,200,3471,0.9000,0.0500,10,10,0.0000,0
a-n60-k9.vrp,ga,1,1409.4366,2417.1270,1801.9033,264.9692,200,3472,0.9000,0.0500,10,10,0.0000,0
a-n60-k9.vrp,ga,1,1409.4366,2362.7510,1851.6383,264.8201,200,3473,0.9000,0.0500,10,10,0.0000,0
a-n60-k9.vrp,ga,1,1409.4366,2472.7666,1845.7703,272.9828,200,3474,0.9000,0.0500,10,10,0.0000,0
a-n60-k9.vrp,ga,1,1409.4366,2377.2803,1885.1512,262.5594,200,3475,0.9000,0.0500,10,10,0.0000,0
a-n60-k9.vrp,ga,1,1409.4366,2385.6265,1805.1858,261.7072,200,3476,0.9000,0.0500,10,10,0.0000,0
a-n60-k9.vrp,ga,1,1409.4366,2327.9592,1823.1038,256.6745,200,3477,0.9000,0.0500,10,10,0.0000,0
a-n60-k9.vrp,ga,1,1409.4366,2724.7346,1815.5747,262.5104,200,3478,0.9000,0.0500,10,10,0.0000,0
a-n60-k9.vrp,ga,1,1409.4366,2416.4954,1804.7842,275.2968,200,3479,0.9000,0.0500,10,10,0.0000,0
a-n60-k9.vrp,ga,1,1409.4366,2378.8169,1796.2391,264.7628,200,3480,0.9000,0.0500,10,10,0.0000,0
a-n60-k9.vrp,ga,1,1409.4366,2420.8206,1813.3795,259.1111,200,3481,0.9000,0.0500,10,10,0.0000,0
a-n60-k9.vrp,ga,1,1409.4366,2312.9927,1847.7473,251.7815,200,3482,0.9000,0.0500,10,10,0.0000,0
a-n60-k9.vrp,ga,1,1409.4366,2332.2329,1861.4524,256.9845,200,3483,0.9000,0.0500,10,10,0.0000,0
a-n60-k9.vrp,ga,1,1409.4366,2514.5305,1799.7957,260.2690,200,3484,0.9000,0.0500,10,10,0.0000,0
a-n60-k9.vrp,ga,1,1409.4366,2428.6912,1779.3137,273.2797,200,3485,0.9000,0.0500,10,10,0.0000,0
a-n60-k9.vrp,ga,1,1409.4366,2435.4194,1827.5626,288.3959,200,3486,0.9000,0.0500,10,10,0.0000,0
a-n60-k9.vrp,ga,1,1409.4366,2390.3093,1828.0385,274.1426,200,3487,0.9000,0.0500,10,10,0.0000,0
a-n60-k9.vrp,ga,1,1409.4366,2475.3960,1847.4495,271.6445,200,3488,0.9000,0.0500,10,10,0.0000,0
a-n60-k9.vrp,ga,1,1409.4366,2294.8218,1804.9294,260.2352,200,3489,0.9000,0.0500,10,10,0.0000,0
a-n60-k9.vrp,ga,1,1409.4366,2511.3157,1848.0543,283.6199,200,3490,0.9000,0.0500,10,10,0.0000,0
a-n60-k9.vrp,ga,1,1409.4366,2390.6626,1845.3839,259.7649,200,3491,0.9000,0.0500,10,10,0.0000,0
a-n60-k9.vrp,ga,1,1409.4366,2324.3552,1822.5938,264.2891,200,3492,0.9000,0.0500,10,10,0.0000,0
a-n60-k9.vrp,ga,1,1409.4366,2390.6626,1838.5240,275.2498,200,3493,0.9000,0.0500,10,10,0.0000,0
a-n60-k9.vrp,ga,1,1409.4366,2365.4287,1825.2648,263.5907,200,3494,0.9000,0.0500,10,10,0.0000,0
a-n60-k9.vrp,ga,1,1409.4366,2380.9702,1837.7806,257.3751,200,3495,0.9000,0.0500,10,10,0.0000,0
a-n60-k9.vrp,ga,1,1409.4366,2439.3123,1856.5203,264.3325,200,3496,0.9000,0.0500,10,10,0.0000,0
a-n60-k9.vrp,ga,1,1409.4366,2429.5674,1862.3900,267.1392,200,3497,0.9000,0.0500,10,10,0.0000,0
a-n60-k9.vrp,ga,1,1409.4366,2456.9734,1847.1813,275.1998,200,3498,0.9000,0.0500,10,10,0.0000,0
a-n60-k9.vrp,ga,1,1409.4366,2362.1421,1827.1863,275.2977,200,3499,0.9000,0.0500,10,10,0.0000,0
a-n60-k9.vrp,ga,1,1409.4366,2367.0952,1816.0613,267.8813,200,3500,0.9000,0.0500,10,10,0.0000,0
a-n60-k9.vrp,ga,1,1409.4366,2390.6626,1799.1237,260.6122,200,3501,0.9000,0.0500,10,10,0.0000,0
a-n60-k9.vrp,ga,1,1409.4366,2295.6323,1833.6963,248.7428,200,3502,0.9000,0.0500,10,10,0.0000,0
a-n60-k9.vrp,ga,1,1409.4366,2566.9578,1842.1726,245.7050,200,3503,0.9000,0.0500,10,10,0.0000,0
a-n60-k9.vrp,ga,1,1409.4366,2483.2822,1800.8602,279.1232,200,3504,0.9000,0.0500,10,10,0.0000,0
a-n60-k9.vrp,ga,1,1409.4366,2271.9707,1777.1418,251.5899,200,3505,0.9000,0.0500,10,10,0.0000,0
a-n60-k9.vrp,ga,1,1409.4366,2527.8325,1837.4873,272.5732,200,3506,0.9000,0.0500,10,10,0.0000,0
a-n60-k9.vrp,ga,1,1409.4366,2413.8562,1815.3030,250.3491,200,3507,0.9000,0.0500,10,10,0.0000,0
a-n60-k9.vrp,ga,1,1409.4366,2399.0176,1824.6570,258.9359,200,3508,0.9000,0.0500,10,10,0.0000,0
a-n60-k9.vrp,ga,1,1407.0332,2444.9136,1794.2351,270.8655,200,3509,0.9000,0.0500,10,10,0.0000,0
a-n60-k9.vrp,ga,1,1407.0328,2548.6709,1833.1901,271.5826,200,3510,0.9000,0.0500,10,10,0.0000,0
a-n60-k9.vrp,ga,1,1407.0328,2228.8552,1808.7241,256.5224,200,3511,0.9000,0.0500,10,10,0.0000,0
a-n60-k9.vrp,ga,1,1407.0328,2327.9207,1795.3110,272.2014,200,3512,0.9000,0.0500,10,10,0.0000,0
a-n60-k9.vrp,ga,1,1407.0328,2315.2969,1760.9020,264.6077,200,3513,0.9000,0.0500,10,10,0.0000,0
a-n60-k9.vrp,ga,1,1407.0328,2404.2175,1787.2738,268.3710,200,3514,0.9000,0.0500,10,10,0.0000,0
a-n60-k9.vrp,ga,1,1407.0328,2369.2815,1812.4797,264.9230,200,3515,0.9000,0.0500,10,10,0.0000,0
a-n60-k9.vrp,ga,1,1407.0328,2373.8982,1824.8669,263.3057,200,3516,0.9000,0.0500,10,10,0.0000,0
a-n60-k9.vrp,ga,1,1407.0328,2341.3989,1839.7329,255.2401,200,3517,0.9000,0.0500,10,10,0.0000,0
a-n60-k9.vrp,ga,1,1407.0328,2428.1079,1841.3652,261.4635,200,3518,0.9000,0.0500,10,10,0.0000,0
a-n60-k9.vrp,ga,1,1407.0328,2406.8979,1826.9965,257.2672,200,3519,0.9000,0.0500,10,10,0.0000,0
a-n60-k9.vrp,ga,1,1407.0328,2399.9678,1851.1421,267.2122,200,3520,0.9000,0.0500,10,10,0.0000,0
a-n60-k9.vrp,ga,1,1407.0328,2299.1892,1804.6765,256.8865,200,3521,0.9000,0.0500,10,10,0.0000,0
a-n60-k9.vrp,ga,1,1407.0328,2298.1113,1785.3213,269.9638,200,3522,0.9000,0.0500,10,10,0.0000,0
a-n60-k9.vrp,ga,1,1407.0328,2303.7078,1816.5680,257.2024,200,3523,0.9000,0.0500,10,10,0.0000,0
a-n60-k9.vrp,ga,1,1407.0328,2269.9998,1816.5099,251.9190,200,3524,0.9000,0.0500,10,10,0.0000,0
a-n60-k9.vrp,ga,1,1407.0328,2287.8533,1796.5901,262.2798,200,3525,0.9000,0.0500,10,10,0.0000,0
a-n60-k9.vrp,ga,1,1407.0328,2386.4775,1789.8584,265.8529,200,3526,0.9000,0.0500,10,10,0.0000,0
a-n60-k9.vrp,ga,1,1407.0328,2343.9961,1804.4113,257.4697,200,3527,0.9000,0.0500,10,10,0.0000,0
a-n60-k9.vrp,ga,1,1407.0328,2250.5867,1785.7506,263.3146,200,3528,0.9000,0.0500,10,10,0.0000,0
a-n60-k9.vrp,ga,1,1407.0328,2362.4739,1811.8680,264.0148,200,3529,0.9000,0.0500,10,10,0.0000,0
a-n60-k9.vrp,ga,1,1407.0328,2377.7490,1814.7401,258.8764,200,3530,0.9000,0.0500,10,10,0.0000,0
a-n60-k9.vrp,ga,1,1407.0328,2324.2810,1782.1801,263.5838,200,3531,0.9000,0.0500,10,10,0.0000,0
a-n60-k9.vrp,ga,1,1407.0328,2466.7061,1846.6273,253.3262,200,3532,0.9000,0.0500,10,10,0.0000,0
a-n60-k9.vrp,ga,1,1407.0328,2304.8306,1810.0898,256.0035,200,3533,0.9000,0.0500,10,10,0.0000,0
a-n60-k9.vrp,ga,1,1407.0328,2364.8989,1822.1807,261.7850,200,3534,0.9000,0.0500,10,10,0.0000,0
a-n60-k9.vrp,ga,1,1407.0328,2402.5083,1824.7166,255.6721,200,3535,0.9000,0.0500,10,10,0.0000,0
a-n60-k9.vrp,ga,1,1407.0328,2278.3999,1807.7446,252.1501,200,3536,0.9000,0.0500,10,10,0.0000,0
a-n60-k9.vrp,ga,1,1407.0328,2523.3459,1819.4420,255.8056,200,3537,0.9000,0.0500,10,10,0.0000,0
a-n60-k9.vrp,ga,1,1407.0328,2347.7795,1829.8065,277.3074,200,3538,0.9000,0.0500,10,10,0.0000,0
a-n60-k9.vrp,ga,1,1407.0328,2341.2930,1804.9203,285.3022,200,3539,0.9000,0.0500,10,10,0.0000,0
a-n60-k9.vrp,ga,1,1407.0328,2554.6431,1829.6647,293.2231,200,3540,0.9000,0.0500,10,10,0.0000,0
a-n60-k9.vrp,ga,1,1407.0328,2433.9805,1829.1698,264.5338,200,3541,0.9000,0.0500,10,10,0.0000,0
a-n60-k9.vrp,ga,1,1407.0328,2405.5999,1834.1921,259.8906,200,3542,0.9000,0.0500,10,10,0.0000,0
a-n60-k9.vrp,ga,1,1407.0328,2487.9519,1815.6659,268.8059,200,3543,0.9000,0.0500,10,10,0.0000,0
a-n60-k9.vrp,ga,1,1407.0328,2618.5046,1798.8536,268.7039,200,3544,0.9000,0.0500,10,10,0.0000,0
a-n60-k9.vrp,ga,1,1407.0328,2415.2734,1809.3090,276.5940,200,3545,0.9000,0.0500,10,10,0.0000,0
a-n60-k9.vrp,ga,1,1407.0328,2491.1255,1824.1287,261.7057,200,3546,0.9000,0.0500,10,10,0.0000,0
a-n60-k9.vrp,ga,1,1407.0328,2707.2688,1805.3838,292.6943,200,3547,0.9000,0.0500,10,10,0.0000,0
a-n60-k9.vrp,ga,1,1407.0328,2436.2700,1810.0844,281.3330,200,3548,0.9000,0.0500,10,10,0.0000,0
a-n60-k9.vrp,ga,1,1407.0328,2442.4729,1809.0817,249.4579,200,3549,0.9000,0.0500,10,10,0.0000,0
a-n60-k9.vrp,ga,1,1407.0328,2421.1697,1841.2546,257.1094,200,3550,0.9000,0.0500,10,10,0.0000,0
a-n60-k9.vrp,ga,1,1407.0328,2475.6545,1843.9736,281.3247,200,3551,0.9000,0.0500,10,10,0.0000,0
a-n60-k9.vrp,ga,1,1407.0328,2787.8508,1880.4670,291.7181,200,3552,0.9000,0.0500,10,10,0.0000,0
a-n60-k9.vrp,ga,1,1407.0328,2628.9419,1820.8601,290.1100,200,3553,0.9000,0.0500,10,10,0.0000,0
a-n60-k9.vrp,ga,1,1407.0328,2554.7231,1819.9419,263.8716,200,3554,0.9000,0.0500,10,10,0.0000,0
a-n60-k9.vrp,ga,1,1407.0328,2543.5388,1837.6060,275.0761,200,3555,0.9000,0.0500,10,10,0.0000,0
a-n60-k9.vrp,ga,1,1407.0328,2326.5156,1799.4985,270.9100,200,3556,0.9000,0.0500,10,10,0.0000,0
a-n60-k9.vrp,ga,1,1407.0328,2514.7219,1820.8929,265.5404,200,3557,0.9000,0.0500,10,10,0.0000,0
a-n60-k9.vrp,ga,1,1407.0328,2591.3489,1835.6785,274.7535,200,3558,0.9000,0.0500,10,10,0.0000,0
a-n60-k9.vrp,ga,1,1407.0328,2446.9685,1820.3551,272.6861,200,3559,0.9000,0.0500,10,10,0.0000,0
a-n60-k9.vrp,ga,1,1407.0328,2469.4324,1823.0190,281.6343,200,3560,0.9000,0.0500,10,10,0.0000,0
a-n60-k9.vrp,ga,1,1407.0328,2442.0007,1831.0342,280.4085,200,3561,0.9000,0.0500,10,10,0.0000,0
a-n60-k9.vrp,ga,1,1407.0328,2536.7007,1836.6343,266.9225,200,3562,0.9000,0.0500,10,10,0.0000,0
a-n60-k9.vrp,ga,1,1407.0328,2558.2231,1818.8414,272.8531,200,3563,0.9000,0.0500,10,10,0.0000,0
a-n60-k9.vrp,ga,1,1407.0328,2507.6868,1825.2512,276.2878,200,3564,0.9000,0.0500,10,10,0.0000,0
a-n60-k9.vrp,ga,1,1407.0328,2554.6345,1840.0477,281.7010,200,3565,0.9000,0.0500,10,10,0.0000,0
a-n60-k9.vrp,ga,1,1407.0328,2734.0559,1853.6570,289.6888,200,3566,0.9000,0.0500,10,10,0.0000,0
a-n60-k9.vrp,ga,1,1407.0328,2674.0745,1833.9420,274.7481,200,3567,0.9000,0.0500,10,10,0.0000,0
a-n60-k9.vrp,ga,1,1407.0328,2597.0732,1779.9377,265.6490,200,3568,0.9000,0.0500,10,10,0.0000,0
a-n60-k9.vrp,ga,1,1407.0328,2751.5894,1845.9093,292.1159,200,3569,0.9000,0.0500,10,10,0.0000,0
a-n60-k9.vrp,ga,1,1407.0328,2925.3037,1845.9268,279.6530,200,3570,0.9000,0.0500,10,10,0.0000,0
a-n60-k9.vrp,ga,1,1407.0328,2925.3037,1827.3942,313.1048,200,3571,0.9000,0.0500,10,10,0.0000,0
a-n60-k9.vrp,ga,1,1407.0328,2989.9634,1813.3533,290.4177,200,3572,0.9000,0.0500,10,10,0.0000,0
a-n60-k9.vrp,ga,1,1407.0328,2696.6775,1832.0071,277.9864,200,3573,0.9000,0.0500,10,10,0.0000,0
a-n60-k9.vrp,ga,1,1407.0328,3115.4629,1820.9364,319.8340,200,3574,0.9000,0.0500,10,10,0.0000,0
a-n60-k9.vrp,ga,1,1407.0328,2830.3274,1807.7258,290.5961,200,3575,0.9000,0.0500,10,10,0.0000,0
a-n60-k9.vrp,ga,1,1407.0328,2971.7852,1801.0996,293.2524,200,3576,0.9000,0.0500,10,10,0.0000,0
a-n60-k9.vrp,ga,1,1407.0328,2925.3037,1832.1223,299.9304,200,3577,0.9000,0.0500,10,10,0.0000,0
a-n60-k9.vrp,ga,1,1407.0328,2799.3887,1844.2068,260.5363,200,3578,0.9000,0.0500,10,10,0.0000,0
a-n60-k9.vrp,ga,1,1407.0328,2925.3037,1859.6115,327.0984,200,3579,0.9000,0.0500,10,10,0.0000,0
a-n60-k9.vrp,ga,1,1407.0328,2813.5120,1871.4177,287.9639,200,3580,0.9000,0.0500,10,10,0.0000,0
a-n60-k9.vrp,ga,1,1407.0328,2941.6743,1852.9611,311.5862,200,3581,0.9000,0.0500,10,10,0.0000,0
a-n60-k9.vrp,ga,1,1407.0328,2457.4915,1822.9011,260.1046,200,3582,0.9000,0.0500,10,10,0.0000,0
a-n60-k9.vrp,ga,1,1407.0328,3011.4736,1846.9221,333.5323,200,3583,0.9000,0.0500,10,10,0.0000,0
a-n60-k9.vrp,ga,1,1407.0328,2766.8135,1845.6768,301.5137,200,3584,0.9000,0.0500,10,10,0.0000,0
a-n60-k9.vrp,ga,1,1407.0328,2986.9812,1857.8525,294.9373,200,3585,0.9000,0.0500,10,10,0.0000,0
a-n60-k9.vrp,ga,1,1407.0328,2590.5796,1835.7341,267.7269,200,3586,0.9000,0.0500,10,10,0.0000,0
a-n60-k9.vrp,ga,1,1407.0328,3075.2688,1865.2850,282.0560,200,3587,0.9000,0.0500,10,10,0.0000,0
a-n60-k9.vrp,ga,1,1407.0328,2846.5293,1865.7524,300.0791,200,3588,0.9000,0.0500,10,10,0.0000,0
a-n60-k9.vrp,ga,1,1407.0328,2941.2173,1830.3837,297.5932,200,3589,0.9000,0.0500,10,10,0.0000,0
a-n60-k9.vrp,ga,1,1407.0328,2911.0537,1816.1864,305.2644,200,3590,0.9000,0.0500,10,10,0.0000,0
a-n60-k9.vrp,ga,1,1407.0328,2925.3037,1853.2549,268.8674,200,3591,0.9000,0.0500,10,10,0.0000,0
a-n60-k9.vrp,ga,1,1407.0328,2911.6069,1840.3004,293.7052,200,3592,0.9000,0.0500,10,10,0.0000,0
a-n60-k9.vrp,ga,1,1407.0328,3113.4419,1847.4395,310.3973,200,3593,0.9000,0.0500,10,10,0.0000,0
a-n60-k9.vrp,ga,1,1407.0328,2925.3037,1849.6909,292.5959,200,3594,0.9000,0.0500,10,10,0.0000,0
a-n60-k9.vrp,ga,1,1407.0328,2925.3037,1862.4340,295.4157,200,3595,0.9000,0.0500,10,10,0.0000,0
a-n60-k9.vrp,ga,1,1407.0328,2925.3037,1880.1560,321.2523,200,3596,0.9000,0.0500,10,10,0.0000,0
a-n60-k9.vrp,ga,1,1407.0328,3259.9697,1850.7133,323.9345,200,3597,0.9000,0.0500,10,10,0.0000,0
a-n60-k9.vrp,ga,1,1407.0328,2876.3267,1845.8970,290.3289,200,3598,0.9000,0.0500,10,10,0.0000,0
a-n60-k9.vrp,ga,1,1407.0328,2925.3037,1833.9623,295.4228,200,3599,0.9000,0.0500,10,10,0.0000,0
a-n60-k9.vrp,ga,1,1407.0328,2613.4773,1865.4521,276.4458,200,3600,0.9000,0.0500,10,10,0.0000,0
a-n60-k9.vrp,ga,1,1407.0328,2448.8948,1829.3176,276.4334,200,3601,0.9000,0.0500,10,10,0.0000,0
a-n60-k9.vrp,ga,1,1407.0328,2398.5129,1818.0903,258.4921,200,3602,0.9000,0.0500,10,10,0.0000,0
a-n60-k9.vrp,ga,1,1407.0328,2526.8457,1822.9792,270.3206,200,3603,0.9000,0.0500,10,10,0.0000,0
a-n60-k9.vrp,ga,1,1407.0328,2344.1357,1808.9329,266.9350,200,3604,0.9000,0.0500,10,10,0.0000,0
a-n60-k9.vrp,ga,1,1407.0328,2372.3938,1802.2925,268.0320,200,3605,0.9000,0.0500,10,10,0.0000,0
a-n60-k9.vrp,ga,1,1407.0328,2423.7058,1837.5272,277.1455,200,3606,0.9000,0.0500,10,10,0.0000,0
a-n60-k9.vrp,ga,1,1407.0328,2362.5234,1806.8165,273.7124,200,3607,0.9000,0.0500,10,10,0.0000,0
a-n60-k9.vrp,ga,1,1407.0328,2505.1333,1823.7606,258.0867,200,3608,0.9000,0.0500,10,10,0.0000,0
a-n60-k9.vrp,ga,1,1407.0328,2424.5552,1815.6411,265.4406,200,3609,0.9000,0.0500,10,10,0.0000,0
a-n60-k9.vrp,ga,1,1407.0328,2300.4856,1823.7814,249.7127,200,3610,0.9000,0.0500,10,10,0.0000,0
a-n60-k9.vrp,ga,1,1407.0328,2577.1233,1833.6438,265.6425,200,3611,0.9000,0.0500,10,10,0.0000,0
a-n60-k9.vrp,ga,1,1407.0328,2469.1572,1822.8998,286.4220,200,3612,0.9000,0.0500,10,10,0.0000,0
a-n60-k9.vrp,ga,1,1407.0328,2276.5950,1783.4537,269.2552,200,3613,0.9000,0.0500,10,10,0.0000,0
a-n60-k9.vrp,ga,1,1407.0328,2349.7795,1794.5198,266.6952,200,3614,0.9000,0.0500,10,10,0.0000,0
a-n60-k9.vrp,ga,1,1407.0328,2337.9358,1792.7456,264.4768,200,3615,0.9000,0.0500,10,10,0.0000,0
a-n60-k9.vrp,ga,1,1407.0328,2409.5957,1796.3494,269.1290,200,3616,0.9000,0.0500,10,10,0.0000,0
a-n60-k9.vrp,ga,1,1407.0328,2247.5876,1813.2611,253.6715,200,3617,0.9000,0.0500,10,10,0.0000,0
a-n60-k9.vrp,ga,1,1407.0328,2263.2305,1807.7498,253.4191,200,3618,0.9000,0.0500,10,10,0.0000,0
a-n60-k9.vrp,ga,1,1407.0328,2391.5188,1778.8651,263.4990,200,3619,0.9000,0.0500,10,10,0.0000,0
a-n60-k9.vrp,ga,1,1407.0328,2394.6411,1839.7013,259.1332,200,3620,0.9000,0.0500,10,10,0.0000,0
a-n60-k9.vrp,ga,1,1407.0328,2309.0625,1816.7336,253.3942,200,3621,0.9000,0.0500,10,10,0.0000,0
a-n60-k9.vrp,ga,1,1407.0328,2256.4814,1774.5920,259.7793,200,3622,0.9000,0.0500,10,10,0.0000,0
a-n60-k9.vrp,ga,1,1407.0328,2317.8862,1834.1484,258.7950,200,3623,0.9000,0.0500,10,10,0.0000,0
a-n60-k9.vrp,ga,1,1407.0328,2262.0676,1821.4762,245.9093,200,3624,0.9000,0.0500,10,10,0.0000,0
a-n60-k9.vrp,ga,1,1407.0328,2236.9753,1795.5071,259.4323,200,3625,0.9000,0.0500,10,10,0.0000,0
a-n60-k9.vrp,ga,1,1407.0328,2390.4355,1784.3885,255.2820,200,3626,0.9000,0.0500,10,10,0.0000,0
a-n60-k9.vrp,ga,1,1407.0328,2343.7800,1818.2274,263.1638,200,3627,0.9000,0.0500,10,10,0.0000,0
a-n60-k9.vrp,ga,1,1407.0328,2258.6577,1812.3722,256.8216,200,3628,0.9000,0.0500,10,10,0.0000,0
a-n60-k9.vrp,ga,1,1407.0328,2398.4883,1811.5837,261.4309,200,3629,0.9000,0.0500,10,10,0.0000,0
a-n60-k9.vrp,ga,1,1407.0328,2343.2668,1815.1467,262.9507,200,3630,0.9000,0.0500,10,10,0.0000,0
a-n60-k9.vrp,ga,1,1407.0328,2373.3633,1801.8187,257.5128,200,3631,0.9000,0.0500,10,10,0.0000,0
a-n60-k9.vrp,ga,1,1407.0328,2330.7834,1812.7960,263.1800,200,3632,0.9000,0.0500,10,10,0.0000,0
a-n60-k9.vrp,ga,1,1407.0328,2322.3201,1788.1765,266.3930,200,3633,0.9000,0.0500,10,10,0.0000,0
a-n60-k9.vrp,ga,1,1407.0328,2352.4873,1801.4055,270.0235,200,3634,0.9000,0.0500,10,10,0.0000,0
a-n60-k9.vrp,ga,1,1407.0328,2365.3572,1785.9000,273.5768,200,3635,0.9000,0.0500,10,10,0.0000,0
a-n60-k9.vrp,ga,1,1407.0328,2396.6343,1823.0984,260.8262,200,3636,0.9000,0.0500,10,10,0.0000,0
a-n60-k9.vrp,ga,1,1407.0328,2348.0679,1794.5704,273.3644,200,3637,0.9000,0.0500,10,10,0.0000,0
a-n60-k9.vrp,ga,1,1407.0328,2365.3572,1789.2638,283.6917,200,3638,0.9000,0.0500,10,10,0.0000,0
a-n60-k9.vrp,ga,1,1407.0328,2403.5186,1804.5779,273.2904,200,3639,0.9000,0.0500,10,10,0.0000,0
a-n60-k9.vrp,ga,1,1407.0328,2469.6797,1854.1295,271.1625,200,3640,0.9000,0.0500,10,10,0.0000,0
a-n60-k9.vrp,ga,1,1407.0328,2319.6426,1848.8951,251.1804,200,3641,0.9000,0.0500,10,10,0.0000,0
a-n60-k9.vrp,ga,1,1407.0328,2320.5112,1829.7438,248.2401,200,3642,0.9000,0.0500,10,10,0.0000,0
a-n60-k9.vrp,ga,1,1407.0328,2370.9912,1832.2715,273.2151,200,3643,0.9000,0.0500,10,10,0.0000,0
a-n60-k9.vrp,ga,1,1407.0328,2305.0742,1796.5688,273.7354,200,3644,0.9000,0.0500,10,10,0.0000,0
a-n60-k9.vrp,ga,1,1407.0328,2422.4126,1825.0994,253.4336,200,3645,0.9000,0.0500,10,10,0.0000,0
a-n60-k9.vrp,ga,1,1407.0328,2374.3508,1817.5248,253.2339,200,3646,0.9000,0.0500,10,10,0.0000,0
a-n60-k9.vrp,ga,1,1407.0328,2411.4307,1814.4901,270.5583,200,3647,0.9000,0.0500,10,10,0.0000,0
a-n60-k9.vrp,ga,1,1407.0328,2301.3667,1823.4803,256.0225,200,3648,0.9000,0.0500,10,10,0.0000,0
a-n60-k9.vrp,ga,1,1407.0328,2369.2656,1828.5044,274.5475,200,3649,0.9000,0.0500,10,10,0.0000,0
a-n60-k9.vrp,ga,1,1407.0328,2290.6199,1809.9211,269.7760,200,3650,0.9000,0.0500,10,10,0.0000,0
a-n60-k9.vrp,ga,1,1407.0328,2431.0649,1829.2823,270.3415,200,3651,0.9000,0.0500,10,10,0.0000,0
a-n60-k9.vrp,ga,1,1407.0328,2415.2534,1824.5544,257.5747,200,3652,0.9000,0.0500,10,10,0.0000,0
a-n60-k9.vrp,ga,1,1407.0328,2385.0391,1802.3329,256.7357,200,3653,0.9000,0.0500,10,10,0.0000,0
a-n60-k9.vrp,ga,1,1407.0328,2422.1135,1850.1611,255.5679,200,3654,0.9000,0.0500,10,10,0.0000,0
a-n60-k9.vrp,ga,1,1407.0328,2361.4495,1813.5575,282.1935,200,3655,0.9000,0.0500,10,10,0.0000,0
a-n60-k9.vrp,ga,1,1407.0328,2410.2700,1811.7539,264.7318,200,3656,0.9000,0.0500,10,10,0.0000,0
a-n60-k9.vrp,ga,1,1407.0328,2306.4861,1790.6312,265.0216,200,3657,0.9000,0.0500,10,10,0.0000,0
a-n60-k9.vrp,ga,1,1407.0328,2469.0220,1822.1195,265.0710,200,3658,0.9000,0.0500,10,10,0.0000,0
a-n60-k9.vrp,ga,1,1407.0328,2398.5447,1815.0337,264.1255,200,3659,0.9000,0.0500,10,10,0.0000,0
a-n60-k9.vrp,ga,1,1407.0328,2556.5803,1838.4166,279.9493,200,3660,0.9000,0.0500,10,10,0.0000,0
a-n60-k9.vrp,ga,1,1407.0328,2285.7725,1782.5575,264.4677,200,3661,0.9000,0.0500,10,10,0.0000,0
a-n60-k9.vrp,ga,1,1407.0328,2396.4717,1832.3219,264.7287,200,3662,0.9000,0.0500,10,10,0.0000,0
a-n60-k9.vrp,ga,1,1407.0328,2410.1072,1819.7312,270.3580,200,3663,0.9000,0.0500,10,10,0.0000,0
a-n60-k9.vrp,ga,1,1407.0328,2323.1135,1798.3416,266.4743,200,3664,0.9000,0.0500,10,10,0.0000,0
a-n60-k9.vrp,ga,1,1407.0328,2563.2202,1813.3932,268.4710,200,3665,0.9000,0.0500,10,10,0.0000,0
a-n60-k9.vrp,ga,1,1407.0328,2398.5396,1793.5662,269.0535,200,3666,0.9000,0.0500,10,10,0.0000,0
a-n60-k9.vrp,ga,1,1407.0328,2418.7512,1770.7590,280.8323,200,3667,0.9000,0.0500,10,10,0.0000,0
a-n60-k9.vrp,ga,1,1407.0328,2346.3916,1803.4741,270.7770,200,3668,0.9000,0.0500,10,10,0.0000,0
a-n60-k9.vrp,ga,1,1407.0328,2343.9868,1800.6553,267.1238,200,3669,0.9000,0.0500,10,10,0.0000,0
a-n60-k9.vrp,ga,1,1407.0328,2349.0503,1789.6910,273.0410,200,3670,0.9000,0.0500,10,10,0.0000,0
a-n60-k9.vrp,ga,1,1407.0328,2337.8333,1801.3839,277.3910,200,3671,0.9000,0.0500,10,10,0.0000,0
a-n60-k9.vrp,ga,1,1407.0328,2309.6533,1816.3158,262.1440,200,3672,0.9000,0.0500,10,10,0.0000,0
a-n60-k9.vrp,ga,1,1407.0328,2365.3572,1804.9111,268.2213,200,3673,0.9000,0.0500,10,10,0.0000,0
a-n60-k9.vrp,ga,1,1407.0328,2359.1052,1824.3187,264.3003,200,3674,0.9000,0.0500,10,10,0.0000,0
a-n60-k9.vrp,ga,1,1407.0328,2384.5098,1826.7843,259.4330,200,3675,0.9000,0.0500,10,10,0.0000,0
a-n60-k9.vrp,ga,1,1407.0328,2249.3699,1793.4945,253.1392,200,3676,0.9000,0.0500,10,10,0.0000,0
a-n60-k9.vrp,ga,1,1407.0328,2337.9358,1785.6423,279.8311,200,3677,0.9000,0.0500,10,10,0.0000,0
a-n60-k9.vrp,ga,1,1407.0328,2285.1787,1809.8474,263.5526,200,3678,0.9000,0.0500,10,10,0.0000,0
a-n60-k9.vrp,ga,1,1407.0328,2305.0796,1787.6464,278.7485,200,3679,0.9000,0.0500,10,10,0.0000,0
a-n60-k9.vrp,ga,1,1407.0328,2446.2363,1802.4960,270.4447,200,3680,0.9000,0.0500,10,10,0.0000,0
a-n60-k9.vrp,ga,1,1407.0328,2301.2861,1770.0834,267.9537,200,3681,0.9000,0.0500,10,10,0.0000,0
a-n60-k9.vrp,ga,1,1407.0328,2319.3618,1819.0875,254.3212,200,3682,0.9000,0.0500,10,10,0.0000,0
a-n60-k9.vrp,ga,1,1407.0328,2325.1782,1812.7423,262.0932,200,3683,0.9000,0.0500,10,10,0.0000,0
a-n60-k9.vrp,ga,1,1407.0328,2325.4355,1804.4375,265.9670,200,3684,0.9000,0.0500,10,10,0.0000,0
a-n60-k9.vrp,ga,1,1407.0328,2226.6799,1792.1003,255.8625,200,3685,0.9000,0.0500,10,10,0.0000,0
a-n60-k9.vrp,ga,1,1407.0328,2461.5991,1778.0360,266.1578,200,3686,0.9000,0.0500,10,10,0.0000,0
a-n60-k9.vrp,ga,1,1407.0328,2237.6748,1778.0602,265.5115,200,3687,0.9000,0.0500,10,10,0.0000,0
a-n60-k9.vrp,ga,1,1407.0328,2201.5266,1769.1033,257.7762,200,3688,0.9000,0.0500,10,10,0.0000,0
a-n60-k9.vrp,ga,1,1407.0328,2220.6445,1775.7833,275.3228,200,3689,0.9000,0.0500,10,10,0.0000,0
a-n60-k9.vrp,ga,1,1407.0328,2318.5586,1810.4197,256.5449,200,3690,0.9000,0.0500,10,10,0.0000,0
a-n60-k9.vrp,ga,1,1407.0328,2355.7690,1776.3911,254.8170,200,3691,0.9000,0.0500,10,10,0.0000,0
a-n60-k9.vrp,ga,1,1407.0328,2382.4023,1813.1313,259.2126,200,3692,0.9000,0.0500,10,10,0.0000,0
a-n60-k9.vrp,ga,1,1407.0328,2300.3628,1814.2217,260.8945,200,3693,0.9000,0.0500,10,10,0.0000,0
a-n60-k9.vrp,ga,1,1407.0328,2365.7075,1810.8950,248.5404,200,3694,0.9000,0.0500,10,10,0.0000,0
a-n60-k9.vrp,ga,1,1407.0328,2261.5537,1784.6941,261.3528,200,3695,0.9000,0.0500,10,10,0.0000,0
a-n60-k9.vrp,ga,1,1407.0328,2401.3357,1820.3674,270.7447,200,3696,0.9000,0.0500,10,10,0.0000,0
a-n60-k9.vrp,ga,1,1407.0328,2390.3577,1801.5509,263.7625,200,3697,0.9000,0.0500,10,10,0.0000,0
a-n60-k9.vrp,ga,1,1407.0328,2319.0801,1829.7596,260.0447,200,3698,0.9000,0.0500,10,10,0.0000,0
a-n60-k9.vrp,ga,1,1407.0328,2373.9160,1863.1731,238.4481,200,3699,0.9000,0.0500,10,10,0.0000,0
a-n60-k9.vrp,ga,1,1407.0328,2609.8354,1833.9675,272.4581,200,3700,0.9000,0.0500,10,10,0.0000,0
a-n60-k9.vrp,ga,1,1407.0328,2365.0044,1839.1886,258.1545,200,3701,0.9000,0.0500,10,10,0.0000,0
a-n60-k9.vrp,ga,1,1407.0328,2291.6333,1828.7443,242.5597,200,3702,0.9000,0.0500,10,10,0.0000,0
a-n60-k9.vrp,ga,1,1407.0328,2294.7390,1771.5569,257.6292,200,3703,0.9000,0.0500,10,10,0.0000,0
a-n60-k9.vrp,ga,1,1407.0328,2362.8638,1776.3680,253.0606,200,3704,0.9000,0.0500,10,10,0.0000,0
a-n60-k9.vrp,ga,1,1407.0328,2280.8232,1806.9235,257.4377,200,3705,0.9000,0.0500,10,10,0.0000,0
a-n60-k9.vrp,ga,1,1407.0328,2325.6226,1814.8870,261.4417,200,3706,0.9000,0.0500,10,10,0.0000,0
a-n60-k9.vrp,ga,1,1407.0328,2308.8259,1821.3397,262.0707,200,3707,0.9000,0.0500,10,10,0.0000,0
a-n60-k9.vrp,ga,1,1407.0328,2390.6140,1832.5392,264.0332,200,3708,0.9000,0.0500,10,10,0.0000,0
a-n60-k9.vrp,ga,1,1407.0328,2354.4231,1830.1210,272.7410,200,3709,0.9000,0.0500,10,10,0.0000,0
a-n60-k9.vrp,ga,1,1407.0328,2377.0527,1846.8616,257.9524,200,3710,0.9000,0.0500,10,10,0.0000,0
a-n60-k9.vrp,ga,1,1407.0328,2334.3176,1830.9104,253.6746,200,3711,0.9000,0.0500,10,10,0.0000,0
a-n60-k9.vrp,ga,1,1407.0328,2395.9858,1801.5575,291.2535,200,3712,0.9000,0.0500,10,10,0.0000,0
a-n60-k9.vrp,ga,1,1407.0328,2373.4072,1822.2429,264.7224,200,3713,0.9000,0.0500,10,10,0.0000,0
a-n60-k9.vrp,ga,1,1407.0328,2403.0193,1857.8730,257.8402,200,3714,0.9000,0.0500,10,10,0.0000,0
a-n60-k9.vrp,ga,1,1407.0328,2397.7593,1833.9309,271.4222,200,3715,0.9000,0.0500,10,10,0.0000,0
a-n60-k9.vrp,ga,1,1407.0328,2415.7546,1822.7249,276.7392,200,3716,0.9000,0.0500,10,10,0.0000,0
a-n60-k9.vrp,ga,1,1407.0328,2234.1643,1818.3071,256.9908,200,3717,0.9000,0.0500,10,10,0.0000,0
a-n60-k9.vrp,ga,1,1407.0328,2362.9512,1834.7986,259.3242,200,3718,0.9000,0.0500,10,10,0.0000,0
a-n60-k9.vrp,ga,1,1407.0328,2477.3079,1820.2061,277.5299,200,3719,0.9000,0.0500,10,10,0.0000,0
a-n60-k9.vrp,ga,1,1407.0328,2367.9236,1835.3574,254.1969,200,3720,0.9000,0.0500,10,10,0.0000,0
a-n60-k9.vrp,ga,1,1407.0328,2299.0039,1819.8070,265.9381,200,3721,0.9000,0.0500,10,10,0.0000,0
a-n60-k9.vrp,ga,1,1407.0328,2527.6565,1845.4377,272.1234,200,3722,0.9000,0.0500,10,10,0.0000,0
a-n60-k9.vrp,ga,1,1407.0328,2309.7717,1803.6157,254.1823,200,3723,0.9000,0.0500,10,10,0.0000,0
a-n60-k9.vrp,ga,1,1407.0328,2445.4551,1851.0471,263.3334,200,3724,0.9000,0.0500,10,10,0.0000,0
a-n60-k9.vrp,ga,1,1407.0328,2319.9702,1828.0431,270.3889,200,3725,0.9000,0.0500,10,10,0.0000,0
a-n60-k9.vrp,ga,1,1407.0328,2641.9087,1824.9745,272.7304,200,3726,0.9000,0.0500,10,10,0.0000,0
a-n60-k9.vrp,ga,1,1407.0328,2373.4023,1831.9779,280.7858,200,3727,0.9000,0.0500,10,10,0.0000,0
a-n60-k9.vrp,ga,1,1407.0328,2355.6389,1828.8494,267.9251,200,3728,0.9000,0.0500,10,10,0.0000,0
a-n60-k9.vrp,ga,1,1407.0328,2363.7871,1816.5679,281.8073,200,3729,0.9000,0.0500,10,10,0.0000,0
a-n60-k9.vrp,ga,1,1407.0328,2344.2114,1817.6912,255.4728,200,3730,0.9000,0.0500,10,10,0.0000,0
a-n60-k9.vrp,ga,1,1407.0328,2443.7708,1879.0497,268.2703,200,3731,0.9000,0.0500,10,10,0.0000,0
a-n60-k9.vrp,ga,1,1407.0328,2445.2261,1840.5219,251.3625,200,3732,0.9000,0.0500,10,10,0.0000,0
a-n60-k9.vrp,ga,1,1407.0328,2533.8716,1801.4031,286.0312,200,3733,0.9000,0.0500,10,10,0.0000,0
a-n60-k9.vrp,ga,1,1407.0328,2394.1992,1788.2589,264.8290,200,3734,0.9000,0.0500,10,10,0.0000,0
a-n60-k9.vrp,ga,1,1407.0328,2350.7336,1833.4938,260.3220,200,3735,0.9000,0.0500,10,10,0.0000,0
a-n60-k9.vrp,ga,1,1407.0328,2370.0906,1828.5801,268.8906,200,3736,0.9000,0.0500,10,10,0.0000,0
a-n60-k9.vrp,ga,1,1407.0328,2271.9250,1817.9816,264.2580,200,3737,0.9000,0.0500,10,10,0.0000,0
a-n60-k9.vrp,ga,1,1407.0328,2496.7791,1842.9857,280.8959,200,3738,0.9000,0.0500,10,10,0.0000,0
a-n60-k9.vrp,ga,1,1407.0328,2305.7759,1830.0447,263.8128,200,3739,0.9000,0.0500,10,10,0.0000,0
a-n60-k9.vrp,ga,1,1407.0328,2349.8994,1838.4105,262.2144,200,3740,0.9000,0.0500,10,10,0.0000,0
a-n60-k9.vrp,ga,1,1407.0328,2561.9829,1842.1511,285.4624,200,3741,0.9000,0.0500,10,10,0.0000,0
a-n60-k9.vrp,ga,1,1407.0328,2341.0637,1812.3092,262.2248,200,3742,0.9000,0.0500,10,10,0.0000,0
a-n60-k9.vrp,ga,1,1407.0328,2403.5652,1838.1846,271.7372,200,3743,0.9000,0.0500,10,10,0.0000,0
a-n60-k9.vrp,ga,1,1407.0328,2285.7397,1839.8462,256.9895,200,3744,0.9000,0.0500,10,10,0.0000,0
a-n60-k9.vrp,ga,1,1407.0328,2695.1467,1872.5024,270.8945,200,3745,0.9000,0.0500,10,10,0.0000,0
a-n60-k9.vrp,ga,1,1407.0328,2521.0476,1869.8242,268.6646,200,3746,0.9000,0.0500,10,10,0.0000,0
a-n60-k9.vrp,ga,1,1407.0328,2498.9626,1875.0377,260.3596,200,3747,0.9000,0.0500,10,10,0.0000,0
a-n60-k9.vrp,ga,1,1407.0328,2503.7231,1879.0106,264.6083,200,3748,0.9000,0.0500,10,10,0.0000,0
a-n60-k9.vrp,ga,1,1407.0328,2400.3687,1819.7811,258.3358,200,3749,0.9000,0.0500,10,10,0.0000,0
a-n60-k9.vrp,ga,1,1407.0328,2493.8108,1842.8994,272.9251,200,3750,0.9000,0.0500,10,10,0.0000,0
a-n60-k9.vrp,ga,1,1407.0328,2473.5840,1855.6570,265.8310,200,3751,0.9000,0.0500,10,10,0.0000,0
a-n60-k9.vrp,ga,1,1407.0328,2488.4778,1872.4246,264.4948,200,3752,0.9000,0.0500,10,10,0.0000,0
a-n60-k9.vrp,ga,1,1407.0328,2626.7183,1884.5632,282.0104,200,3753,0.9000,0.0500,10,10,0.0000,0
a-n60-k9.vrp,ga,1,1407.0328,2419.7637,1864.6722,260.6946,200,3754,0.9000,0.0500,10,10,0.0000,0
a-n60-k9.vrp,ga,1,1407.0328,2504.5100,1849.9271,276.9214,200,3755,0.9000,0.0500,10,10,0.0000,0
a-n60-k9.vrp,ga,1,1407.0328,2506.2639,1822.1577,261.8529,200,3756,0.9000,0.0500,10,10,0.0000,0
a-n60-k9.vrp,ga,1,1407.0328,2516.1716,1828.4688,288.3378,200,3757,0.9000,0.0500,10,10,0.0000,0
a-n60-k9.vrp,ga,1,1407.0328,2434.3794,1842.9303,255.9513,200,3758,0.9000,0.0500,10,10,0.0000,0
a-n60-k9.vrp,ga,1,1407.0328,2392.1130,1808.0470,284.6637,200,3759,0.9000,0.0500,10,10,0.0000,0
a-n60-k9.vrp,ga,1,1407.0328,2464.1008,1795.0771,277.5242,200,3760,0.9000,0.0500,10,10,0.0000,0
a-n60-k9.vrp,ga,1,1407.0328,2556.5032,1824.3802,282.3001,200,3761,0.9000,0.0500,10,10,0.0000,0
a-n60-k9.vrp,ga,1,1407.0328,2412.8359,1842.5704,248.8280,200,3762,0.9000,0.0500,10,10,0.0000,0
a-n60-k9.vrp,ga,1,1407.0328,2549.2942,1824.7577,262.3381,200,3763,0.9000,0.0500,10,10,0.0000,0
a-n60-k9.vrp,ga,1,1407.0328,2466.7310,1804.1631,259.2732,200,3764,0.9000,0.0500,10,10,0.0000,0
a-n60-k9.vrp,ga,1,1407.0328,2558.8936,1841.8336,276.2140,200,3765,0.9000,0.0500,10,10,0.0000,0
a-n60-k9.vrp,ga,1,1407.0328,2426.8296,1827.9366,277.0701,200,3766,0.9000,0.0500,10,10,0.0000,0
a-n60-k9.vrp,ga,1,1407.0328,2483.6016,1860.0469,285.0755,200,3767,0.9000,0.0500,10,10,0.0000,0
a-n60-k9.vrp,ga,1,1407.0328,2442.7314,1825.1323,276.7799,200,3768,0.9000,0.0500,10,10,0.0000,0
a-n60-k9.vrp,ga,1,1407.0328,2526.8862,1862.8035,280.9093,200,3769,0.9000,0.0500,10,10,0.0000,0
a-n60-k9.vrp,ga,1,1407.0328,2453.7178,1848.7726,285.3438,200,3770,0.9000,0.0500,10,10,0.0000,0
a-n60-k9.vrp,ga,1,1407.0328,2483.3213,1849.5627,291.3657,200,3771,0.9000,0.0500,10,10,0.0000,0
a-n60-k9.vrp,ga,1,1407.0328,2534.0974,1815.7830,278.3386,200,3772,0.9000,0.0500,10,10,0.0000,0
a-n60-k9.vrp,ga,1,1407.0328,2430.6980,1843.0054,271.6300,200,3773,0.9000,0.0500,10,10,0.0000,0
a-n60-k9.vrp,ga,1,1407.0328,2487.8564,1811.7104,276.5753,200,3774,0.9000,0.0500,10,10,0.0000,0
a-n60-k9.vrp,ga,1,1407.0328,2526.0317,1807.2343,271.2236,200,3775,0.9000,0.0500,10,10,0.0000,0
a-n60-k9.vrp,ga,1,1407.0328,2402.8896,1807.4680,263.3839,200,3776,0.9000,0.0500,10,10,0.0000,0
a-n60-k9.vrp,ga,1,1407.0328,2464.5337,1823.3629,283.6698,200,3777,0.9000,0.0500,10,10,0.0000,0
a-n60-k9.vrp,ga,1,1407.0328,2383.3206,1824.7620,265.4203,200,3778,0.9000,0.0500,10,10,0.0000,0
a-n60-k9.vrp,ga,1,1407.0328,2488.5754,1834.5472,284.1367,200,3779,0.9000,0.0500,10,10,0.0000,0
a-n60-k9.vrp,ga,1,1407.0328,2424.3813,1845.3612,268.4364,200,3780,0.9000,0.0500,10,10,0.0000,0
a-n60-k9.vrp,ga,1,1407.0328,2403.8640,1814.2688,254.6447,200,3781,0.9000,0.0500,10,10,0.0000,0
a-n60-k9.vrp,ga,1,1407.0327,2598.1924,1847.2462,263.0323,200,3782,0.9000,0.0500,10,10,0.0000,0
a-n60-k9.vrp,ga,1,1407.0327,2350.4851,1826.5504,260.3817,200,3783,0.9000,0.0500,10,10,0.0000,0
a-n60-k9.vrp,ga,1,1407.0327,2379.9192,1798.1207,262.9941,200,3784,0.9000,0.0500,10,10,0.0000,0
a-n60-k9.vrp,ga,1,1407.0327,2437.6804,1817.6509,283.5412,200,3785,0.9000,0.0500,10,10,0.0000,0
a-n60-k9.vrp,ga,1,1407.0327,2499.7126,1831.8405,275.4800,200,3786,0.9000,0.0500,10,10,0.0000,0
a-n60-k9.vrp,ga,1,1407.0327,2362.8411,1801.0457,264.7411,200,3787,0.9000,0.0500,10,10,0.0000,0
a-n60-k9.vrp,ga,1,1407.0327,2418.0164,1793.3583,272.6985,200,3788,0.9000,0.0500,10,10,0.0000,0
a-n60-k9.vrp,ga,1,1407.0327,2373.8005,1821.2543,249.6514,200,3789,0.9000,0.0500,10,10,0.0000,0
a-n60-k9.vrp,ga,1,1407.0327,2503.8320,1882.5330,276.3196,200,3790,0.9000,0.0500,10,10,0.0000,0
a-n60-k9.vrp,ga,1,1407.0327,2365.9023,1859.3817,261.4940,200,3791,0.9000,0.0500,10,10,0.0000,0
a-n60-k9.vrp,ga,1,1407.0327,2445.4729,1858.3389,264.4647,200,3792,0.9000,0.0500,10,10,0.0000,0
a-n60-k9.vrp,ga,1,1407.0327,2562.4751,1860.0737,269.3566,200,3793,0.9000,0.0500,10,10,0.0000,0
a-n60-k9.vrp,ga,1,1407.0327,2490.8892,1869.2006,279.5511,200,3794,0.9000,0.0500,10,10,0.0000,0
a-n60-k9.vrp,ga,1,1407.0327,2481.7725,1898.8992,278.5923,200,3795,0.9000,0.0500,10,10,0.0000,0
a-n60-k9.vrp,ga,1,1407.0327,2520.9561,1903.1124,260.8031,200,3796,0.9000,0.0500,10,10,0.0000,0
a-n60-k9.vrp,ga,1,1407.0327,2472.8821,1877.1700,280.9154,200,3797,0.9000,0.0500,10,10,0.0000,0
a-n60-k9.vrp,ga,1,1407.0327,2450.9409,1873.7664,275.2617,200,3798,0.9000,0.0500,10,10,0.0000,0
a-n60-k9.vrp,ga,1,1407.0327,2519.8672,1882.6760,289.3594,200,3799,0.9000,0.0500,10,10,0.0000,0
a-n60-k9.vrp,ga,1,1407.0327,2505.9189,1880.4156,282.6800,200,3800,0.9000,0.0500,10,10,0.0000,0
a-n60-k9.vrp,ga,1,1407.0327,2593.3418,1866.5282,292.4185,200,3801,0.9000,0.0500,10,10,0.0000,0
a-n60-k9.vrp,ga,1,1407.0327,2701.3948,1865.7686,290.0582,200,3802,0.9000,0.0500,10,10,0.0000,0
a-n60-k9.vrp,ga,1,1407.0327,2523.6003,1889.1174,280.5701,200,3803,0.9000,0.0500,10,10,0.0000,0
a-n60-k9.vrp,ga,1,1407.0327,2488.5908,1866.5216,273.0466,200,3804,0.9000,0.0500,10,10,0.0000,0
a-n60-k9.vrp,ga,1,1407.0327,2578.0950,1868.2938,295.3905,200,3805,0.9000,0.0500,10,10,0.0000,0
a-n60-k9.vrp,ga,1,1407.0327,2403.7239,1838.8596,264.2585,200,3806,0.9000,0.0500,10,10,0.0000,0
a-n60-k9.vrp,ga,1,1407.0327,2686.4868,1835.1970,261.8052,200,3807,0.9000,0.0500,10,10,0.0000,0
a-n60-k9.vrp,ga,1,1407.0327,2652.5334,1861.0979,286.1603,200,3808,0.9000,0.0500,10,10,0.0000,0
a-n60-k9.vrp,ga,1,1407.0327,2501.9414,1896.7069,282.0078,200,3809,0.9000,0.0500,10,10,0.0000,0
a-n60-k9.vrp,ga,1,1407.0327,2775.2483,1930.7079,294.6215,200,3810,0.9000,0.0500,10,10,0.0000,0
a-n60-k9.vrp,ga,1,1407.0327,2568.0908,1919.9933,287.4142,200,3811,0.9000,0.0500,10,10,0.0000,0
a-n60-k9.vrp,ga,1,1407.0327,2529.3987,1869.1670,273.0205,200,3812,0.9000,0.0500,10,10,0.0000,0
a-n60-k9.vrp,ga,1,1407.0327,2550.2957,1879.7604,286.0840,200,3813,0.9000,0.0500,10,10,0.0000,0
a-n60-k9.vrp,ga,1,1407.0327,2630.9067,1879.8170,281.4838,200,3814,0.9000,0.0500,10,10,0.0000,0
a-n60-k9.vrp,ga,1,1407.0327,2668.8882,1826.2137,297.3222,200,3815,0.9000,0.0500,10,10,0.0000,0
a-n60-k9.vrp,ga,1,1407.0327,2572.2495,1864.9698,297.8389,200,3816,0.9000,0.0500,10,10,0.0000,0
a-n60-k9.vrp,ga,1,1407.0327,2393.5090,1864.8435,265.1246,200,3817,0.9000,0.0500,10,10,0.0000,0
a-n60-k9.vrp,ga,1,1407.0327,2429.0330,1921.1697,263.8407,200,3818,0.9000,0.0500,10,10,0.0000,0
a-n60-k9.vrp,ga,1,1407.0327,2664.6890,1907.6049,273.4996,200,3819,0.9000,0.0500,10,10,0.0000,0
a-n60-k9.vrp,ga,1,1407.0327,2593.9019,1897.1674,261.1086,200,3820,0.9000,0.0500,10,10,0.0000,0
a-n60-k9.vrp,ga,1,1407.0327,2566.9402,1880.8241,271.9731,200,3821,0.9000,0.0500,10,10,0.0000,0
a-n60-k9.vrp,ga,1,1407.0327,2571.9800,1883.2129,265.4484,200,3822,0.9000,0.0500,10,10,0.0000,0
a-n60-k9.vrp,ga,1,1407.0327,2691.4880,1867.5024,278.5471,200,3823,0.9000,0.0500,10,10,0.0000,0
a-n60-k9.vrp,ga,1,1407.0327,2425.1858,1840.4757,266.7591,200,3824,0.9000,0.0500,10,10,0.0000,0
a-n60-k9.vrp,ga,1,1407.0327,2408.0862,1823.8580,278.2064,200,3825,0.9000,0.0500,10,10,0.0000,0
a-n60-k9.vrp,ga,1,1407.0327,2741.1064,1820.3502,297.2563,200,3826,0.9000,0.0500,10,10,0.0000,0
a-n60-k9.vrp,ga,1,1407.0327,2620.2834,1827.8481,292.1645,200,3827,0.9000,0.0500,10,10,0.0000,0
a-n60-k9.vrp,ga,1,1407.0327,2482.3511,1821.1929,267.0360,200,3828,0.9000,0.0500,10,10,0.0000,0
a-n60-k9.vrp,ga,1,1407.0327,2436.3574,1837.0188,266.7783,200,3829,0.9000,0.0500,10,10,0.0000,0
a-n60-k9.vrp,ga,1,1407.0327,2454.9927,1825.8644,287.7694,200,3830,0.9000,0.0500,10,10,0.0000,0
a-n60-k9.vrp,ga,1,1407.0327,2479.1785,1831.8109,260.9776,200,3831,0.9000,0.0500,10,10,0.0000,0
a-n60-k9.vrp,ga,1,1407.0327,2426.8010,1799.1611,285.3499,200,3832,0.9000,0.0500,10,10,0.0000,0
a-n60-k9.vrp,ga,1,1407.0327,2651.1265,1824.4106,265.8239,200,3833,0.9000,0.0500,10,10,0.0000,0
a-n60-k9.vrp,ga,1,1407.0327,2533.6096,1833.5491,256.5392,200,3834,0.9000,0.0500,10,10,0.0000,0
a-n60-k9.vrp,ga,1,1407.0327,2622.4763,1876.3459,266.8728,200,3835,0.9000,0.0500,10,10,0.0000,0
a-n60-k9.vrp,ga,1,1407.0327,2582.0637,1848.6229,266.9556,200,3836,0.9000,0.0500,10,10,0.0000,0
a-n60-k9.vrp,ga,1,1407.0327,2544.9500,1803.4314,281.7093,200,3837,0.9000,0.0500,10,10,0.0000,0
a-n60-k9.vrp,ga,1,1407.0327,2461.3008,1832.7736,271.8742,200,3838,0.9000,0.0500,10,10,0.0000,0
a-n60-k9.vrp,ga,1,1407.0327,2390.8447,1832.9574,267.4978,200,3839,0.9000,0.0500,10,10,0.0000,0
a-n60-k9.vrp,ga,1,1407.0327,2578.9026,1845.6940,276.1570,200,3840,0.9000,0.0500,10,10,0.0000,0
a-n60-k9.vrp,ga,1,1407.0327,2483.1030,1850.9000,280.7011,200,3841,0.9000,0.0500,10,10,0.0000,0
a-n60-k9.vrp,ga,1,1407.0327,2440.6062,1837.1158,275.8258,200,3842,0.9000,0.0500,10,10,0.0000,0
a-n60-k9.vrp,ga,1,1407.0327,2534.5396,1861.0487,272.6577,200,3843,0.9000,0.0500,10,10,0.0000,0
a-n60-k9.vrp,ga,1,1407.0327,2607.6060,1868.5991,278.0431,200,3844,0.9000,0.0500,10,10,0.0000,0
a-n60-k9.vrp,ga,1,1407.0327,2419.2791,1843.3929,275.0942,200,3845,0.9000,0.0500,10,10,0.0000,0
a-n60-k9.vrp,ga,1,1407.0327,2450.6130,1812.5200,282.9806,200,3846,0.9000,0.0500,10,10,0.0000,0
a-n60-k9.vrp,ga,1,1407.0327,2316.2568,1827.9993,269.2727,200,3847,0.9000,0.0500,10,10,0.0000,0
a-n60-k9.vrp,ga,1,1407.0327,2524.4995,1837.5664,269.8262,200,3848,0.9000,0.0500,10,10,0.0000,0
a-n60-k9.vrp,ga,1,1407.0327,2460.5022,1831.1965,258.6611,200,3849,0.9000,0.0500,10,10,0.0000,0
a-n60-k9.vrp,ga,1,1407.0327,2366.4214,1836.2362,261.8249,200,3850,0.9000,0.0500,10,10,0.0000,0
a-n60-k9.vrp,ga,1,1407.0327,2371.1719,1801.6343,273.2016,200,3851,0.9000,0.0500,10,10,0.0000,0
a-n60-k9.vrp,ga,1,1407.0327,2393.9783,1821.2979,268.3279,200,3852,0.9000,0.0500,10,10,0.0000,0
a-n60-k9.vrp,ga,1,1407.0327,2431.6326,1802.5248,271.1986,200,3853,0.9000,0.0500,10,10,0.0000,0
a-n60-k9.vrp,ga,1,1407.0327,2373.7673,1819.9821,251.8479,200,3854,0.9000,0.0500,10,10,0.0000,0
a-n60-k9.vrp,ga,1,1407.0327,2416.1826,1863.7269,248.7269,200,3855,0.9000,0.0500,10,10,0.0000,0
a-n60-k9.vrp,ga,1,1407.0327,2585.4705,1906.6947,278.6769,200,3856,0.9000,0.0500,10,10,0.0000,0
a-n60-k9.vrp,ga,1,1407.0327,2508.6384,1865.3224,282.1344,200,3857,0.9000,0.0500,10,10,0.0000,0
a-n60-k9.vrp,ga,1,1407.0327,2520.9631,1903.1128,259.9927,200,3858,0.9000,0.0500,10,10,0.0000,0
a-n60-k9.vrp,ga,1,1407.0327,2585.9324,1888.4445,276.8717,200,3859,0.9000,0.0500,10,10,0.0000,0
a-n60-k9.vrp,ga,1,1407.0327,2507.3645,1893.8143,259.0913,200,3860,0.9000,0.0500,10,10,0.0000,0
a-n60-k9.vrp,ga,1,1407.0327,2366.8706,1824.6625,260.5808,200,3861,0.9000,0.0500,10,10,0.0000,0
a-n60-k9.vrp,ga,1,1407.0327,2598.6406,1847.6511,299.5430,200,3862,0.9000,0.0500,10,10,0.0000,0
a-n60-k9.vrp,ga,1,1407.0327,2582.3152,1849.8173,295.5659,200,3863,0.9000,0.0500,10,10,0.0000,0
a-n60-k9.vrp,ga,1,1407.0327,2506.0759,1839.4288,256.0017,200,3864,0.9000,0.0500,10,10,0.0000,0
a-n60-k9.vrp,ga,1,1407.0327,2427.9211,1836.7524,271.5821,200,3865,0.9000,0.0500,10,10,0.0000,0
a-n60-k9.vrp,ga,1,1407.0327,2567.4021,1829.3674,273.0629,200,3866,0.9000,0.0500,10,10,0.0000,0
a-n60-k9.vrp,ga,1,1407.0327,2488.4453,1864.8641,274.7110,200,3867,0.9000,0.0500,10,10,0.0000,0
a-n60-k9.vrp,ga,1,1407.0327,2484.6790,1876.4252,259.1513,200,3868,0.9000,0.0500,10,10,0.0000,0
a-n60-k9.vrp,ga,1,1407.0327,2627.2744,1897.0258,271.7867,200,3869,0.9000,0.0500,10,10,0.0000,0
a-n60-k9.vrp,ga,1,1407.0327,2595.7314,1881.0900,273.2019,200,3870,0.9000,0.0500,10,10,0.0000,0
a-n60-k9.vrp,ga,1,1407.0327,2474.7493,1844.3798,258.9036,200,3871,0.9000,0.0500,10,10,0.0000,0
a-n60-k9.vrp,ga,1,1407.0327,2554.5745,1837.6815,265.2277,200,3872,0.9000,0.0500,10,10,0.0000,0
a-n60-k9.vrp,ga,1,1407.0327,2469.5569,1839.8988,258.9405,200,3873,0.9000,0.0500,10,10,0.0000,0
a-n60-k9.vrp,ga,1,1407.0327,2399.7485,1815.8815,262.1516,200,3874,0.9000,0.0500,10,10,0.0000,0
a-n60-k9.vrp,ga,1,1407.0327,2374.1360,1819.8654,264.9483,200,3875,0.9000,0.0500,10,10,0.0000,0
a-n60-k9.vrp,ga,1,1407.0327,2466.1516,1858.1774,271.6124,200,3876,0.9000,0.0500,10,10,0.0000,0
a-n60-k9.vrp,ga,1,1407.0327,2319.4629,1823.5746,257.9341,200,3877,0.9000,0.0500,10,10,0.0000,0
a-n60-k9.vrp,ga,1,1407.0327,2631.9238,1841.6056,270.4525,200,3878,0.9000,0.0500,10,10,0.0000,0
a-n60-k9.vrp,ga,1,1407.0327,2495.6729,1848.5350,277.8277,200,3879,0.9000,0.0500,10,10,0.0000,0
a-n60-k9.vrp,ga,1,1407.0327,2372.4934,1849.4766,263.8434,200,3880,0.9000,0.0500,10,10,0.0000,0
a-n60-k9.vrp,ga,1,1407.0327,2403.5774,1841.6312,258.5099,200,3881,0.9000,0.0500,10,10,0.0000,0
a-n60-k9.vrp,ga,1,1407.0327,2397.8103,1878.4233,258.9050,200,3882,0.9000,0.0500,10,10,0.0000,0
a-n60-k9.vrp,ga,1,1407.0327,2512.9902,1869.6233,259.1218,200,3883,0.9000,0.0500,10,10,0.0000,0
a-n60-k9.vrp,ga,1,1407.0327,2395.8562,1842.2812,261.9312,200,3884,0.9000,0.0500,10,10,0.0000,0
a-n60-k9.vrp,ga,1,1407.0327,2433.6829,1903.5474,271.4984,200,3885,0.9000,0.0500,10,10,0.0000,0
a-n60-k9.vrp,ga,1,1407.0327,2437.2388,1905.6967,258.3161,200,3886,0.9000,0.0500,10,10,0.0000,0
a-n60-k9.vrp,ga,1,1407.0327,2460.7832,1894.9960,268.8666,200,3887,0.9000,0.0500,10,10,0.0000,0
a-n60-k9.vrp,ga,1,1407.0327,2430.0806,1887.2106,269.9821,200,3888,0.9000,0.0500,10,10,0.0000,0
a-n60-k9.vrp,ga,1,1407.0327,2390.0278,1841.5974,269.4220,200,3889,0.9000,0.0500,10,10,0.0000,0
a-n60-k9.vrp,ga,1,1407.0327,2604.5908,1916.5856,272.0526,200,3890,0.9000,0.0500,10,10,0.0000,0
a-n60-k9.vrp,ga,1,1407.0327,2501.7937,1915.0364,277.6423,200,3891,0.9000,0.0500,10,10,0.0000,0
a-n60-k9.vrp,ga,1,1407.0327,2750.4333,1909.6841,296.6217,200,3892,0.9000,0.0500,10,10,0.0000,0
a-n60-k9.vrp,ga,1,1407.0327,2515.4849,1869.1155,280.9093,200,3893,0.9000,0.0500,10,10,0.0000,0
a-n60-k9.vrp,ga,1,1407.0327,2579.5374,1895.8964,275.4669,200,3894,0.9000,0.0500,10,10,0.0000,0
a-n60-k9.vrp,ga,1,1407.0327,2479.8013,1902.7439,285.8863,200,3895,0.9000,0.0500,10,10,0.0000,0
a-n60-k9.vrp,ga,1,1407.0327,2690.6389,1890.8773,281.3575,200,3896,0.9000,0.0500,10,10,0.0000,0
a-n60-k9.vrp,ga,1,1407.0327,2686.6907,1942.8691,299.9042,200,3897,0.9000,0.0500,10,10,0.0000,0
a-n60-k9.vrp,ga,1,1407.0327,2632.1318,1912.5542,300.7834,200,3898,0.9000,0.0500,10,10,0.0000,0
a-n60-k9.vrp,ga,1,1407.0327,2615.3433,1898.7336,279.6348,200,3899,0.9000,0.0500,10,10,0.0000,0
a-n60-k9.vrp,ga,1,1407.0327,2643.9805,1927.9286,279.2968,200,3900,0.9000,0.0500,10,10,0.0000,0
a-n60-k9.vrp,ga,1,1407.0327,2625.5115,1886.3658,290.7396,200,3901,0.9000,0.0500,10,10,0.0000,0
a-n60-k9.vrp,ga,1,1407.0327,2543.5781,1938.0928,289.9666,200,3902,0.9000,0.0500,10,10,0.0000,0
a-n60-k9.vrp,ga,1,1407.0327,2634.0095,1915.3911,271.7767,200,3903,0.9000,0.0500,10,10,0.0000,0
a-n60-k9.vrp,ga,1,1407.0327,2554.3933,1979.4879,273.3966,200,3904,0.9000,0.0500,10,10,0.0000,0
a-n60-k9.vrp,ga,1,1407.0327,2613.6338,1969.2825,296.4437,200,3905,0.9000,0.0500,10,10,0.0000,0
a-n60-k9.vrp,ga,1,1407.0327,2682.4243,1954.8395,298.6469,200,3906,0.9000,0.0500,10,10,0.0000,0
a-n60-k9.vrp,ga,1,1407.0327,2638.0374,1945.0642,297.3934,200,3907,0.9000,0.0500,10,10,0.0000,0
a-n60-k9.vrp,ga,1,1407.0327,2443.7058,1855.4762,273.4151,200,3908,0.9000,0.0500,10,10,0.0000,0
a-n60-k9.vrp,ga,1,1407.0327,2529.8142,1957.4689,291.6100,200,3909,0.9000,0.0500,10,10,0.0000,0
a-n60-k9.vrp,ga,1,1407.0327,2534.3401,1960.3218,288.3602,200,3910,0.9000,0.0500,10,10,0.0000,0
a-n60-k9.vrp,ga,1,1407.0327,2729.0063,1943.3958,296.4504,200,3911,0.9000,0.0500,10,10,0.0000,0
a-n60-k9.vrp,ga,1,1407.0327,2396.2505,1922.4231,286.5683,200,3912,0.9000,0.0500,10,10,0.0000,0
a-n60-k9.vrp,ga,1,1407.0327,2610.1838,1926.5405,276.0796,200,3913,0.9000,0.0500,10,10,0.0000,0
a-n60-k9.vrp,ga,1,1407.0327,2558.0022,1918.5072,265.6993,200,3914,0.9000,0.0500,10,10,0.0000,0
a-n60-k9.vrp,ga,1,1407.0327,2742.4729,1933.1824,286.5926,200,3915,0.9000,0.0500,10,10,0.0000,0
a-n60-k9.vrp,ga,1,1407.0327,2688.6707,1931.5544,287.1543,200,3916,0.9000,0.0500,10,10,0.0000,0
a-n60-k9.vrp,ga,1,1407.0327,2599.3584,1879.3331,270.9900,200,3917,0.9000,0.0500,10,10,0.0000,0
a-n60-k9.vrp,ga,1,1407.0327,2725.6440,1883.4915,283.3477,200,3918,0.9000,0.0500,10,10,0.0000,0
a-n60-k9.vrp,ga,1,1407.0327,2512.2900,1938.7688,281.5203,200,3919,0.9000,0.0500,10,10,0.0000,0
a-n60-k9.vrp,ga,1,1407.0327,2509.0215,1890.8463,288.1796,200,3920,0.9000,0.0500,10,10,0.0000,0
a-n60-k9.vrp,ga,1,1407.0327,2408.2798,1892.7653,271.7727,200,3921,0.9000,0.0500,10,10,0.0000,0
a-n60-k9.vrp,ga,1,1407.0327,2484.7676,1875.4810,283.3396,200,3922,0.9000,0.0500,10,10,0.0000,0
a-n60-k9.vrp,ga,1,1407.0327,2552.3921,1908.5901,282.1884,200,3923,0.9000,0.0500,10,10,0.0000,0
a-n60-k9.vrp,ga,1,1407.0327,2467.7297,1915.6447,275.6191,200,3924,0.9000,0.0500,10,10,0.0000,0
a-n60-k9.vrp,ga,1,1407.0327,2641.5303,1906.3666,274.3748,200,3925,0.9000,0.0500,10,10,0.0000,0
a-n60-k9.vrp,ga,1,1407.0327,2434.4377,1890.6432,272.6532,200,3926,0.9000,0.0500,10,10,0.0000,0
a-n60-k9.vrp,ga,1,1407.0327,2655.0640,1877.0685,286.1820,200,3927,0.9000,0.0500,10,10,0.0000,0
a-n60-k9.vrp,ga,1,1407.0327,2592.8655,1873.2820,270.7101,200,3928,0.9000,0.0500,10,10,0.0000,0
a-n60-k9.vrp,ga,1,1407.0327,2424.4329,1824.7522,283.1256,200,3929,0.9000,0.0500,10,10,0.0000,0
a-n60-k9.vrp,ga,1,1407.0327,2405.7251,1802.9882,278.3106,200,3930,0.9000,0.0500,10,10,0.0000,0
a-n60-k9.vrp,ga,1,1407.0327,2661.8853,1826.0120,287.2983,200,3931,0.9000,0.0500,10,10,0.0000,0
a-n60-k9.vrp,ga,1,1407.0327,2796.8967,1864.7897,284.1826,200,3932,0.9000,0.0500,10,10,0.0000,0
a-n60-k9.vrp,ga,1,1407.0327,2522.5015,1836.0553,273.2957,200,3933,0.9000,0.0500,10,10,0.0000,0
a-n60-k9.vrp,ga,1,1407.0327,2662.9856,1858.7318,274.8002,200,3934,0.9000,0.0500,10,10,0.0000,0
a-n60-k9.vrp,ga,1,1407.0327,2692.6541,1917.0684,298.5436,200,3935,0.9000,0.0500,10,10,0.0000,0
a-n60-k9.vrp,ga,1,1407.0327,2646.1360,1902.2350,297.0244,200,3936,0.9000,0.0500,10,10,0.0000,0
a-n60-k9.vrp,ga,1,1407.0327,2795.8848,1906.2178,298.6805,200,3937,0.9000,0.0500,10,10,0.0000,0
a-n60-k9.vrp,ga,1,1407.0327,2501.3816,1861.6139,267.7160,200,3938,0.9000,0.0500,10,10,0.0000,0
a-n60-k9.vrp,ga,1,1407.0327,2595.1934,1895.5157,273.8312,200,3939,0.9000,0.0500,10,10,0.0000,0
a-n60-k9.vrp,ga,1,1407.0327,2536.2969,1856.3857,291.6548,200,3940,0.9000,0.0500,10,10,0.0000,0
a-n60-k9.vrp,ga,1,1407.0327,2417.3811,1820.9862,272.9428,200,3941,0.9000,0.0500,10,10,0.0000,0
a-n60-k9.vrp,ga,1,1407.0327,2651.9270,1841.1284,288.2513,200,3942,0.9000,0.0500,10,10,0.0000,0
a-n60-k9.vrp,ga,1,1407.0327,2578.7239,1809.7549,289.8338,200,3943,0.9000,0.0500,10,10,0.0000,0
a-n60-k9.vrp,ga,1,1407.0327,2753.6274,1906.2766,297.9365,200,3944,0.9000,0.0500,10,10,0.0000,0
a-n60-k9.vrp,ga,1,1407.0327,2661.2781,1939.4570,288.8304,200,3945,0.9000,0.0500,10,10,0.0000,0
a-n60-k9.vrp,ga,1,1407.0327,2811.4565,1923.2094,310.2715,200,3946,0.9000,0.0500,10,10,0.0000,0
a-n60-k9.vrp,ga,1,1407.0327,2496.7402,1924.2098,276.8784,200,3947,0.9000,0.0500,10,10,0.0000,0
a-n60-k9.vrp,ga,1,1407.0327,2556.0417,1916.5287,300.5147,200,3948,0.9000,0.0500,10,10,0.0000,0
a-n60-k9.vrp,ga,1,1407.0327,2817.8997,1907.6074,285.9097,200,3949,0.9000,0.0500,10,10,0.0000,0
a-n60-k9.vrp,ga,1,1407.0327,2750.9607,1962.6569,294.9408,200,3950,0.9000,0.0500,10,10,0.0000,0
a-n60-k9.vrp,ga,1,1407.0327,2609.7512,1907.3557,291.5523,200,3951,0.9000,0.0500,10,10,0.0000,0
a-n60-k9.vrp,ga,1,1407.0327,2677.7666,1898.3225,308.9947,200,3952,0.9000,0.0500,10,10,0.0000,0
a-n60-k9.vrp,ga,1,1407.0327,2551.3381,1885.4475,283.8628,200,3953,0.9000,0.0500,10,10,0.0000,0
a-n60-k9.vrp,ga,1,1407.0327,2728.0889,1895.7960,311.3988,200,3954,0.9000,0.0500,10,10,0.0000,0
a-n60-k9.vrp,ga,1,1407.0327,2718.4199,1908.1235,294.0842,200,3955,0.9000,0.0500,10,10,0.0000,0
a-n60-k9.vrp,ga,1,1407.0327,2581.6169,1914.3732,303.3683,200,3956,0.9000,0.0500,10,10,0.0000,0
a-n60-k9.vrp,ga,1,1407.0327,2587.6719,1872.5529,308.9374,200,3957,0.9000,0.0500,10,10,0.0000,0
a-n60-k9.vrp,ga,1,1407.0327,2742.1782,1877.6620,286.9899,200,3958,0.9000,0.0500,10,10,0.0000,0
a-n60-k9.vrp,ga,1,1407.0327,2626.5239,1908.5800,287.0587,200,3959,0.9000,0.0500,10,10,0.0000,0
a-n60-k9.vrp,ga,1,1407.0327,2708.7537,1933.3004,294.7181,200,3960,0.9000,0.0500,10,10,0.0000,0
a-n60-k9.vrp,ga,1,1407.0327,2716.6013,1937.6296,310.4365,200,3961,0.9000,0.0500,10,10,0.0000,0
a-n60-k9.vrp,ga,1,1407.0327,2738.1804,1928.6970,278.4552,200,3962,0.9000,0.0500,10,10,0.0000,0
a-n60-k9.vrp,ga,1,1407.0327,2616.3193,1910.6600,301.1265,200,3963,0.9000,0.0500,10,10,0.0000,0
a-n60-k9.vrp,ga,1,1407.0327,2572.4199,1850.7235,276.9750,200,3964,0.9000,0.0500,10,10,0.0000,0
a-n60-k9.vrp,ga,1,1407.0327,2765.8972,1932.1140,300.4002,200,3965,0.9000,0.0500,10,10,0.0000,0
a-n60-k9.vrp,ga,1,1407.0327,2690.7246,1930.4683,290.3153,200,3966,0.9000,0.0500,10,10,0.0000,0
a-n60-k9.vrp,ga,1,1407.0327,2687.0300,1907.2965,274.4602,200,3967,0.9000,0.0500,10,10,0.0000,0
a-n60-k9.vrp,ga,1,1407.0327,2567.4099,1935.9860,277.6543,200,3968,0.9000,0.0500,10,10,0.0000,0
a-n60-k9.vrp,ga,1,1407.0327,2570.6699,1866.7943,292.0414,200,3969,0.9000,0.0500,10,10,0.0000,0
a-n60-k9.vrp,ga,1,1407.0327,2559.7908,1891.9318,288.7868,200,3970,0.9000,0.0500,10,10,0.0000,0
a-n60-k9.vrp,ga,1,1407.0327,2677.7556,1905.0714,294.3809,200,3971,0.9000,0.0500,10,10,0.0000,0
a-n60-k9.vrp,ga,1,1407.0327,2844.1011,1852.8727,304.7253,200,3972,0.9000,0.0500,10,10,0.0000,0
a-n60-k9.vrp,ga,1,1407.0327,2838.6975,1876.7443,312.4112,200,3973,0.9000,0.0500,10,10,0.0000,0
a-n60-k9.vrp,ga,1,1407.0327,2548.5220,1885.2207,277.0556,200,3974,0.9000,0.0500,10,10,0.0000,0
a-n60-k9.vrp,ga,1,1407.0327,2524.6855,1874.6095,281.2540,200,3975,0.9000,0.0500,10,10,0.0000,0
a-n60-k9.vrp,ga,1,1407.0327,2632.1758,1879.0651,289.2585,200,3976,0.9000,0.0500,10,10,0.0000,0
a-n60-k9.vrp,ga,1,1407.0327,2638.8262,1864.7482,284.3658,200,3977,0.9000,0.0500,10,10,0.0000,0
a-n60-k9.vrp,ga,1,1407.0327,2559.4785,1865.1558,273.0169,200,3978,0.9000,0.0500,10,10,0.0000,0
a-n60-k9.vrp,ga,1,1407.0327,2796.7927,1897.1708,303.0706,200,3979,0.9000,0.0500,10,10,0.0000,0
a-n60-k9.vrp,ga,1,1407.0327,2673.1699,1873.8505,293.8161,200,3980,0.9000,0.0500,10,10,0.0000,0
a-n60-k9.vrp,ga,1,1407.0327,2651.2673,1868.6381,285.7691,200,3981,0.9000,0.0500,10,10,0.0000,0
a-n60-k9.vrp,ga,1,1407.0327,2700.0920,1909.2076,283.1709,200,3982,0.9000,0.0500,10,10,0.0000,0
a-n60-k9.vrp,ga,1,1407.0327,2712.5481,1968.4543,290.8181,200,3983,0.9000,0.0500,10,10,0.0000,0
a-n60-k9.vrp,ga,1,1407.0327,2611.7756,1923.5859,283.9327,200,3984,0.9000,0.0500,10,10,0.0000,0
a-n60-k9.vrp,ga,1,1407.0327,2518.1638,1915.6986,284.6724,200,3985,0.9000,0.0500,10,10,0.0000,0
a-n60-k9.vrp,ga,1,1407.0327,2634.6157,1874.8387,293.2263,200,3986,0.9000,0.0500,10,10,0.0000,0
a-n60-k9.vrp,ga,1,1407.0327,2702.5647,1877.4844,305.4908,200,3987,0.9000,0.0500,10,10,0.0000,0
a-n60-k9.vrp,ga,1,1407.0327,2479.6150,1883.3422,278.4443,200,3988,0.9000,0.0500,10,10,0.0000,0
a-n60-k9.vrp,ga,1,1407.0327,2596.1255,1880.8485,311.0370,200,3989,0.9000,0.0500,10,10,0.0000,0
a-n60-k9.vrp,ga,1,1407.0327,2621.4023,1848.0767,296.4656,200,3990,0.9000,0.0500,10,10,0.0000,0
a-n60-k9.vrp,ga,1,1407.0327,2599.5500,1843.1794,304.7786,200,3991,0.9000,0.0500,10,10,0.0000,0
a-n60-k9.vrp,ga,1,1407.0327,2654.4304,1863.8191,281.8035,200,3992,0.9000,0.0500,10,10,0.0000,0
a-n60-k9.vrp,ga,1,1407.0327,2583.8125,1860.1357,294.7852,200,3993,0.9000,0.0500,10,10,0.0000,0
a-n60-k9.vrp,ga,1,1407.0327,2631.3577,1853.7804,288.6172,200,3994,0.9000,0.0500,10,10,0.0000,0
a-n60-k9.vrp,ga,1,1407.0327,2632.0195,1896.9658,296.5992,200,3995,0.9000,0.0500,10,10,0.0000,0
a-n60-k9.vrp,ga,1,1407.0327,2697.6851,1857.5049,298.4752,200,3996,0.9000,0.0500,10,10,0.0000,0
a-n60-k9.vrp,ga,1,1407.0327,2715.9563,1862.6735,294.0302,200,3997,0.9000,0.0500,10,10,0.0000,0
a-n60-k9.vrp,ga,1,1407.0327,2524.6855,1839.4763,275.6604,200,3998,0.9000,0.0500,10,10,0.0000,0
a-n60-k9.vrp,ga,1,1407.0327,2817.8513,1883.2595,285.2771,200,3999,0.9000,0.0500,10,10,0.0000,0
a-n60-k9.vrp,ga,1,1407.0327,2496.3574,1854.6471,276.0101,200,4000,0.9000,0.0500,10,10,0.0000,0
a-n60-k9.vrp,ga,1,1407.0327,2810.3499,1853.1206,282.3120,200,4001,0.9000,0.0500,10,10,0.0000,0
a-n60-k9.vrp,ga,1,1407.0327,2524.6855,1862.8523,280.0665,200,4002,0.9000,0.0500,10,10,0.0000,0
a-n60-k9.vrp,ga,1,1407.0327,2785.1738,1893.1426,309.6105,200,4003,0.9000,0.0500,10,10,0.0000,0
a-n60-k9.vrp,ga,1,1407.0327,2635.3975,1909.1073,275.3242,200,4004,0.9000,0.0500,10,10,0.0000,0
a-n60-k9.vrp,ga,1,1407.0327,2790.0386,1894.7489,280.2324,200,4005,0.9000,0.0500,10,10,0.0000,0
a-n60-k9.vrp,ga,1,1407.0327,2691.8816,1911.3256,277.4500,200,4006,0.9000,0.0500,10,10,0.0000,0
a-n60-k9.vrp,ga,1,1407.0327,2688.6409,1890.0887,282.7211,200,4007,0.9000,0.0500,10,10,0.0000,0
a-n60-k9.vrp,ga,1,1407.0327,2684.5588,1893.0723,299.4031,200,4008,0.9000,0.0500,10,10,0.0000,0
a-n60-k9.vrp,ga,1,1407.0327,2592.9683,1860.6208,268.9148,200,4009,0.9000,0.0500,10,10,0.0000,0
a-n60-k9.vrp,ga,1,1407.0327,2662.9546,1957.6389,276.8926,200,4010,0.9000,0.0500,10,10,0.0000,0
a-n60-k9.vrp,ga,1,1407.0327,2672.6550,1911.5126,291.8145,200,4011,0.9000,0.0500,10,10,0.0000,0
a-n60-k9.vrp,ga,1,1407.0327,2692.8870,1839.6647,285.9426,200,4012,0.9000,0.0500,10,10,0.0000,0
a-n60-k9.vrp,ga,1,1407.0327,2605.0857,1854.9232,288.1830,200,4013,0.9000,0.0500,10,10,0.0000,0
a-n60-k9.vrp,ga,1,1407.0327,2925.4011,1939.9010,284.4279,200,4014,0.9000,0.0500,10,10,0.0000,0
a-n60-k9.vrp,ga,1,1407.0327,2662.8728,1928.9600,284.4464,200,4015,0.9000,0.0500,10,10,0.0000,0
a-n60-k9.vrp,ga,1,1407.0327,2651.3154,1901.7625,260.2800,200,4016,0.9000,0.0500,10,10,0.0000,0
a-n60-k9.vrp,ga,1,1407.0327,2700.8599,1927.2653,316.2762,200,4017,0.9000,0.0500,10,10,0.0000,0
a-n60-k9.vrp,ga,1,1407.0327,2537.8254,1924.4431,277.4851,200,4018,0.9000,0.0500,10,10,0.0000,0
a-n60-k9.vrp,ga,1,1407.0327,2674.9692,1877.3490,289.3426,200,4019,0.9000,0.0500,10,10,0.0000,0
a-n60-k9.vrp,ga,1,1407.0327,2684.8289,1911.3627,292.7859,200,4020,0.9000,0.0500,10,10,0.0000,0
a-n60-k9.vrp,ga,1,1407.0327,2770.2156,1912.4075,296.1310,200,4021,0.9000,0.0500,10,10,0.0000,0
a-n60-k9.vrp,ga,1,1407.0327,2565.1648,1930.0194,275.6260,200,4022,0.9000,0.0500,10,10,0.0000,0
a-n60-k9.vrp,ga,1,1407.0327,2665.3315,1890.2831,300.7722,200,4023,0.9000,0.0500,10,10,0.0000,0
a-n60-k9.vrp,ga,1,1407.0327,2498.6797,1855.8694,280.5854,200,4024,0.9000,0.0500,10,10,0.0000,0
a-n60-k9.vrp,ga,1,1407.0327,2604.0942,1907.3768,302.4005,200,4025,0.9000,0.0500,10,10,0.0000,0
a-n60-k9.vrp,ga,1,1407.0327,2649.2285,1867.8291,290.1812,200,4026,0.9000,0.0500,10,10,0.0000,0
a-n60-k9.vrp,ga,1,1407.0327,2556.8721,1857.9454,286.5793,200,4027,0.9000,0.0500,10,10,0.0000,0
a-n60-k9.vrp,ga,1,1407.0327,2688.7773,1889.5037,291.6927,200,4028,0.9000,0.0500,10,10,0.0000,0
a-n60-k9.vrp,ga,1,1407.0327,2555.0942,1861.2167,266.8648,200,4029,0.9000,0.0500,10,10,0.0000,0
a-n60-k9.vrp,ga,1,1407.0327,2728.2390,1925.5247,282.5137,200,4030,0.9000,0.0500,10,10,0.0000,0
a-n60-k9.vrp,ga,1,1407.0327,2632.6111,1912.9360,277.1393,200,4031,0.9000,0.0500,10,10,0.0000,0
a-n60-k9.vrp,ga,1,1407.0327,2654.6780,1853.3135,287.0737,200,4032,0.9000,0.0500,10,10,0.0000,0
a-n60-k9.vrp,ga,1,1407.0327,2541.7827,1871.3606,269.0501,200,4033,0.9000,0.0500,10,10,0.0000,0
a-n60-k9.vrp,ga,1,1407.0327,2859.7791,1881.5392,294.9765,200,4034,0.9000,0.0500,10,10,0.0000,0
a-n60-k9.vrp,ga,1,1407.0327,2660.6252,1873.3029,289.2555,200,4035,0.9000,0.0500,10,10,0.0000,0
a-n60-k9.vrp,ga,1,1407.0327,2581.4226,1848.6165,276.4690,200,4036,0.9000,0.0500,10,10,0.0000,0
a-n60-k9.vrp,ga,1,1407.0327,2639.6101,1837.7502,300.8661,200,4037,0.9000,0.0500,10,10,0.0000,0
a-n60-k9.vrp,ga,1,1407.0327,2886.8923,1821.6997,295.1592,200,4038,0.9000,0.0500,10,10,0.0000,0
a-n60-k9.vrp,ga,1,1407.0327,2742.3372,1873.2917,308.2229,200,4039,0.9000,0.0500,10,10,0.0000,0
a-n60-k9.vrp,ga,1,1407.0327,2581.4226,1918.3711,304.6093,200,4040,0.9000,0.0500,10,10,0.0000,0
a-n60-k9.vrp,ga,1,1407.0327,2741.0527,1896.8925,303.4941,200,4041,0.9000,0.0500,10,10,0.0000,0
a-n60-k9.vrp,ga,1,1407.0327,2581.4226,1856.2897,296.0158,200,4042,0.9000,0.0500,10,10,0.0000,0
a-n60-k9.vrp,ga,1,1407.0327,2718.7754,1819.3604,291.4962,200,4043,0.9000,0.0500,10,10,0.0000,0
a-n60-k9.vrp,ga,1,1407.0327,2688.6687,1806.5349,265.8341,200,4044,0.9000,0.0500,10,10,0.0000,0
a-n60-k9.vrp,ga,1,1407.0327,2612.2710,1845.7747,279.9284,200,4045,0.9000,0.0500,10,10,0.0000,0
a-n60-k9.vrp,ga,1,1407.0327,2692.5059,1855.2247,269.7332,200,4046,0.9000,0.0500,10,10,0.0000,0
a-n60-k9.vrp,ga,1,1407.0327,2477.9875,1858.0873,264.3241,200,4047,0.9000,0.0500,10,10,0.0000,0
a-n60-k9.vrp,ga,1,1407.0327,2737.0793,1848.0768,288.2565,200,4048,0.9000,0.0500,10,10,0.0000,0
a-n60-k9.vrp,ga,1,1407.0327,2760.2825,1882.4906,315.8652,200,4049,0.9000,0.0500,10,10,0.0000,0
a-n60-k9.vrp,ga,1,1407.0327,2656.2339,1853.5010,278.2719,200,4050,0.9000,0.0500,10,10,0.0000,0
a-n60-k9.vrp,ga,1,1407.0327,2699.9031,1871.5333,301.3887,200,4051,0.9000,0.0500,10,10,0.0000,0
a-n60-k9.vrp,ga,1,1407.0327,2621.9253,1827.9658,296.9208,200,4052,0.9000,0.0500,10,10,0.0000,0
a-n60-k9.vrp,ga,1,1407.0327,2701.3511,1823.5613,275.2318,200,4053,0.9000,0.0500,10,10,0.0000,0
a-n60-k9.vrp,ga,1,1407.0327,2650.2288,1853.2200,283.6707,200,4054,0.9000,0.0500,10,10,0.0000,0
a-n60-k9.vrp,ga,1,1407.0327,2904.1343,1865.8792,297.8988,200,4055,0.9000,0.0500,10,10,0.0000,0
a-n60-k9.vrp,ga,1,1407.0327,2670.4248,1849.4169,270.1147,200,4056,0.9000,0.0500,10,10,0.0000,0
a-n60-k9.vrp,ga,1,1407.0327,2806.3950,1856.0950,300.3695,200,4057,0.9000,0.0500,10,10,0.0000,0
a-n60-k9.vrp,ga,1,1407.0327,2859.3701,1844.6628,284.2397,200,4058,0.9000,0.0500,10,10,0.0000,0
a-n60-k9.vrp,ga,1,1407.0327,2525.3135,1833.4058,274.5207,200,4059,0.9000,0.0500,10,10,0.0000,0
a-n60-k9.vrp,ga,1,1407.0327,2401.7766,1820.5341,255.9515,200,4060,0.9000,0.0500,10,10,0.0000,0
a-n60-k9.vrp,ga,1,1407.0327,2402.4976,1799.1326,248.5860,200,4061,0.9000,0.0500,10,10,0.0000,0
a-n60-k9.vrp,ga,1,1407.0327,2680.1621,1840.9722,279.7746,200,4062,0.9000,0.0500,10,10,0.0000,0
a-n60-k9.vrp,ga,1,1407.0327,2466.6255,1802.7495,260.3333,200,4063,0.9000,0.0500,10,10,0.0000,0
a-n60-k9.vrp,ga,1,1407.0327,2540.5007,1832.6357,252.9729,200,4064,0.9000,0.0500,10,10,0.0000,0
a-n60-k9.vrp,ga,1,1407.0327,2435.6504,1856.1853,257.6544,200,4065,0.9000,0.0500,10,10,0.0000,0
a-n60-k9.vrp,ga,1,1407.0327,2383.9390,1834.0214,248.5339,200,4066,0.9000,0.0500,10,10,0.0000,0
a-n60-k9.vrp,ga,1,1407.0327,2476.0334,1851.0614,263.4218,200,4067,0.9000,0.0500,10,10,0.0000,0
a-n60-k9.vrp,ga,1,1407.0327,2378.7498,1807.2844,261.0117,200,4068,0.9000,0.0500,10,10,0.0000,0
a-n60-k9.vrp,ga,1,1407.0327,2400.6875,1809.2404,251.3844,200,4069,0.9000,0.0500,10,10,0.0000,0
a-n60-k9.vrp,ga,1,1407.0327,2618.9392,1811.2522,257.5413,200,4070,0.9000,0.0500,10,10,0.0000,0
a-n60-k9.vrp,ga,1,1407.0327,2632.7490,1829.2787,262.8642,200,4071,0.9000,0.0500,10,10,0.0000,0
a-n60-k9.vrp,ga,1,1407.0327,2583.6553,1827.9521,263.2185,200,4072,0.9000,0.0500,10,10,0.0000,0
a-n60-k9.vrp,ga,1,1407.0327,2656.1055,1827.9622,262.5017,200,4073,0.9000,0.0500,10,10,0.0000,0
a-n60-k9.vrp,ga,1,1407.0327,2567.0850,1862.4067,257.0617,200,4074,0.9000,0.0500,10,10,0.0000,0
a-n60-k9.vrp,ga,1,1407.0327,2585.2576,1808.4242,255.9359,200,4075,0.9000,0.0500,10,10,0.0000,0
a-n60-k9.vrp,ga,1,1407.0327,2637.2883,1834.7191,262.4790,200,4076,0.9000,0.0500,10,10,0.0000,0
a-n60-k9.vrp,ga,1,1407.0327,2507.2903,1788.8679,269.9896,200,4077,0.9000,0.0500,10,10,0.0000,0
a-n60-k9.vrp,ga,1,1407.0327,2289.3933,1804.9039,254.4662,200,4078,0.9000,0.0500,10,10,0.0000,0
a-n60-k9.vrp,ga,1,1407.0327,2378.7434,1867.9457,247.5503,200,4079,0.9000,0.0500,10,10,0.0000,0
a-n60-k9.vrp,ga,1,1407.0327,2358.6340,1815.8104,244.7799,200,4080,0.9000,0.0500,10,10,0.0000,0
a-n60-k9.vrp,ga,1,1407.0327,2311.0420,1797.0238,251.8587,200,4081,0.9000,0.0500,10,10,0.0000,0
a-n60-k9.vrp,ga,1,1407.0327,2516.4836,1829.4897,258.4267,200,4082,0.9000,0.0500,10,10,0.0000,0
a-n60-k9.vrp,ga,1,1407.0327,2316.0974,1804.2362,252.0501,200,4083,0.9000,0.0500,10,10,0.0000,0
a-n60-k9.vrp,ga,1,1407.0327,2481.7444,1819.2789,231.2918,200,4084,0.9000,0.0500,10,10,0.0000,0
a-n60-k9.vrp,ga,1,1407.0327,2319.5747,1808.5509,253.1116,200,4085,0.9000,0.0500,10,10,0.0000,0
a-n60-k9.vrp,ga,1,1407.0327,2315.8621,1795.3412,238.7800,200,4086,0.9000,0.0500,10,10,0.0000,0
a-n60-k9.vrp,ga,1,1407.0327,2312.7388,1762.0736,250.9948,200,4087,0.9000,0.0500,10,10,0.0000,0
a-n60-k9.vrp,ga,1,1407.0327,2293.6560,1776.4978,255.9668,200,4088,0.9000,0.0500,10,10,0.0000,0
a-n60-k9.vrp,ga,1,1407.0327,2388.3572,1745.7638,244.3369,200,4089,0.9000,0.0500,10,10,0.0000,0
a-n60-k9.vrp,ga,1,1407.0327,2207.8931,1783.9158,232.9647,200,4090,0.9000,0.0500,10,10,0.0000,0
a-n60-k9.vrp,ga,1,1407.0327,2361.5720,1789.5386,244.3780,200,4091,0.9000,0.0500,10,10,0.0000,0
a-n60-k9.vrp,ga,1,1407.0327,2374.2598,1790.1603,242.0677,200,4092,0.9000,0.0500,10,10,0.0000,0
a-n60-k9.vrp,ga,1,1407.0327,2352.5117,1797.9840,250.9598,200,4093,0.9000,0.0500,10,10,0.0000,0
a-n60-k9.vrp,ga,1,1407.0327,2382.2290,1805.8779,247.8120,200,4094,0.9000,0.0500,10,10,0.0000,0
a-n60-k9.vrp,ga,1,1407.0327,2272.1189,1802.1250,241.9454,200,4095,0.9000,0.0500,10,10,0.0000,0
a-n60-k9.vrp,ga,1,1407.0327,2422.8457,1819.0063,258.6241,200,4096,0.9000,0.0500,10,10,0.0000,0
a-n60-k9.vrp,ga,1,1407.0327,2448.2634,1778.3931,260.0817,200,4097,0.9000,0.0500,10,10,0.0000,0
a-n60-k9.vrp,ga,1,1407.0327,2483.9424,1790.7468,245.7561,200,4098,0.9000,0.0500,10,10,0.0000,0
a-n60-k9.vrp,ga,1,1407.0327,2321.7385,1829.0996,251.5027,200,4099,0.9000,0.0500,10,10,0.0000,0
a-n60-k9.vrp,ga,1,1407.0327,2376.5950,1800.1512,239.7282,200,4100,0.9000,0.0500,10,10,0.0000,0
a-n60-k9.vrp,ga,1,1407.0327,2403.5818,1821.0801,247.6134,200,4101,0.9000,0.0500,10,10,0.0000,0
a-n60-k9.vrp,ga,1,1407.0327,2497.6404,1810.6155,249.6809,200,4102,0.9000,0.0500,10,10,0.0000,0
a-n60-k9.vrp,ga,1,1407.0327,2411.3511,1806.0996,257.1898,200,4103,0.9000,0.0500,10,10,0.0000,0
a-n60-k9.vrp,ga,1,1407.0327,2394.1060,1819.4585,250.5790,200,4104,0.9000,0.0500,10,10,0.0000,0
a-n60-k9.vrp,ga,1,1407.0327,2266.0742,1786.7971,239.9527,200,4105,0.9000,0.0500,10,10,0.0000,0
a-n60-k9.vrp,ga,1,1407.0327,2504.4390,1789.2999,266.4186,200,4106,0.9000,0.0500,10,10,0.0000,0
a-n60-k9.vrp,ga,1,1407.0327,2309.0295,1806.9200,246.8482,200,4107,0.9000,0.0500,10,10,0.0000,0
a-n60-k9.vrp,ga,1,1407.0327,2365.9197,1793.5109,252.7119,200,4108,0.9000,0.0500,10,10,0.0000,0
a-n60-k9.vrp,ga,1,1407.0327,2445.6675,1784.3815,268.4881,200,4109,0.9000,0.0500,10,10,0.0000,0
a-n60-k9.vrp,ga,1,1407.0327,2475.7048,1795.1825,272.9885,200,4110,0.9000,0.0500,10,10,0.0000,0
a-n60-k9.vrp,ga,1,1407.0327,2346.4250,1829.9213,263.3677,200,4111,0.9000,0.0500,10,10,0.0000,0
a-n60-k9.vrp,ga,1,1407.0327,2291.6462,1796.1429,252.6189,200,4112,0.9000,0.0500,10,10,0.0000,0
a-n60-k9.vrp,ga,1,1407.0327,2358.2664,1811.9670,259.8517,200,4113,0.9000,0.0500,10,10,0.0000,0
a-n60-k9.vrp,ga,1,1407.0327,2373.5627,1824.3070,249.8268,200,4114,0.9000,0.0500,10,10,0.0000,0
a-n60-k9.vrp,ga,1,1407.0327,2438.4248,1857.4252,248.0382,200,4115,0.9000,0.0500,10,10,0.0000,0
a-n60-k9.vrp,ga,1,1407.0327,2336.2913,1824.0505,261.9743,200,4116,0.9000,0.0500,10,10,0.0000,0
a-n60-k9.vrp,ga,1,1407.0327,2642.8794,1791.1179,260.8380,200,4117,0.9000,0.0500,10,10,0.0000,0
a-n60-k9.vrp,ga,1,1407.0327,2394.4607,1789.9769,256.4889,200,4118,0.9000,0.0500,10,10,0.0000,0
a-n60-k9.vrp,ga,1,1407.0327,2404.0225,1828.7183,249.2776,200,4119,0.9000,0.0500,10,10,0.0000,0
a-n60-k9.vrp,ga,1,1407.0327,2496.7156,1803.6183,245.1562,200,4120,0.9000,0.0500,10,10,0.0000,0
a-n60-k9.vrp,ga,1,1407.0327,2325.8789,1800.9642,242.7158,200,4121,0.9000,0.0500,10,10,0.0000,0
a-n60-k9.vrp,ga,1,1407.0327,2543.8467,1842.0540,281.8549,200,4122,0.9000,0.0500,10,10,0.0000,0
a-n60-k9.vrp,ga,1,1407.0327,2420.1450,1819.2865,274.2293,200,4123,0.9000,0.0500,10,10,0.0000,0
a-n60-k9.vrp,ga,1,1407.0327,2555.4944,1800.6028,254.7982,200,4124,0.9000,0.0500,10,10,0.0000,0
a-n60-k9.vrp,ga,1,1407.0327,2595.9958,1819.5731,262.4593,200,4125,0.9000,0.0500,10,10,0.0000,0
a-n60-k9.vrp,ga,1,1407.0327,2462.8728,1827.5450,274.9858,200,4126,0.9000,0.0500,10,10,0.0000,0
a-n60-k9.vrp,ga,1,1407.0327,2393.7620,1819.4176,261.9421,200,4127,0.9000,0.0500,10,10,0.0000,0
a-n60-k9.vrp,ga,1,1407.0327,2555.1814,1811.8003,264.8490,200,4128,0.9000,0.0500,10,10,0.0000,0
a-n60-k9.vrp,ga,1,1407.0327,2467.8970,1822.9081,246.0102,200,4129,0.9000,0.0500,10,10,0.0000,0
a-n60-k9.vrp,ga,1,1407.0327,2377.1821,1822.4193,261.6928,200,4130,0.9000,0.0500,10,10,0.0000,0
a-n60-k9.vrp,ga,1,1407.0327,2335.3435,1826.0518,253.4441,200,4131,0.9000,0.0500,10,10,0.0000,0
a-n60-k9.vrp,ga,1,1407.0327,2522.0776,1822.9349,265.4746,200,4132,0.9000,0.0500,10,10,0.0000,0
a-n60-k9.vrp,ga,1,1407.0327,2489.3982,1819.0388,252.6879,200,4133,0.9000,0.0500,10,10,0.0000,0
a-n60-k9.vrp,ga,1,1407.0327,2471.4194,1818.2692,271.8837,200,4134,0.9000,0.0500,10,10,0.0000,0
a-n60-k9.vrp,ga,1,1407.0327,2412.6133,1836.5220,262.0312,200,4135,0.9000,0.0500,10,10,0.0000,0
a-n60-k9.vrp,ga,1,1407.0327,2504.1292,1850.2847,268.3731,200,4136,0.9000,0.0500,10,10,0.0000,0
a-n60-k9.vrp,ga,1,1407.0327,2646.2573,1818.1437,272.4397,200,4137,0.9000,0.0500,10,10,0.0000,0
a-n60-k9.vrp,ga,1,1407.0327,2477.5640,1826.2629,270.4820,200,4138,0.9000,0.0500,10,10,0.0000,0
a-n60-k9.vrp,ga,1,1407.0327,2457.2434,1840.4423,283.6066,200,4139,0.9000,0.0500,10,10,0.0000,0
a-n60-k9.vrp,ga,1,1407.0327,2373.4543,1833.8634,267.1945,200,4140,0.9000,0.0500,10,10,0.0000,0
a-n60-k9.vrp,ga,1,1407.0327,2488.8521,1839.2289,266.2112,200,4141,0.9000,0.0500,10,10,0.0000,0
a-n60-k9.vrp,ga,1,1407.0327,2380.1172,1828.7930,266.4844,200,4142,0.9000,0.0500,10,10,0.0000,0
a-n60-k9.vrp,ga,1,1407.0327,2379.1892,1874.5699,257.5770,200,4143,0.9000,0.0500,10,10,0.0000,0
a-n60-k9.vrp,ga,1,1407.0327,2643.8301,1872.7495,280.7026,200,4144,0.9000,0.0500,10,10,0.0000,0
a-n60-k9.vrp,ga,1,1407.0327,2481.5916,1871.2521,273.6959,200,4145,0.9000,0.0500,10,10,0.0000,0
a-n60-k9.vrp,ga,1,1407.0327,2680.0876,1893.1238,269.9880,200,4146,0.9000,0.0500,10,10,0.0000,0
a-n60-k9.vrp,ga,1,1407.0327,2666.0164,1885.9763,265.3454,200,4147,0.9000,0.0500,10,10,0.0000,0
a-n60-k9.vrp,ga,1,1407.0327,2373.9932,1880.3116,279.2963,200,4148,0.9000,0.0500,10,10,0.0000,0
a-n60-k9.vrp,ga,1,1407.0327,2546.8030,1867.0195,277.6252,200,4149,0.9000,0.0500,10,10,0.0000,0
a-n60-k9.vrp,ga,1,1407.0327,2417.8906,1831.8571,268.7298,200,4150,0.9000,0.0500,10,10,0.0000,0
a-n60-k9.vrp,ga,1,1407.0327,2426.8000,1856.5618,266.1992,200,4151,0.9000,0.0500,10,10,0.0000,0
a-n60-k9.vrp,ga,1,1407.0327,2490.5151,1817.8967,255.8271,200,4152,0.9000,0.0500,10,10,0.0000,0
a-n60-k9.vrp,ga,1,1407.0327,2480.2603,1856.8014,264.0504,200,4153,0.9000,0.0500,10,10,0.0000,0
a-n60-k9.vrp,ga,1,1407.0327,2353.4282,1811.7466,272.5130,200,4154,0.9000,0.0500,10,10,0.0000,0
a-n60-k9.vrp,ga,1,1407.0327,2454.7297,1835.3263,259.3612,200,4155,0.9000,0.0500,10,10,0.0000,0
a-n60-k9.vrp,ga,1,1407.0327,2480.7996,1837.6283,271.2447,200,4156,0.9000,0.0500,10,10,0.0000,0
a-n60-k9.vrp,ga,1,1407.0327,2542.4436,1862.1758,269.4677,200,4157,0.9000,0.0500,10,10,0.0000,0
a-n60-k9.vrp,ga,1,1407.0327,2584.9370,1862.8367,270.2745,200,4158,0.9000,0.0500,10,10,0.0000,0
a-n60-k9.vrp,ga,1,1407.0327,2542.9795,1809.8256,274.8322,200,4159,0.9000,0.0500,10,10,0.0000,0
a-n60-k9.vrp,ga,1,1407.0327,2462.9944,1820.5709,260.8297,200,4160,0.9000,0.0500,10,10,0.0000,0
a-n60-k9.vrp,ga,1,1407.0327,2477.2520,1842.7220,255.7375,200,4161,0.9000,0.0500,10,10,0.0000,0
a-n60-k9.vrp,ga,1,1407.0327,2433.7786,1832.8429,251.6270,200,4162,0.9000,0.0500,10,10,0.0000,0
a-n60-k9.vrp,ga,1,1407.0327,2423.7324,1859.1129,249.3602,200,4163,0.9000,0.0500,10,10,0.0000,0
a-n60-k9.vrp,ga,1,1407.0327,2541.9629,1847.2947,267.8880,200,4164,0.9000,0.0500,10,10,0.0000,0
a-n60-k9.vrp,ga,1,1407.0327,2530.7917,1846.0332,266.6347,200,4165,0.9000,0.0500,10,10,0.0000,0
a-n60-k9.vrp,ga,1,1407.0327,2517.0481,1848.5596,270.1715,200,4166,0.9000,0.0500,10,10,0.0000,0
a-n60-k9.vrp,ga,1,1407.0327,2456.4839,1819.4440,267.1588,200,4167,0.9000,0.0500,10,10,0.0000,0
a-n60-k9.vrp,ga,1,1407.0327,2490.9783,1854.2230,273.1740,200,4168,0.9000,0.0500,10,10,0.0000,0
a-n60-k9.vrp,ga,1,1407.0327,2407.9946,1853.3743,266.9617,200,4169,0.9000,0.0500,10,10,0.0000,0
a-n60-k9.vrp,ga,1,1407.0327,2439.0776,1838.8549,280.2545,200,4170,0.9000,0.0500,10,10,0.0000,0
a-n60-k9.vrp,ga,1,1407.0327,2613.5498,1843.9288,276.4538,200,4171,0.9000,0.0500,10,10,0.0000,0
a-n60-k9.vrp,ga,1,1407.0327,2399.9609,1818.6321,267.5942,200,4172,0.9000,0.0500,10,10,0.0000,0
a-n60-k9.vrp,ga,1,1407.0327,2499.4336,1827.0785,269.9977,200,4173,0.9000,0.0500,10,10,0.0000,0
a-n60-k9.vrp,ga,1,1407.0327,2544.5244,1846.0851,251.0527,200,4174,0.9000,0.0500,10,10,0.0000,0
a-n60-k9.vrp,ga,1,1407.0327,2490.9219,1828.3374,275.4745,200,4175,0.9000,0.0500,10,10,0.0000,0
a-n60-k9.vrp,ga,1,1407.0327,2616.7954,1856.8239,272.8246,200,4176,0.9000,0.0500,10,10,0.0000,0
a-n60-k9.vrp,ga,1,1407.0327,2543.2222,1866.0038,266.5340,200,4177,0.9000,0.0500,10,10,0.0000,0
a-n60-k9.vrp,ga,1,1407.0327,2589.8210,1845.3246,273.4041,200,4178,0.9000,0.0500,10,10,0.0000,0
a-n60-k9.vrp,ga,1,1407.0327,2420.5896,1820.8055,255.3422,200,4179,0.9000,0.0500,10,10,0.0000,0
a-n60-k9.vrp,ga,1,1407.0327,2455.2656,1900.6549,269.2057,200,4180,0.9000,0.0500,10,10,0.0000,0
a-n60-k9.vrp,ga,1,1407.0327,2473.0496,1893.6495,280.5050,200,4181,0.9000,0.0500,10,10,0.0000,0
a-n60-k9.vrp,ga,1,1407.0327,2565.0713,1904.5256,280.3417,200,4182,0.9000,0.0500,10,10,0.0000,0
a-n60-k9.vrp,ga,1,1407.0327,2634.3875,1919.3004,276.0245,200,4183,0.9000,0.0500,10,10,0.0000,0
a-n60-k9.vrp,ga,1,1407.0327,2533.5159,1886.6261,266.5640,200,4184,0.9000,0.0500,10,10,0.0000,0
a-n60-k9.vrp,ga,1,1407.0327,2436.8752,1878.7999,267.5123,200,4185,0.9000,0.0500,10,10,0.0000,0
a-n60-k9.vrp,ga,1,1407.0327,2548.9932,1867.2424,275.5757,200,4186,0.9000,0.0500,10,10,0.0000,0
a-n60-k9.vrp,ga,1,1407.0327,2388.9009,1865.7369,253.6910,200,4187,0.9000,0.0500,10,10,0.0000,0
a-n60-k9.vrp,ga,1,1407.0327,2404.8762,1867.0393,251.3143,200,4188,0.9000,0.0500,10,10,0.0000,0
a-n60-k9.vrp,ga,1,1407.0327,2539.8560,1873.5837,263.9769,200,4189,0.9000,0.0500,10,10,0.0000,0
a-n60-k9.vrp,ga,1,1407.0327,2619.9382,1915.3000,284.5837,200,4190,0.9000,0.0500,10,10,0.0000,0
a-n60-k9.vrp,ga,1,1407.0327,2599.1345,1869.8574,276.2914,200,4191,0.9000,0.0500,10,10,0.0000,0
a-n60-k9.vrp,ga,1,1407.0327,2597.2263,1878.3352,266.3958,200,4192,0.9000,0.0500,10,10,0.0000,0
a-n60-k9.vrp,ga,1,1407.0327,2499.2266,1830.6931,268.9349,200,4193,0.9000,0.0500,10,10,0.0000,0
a-n60-k9.vrp,ga,1,1407.0327,2496.9495,1839.7637,274.6797,200,4194,0.9000,0.0500,10,10,0.0000,0
a-n60-k9.vrp,ga,1,1407.0327,2597.2263,1862.9536,273.1160,200,4195,0.9000,0.0500,10,10,0.0000,0
a-n60-k9.vrp,ga,1,1407.0327,2810.9519,1867.8147,288.3845,200,4196,0.9000,0.0500,10,10,0.0000,0
a-n60-k9.vrp,ga,1,1407.0327,2624.2837,1850.0786,289.0051,200,4197,0.9000,0.0500,10,10,0.0000,0
a-n60-k9.vrp,ga,1,1407.0327,2397.0310,1880.8054,246.2429,200,4198,0.9000,0.0500,10,10,0.0000,0
a-n60-k9.vrp,ga,1,1407.0327,2754.8342,1868.4834,265.2448,200,4199,0.9000,0.0500,10,10,0.0000,0
a-n60-k9.vrp,ga,1,1407.0327,2362.4331,1865.1956,267.9258,200,4200,0.9000,0.0500,10,10,0.0000,0
a-n60-k9.vrp,ga,1,1407.0327,2550.4614,1824.4194,289.8773,200,4201,0.9000,0.0500,10,10,0.0000,0
a-n60-k9.vrp,ga,1,1407.0327,2452.4795,1831.2969,273.4103,200,4202,0.9000,0.0500,10,10,0.0000,0
a-n60-k9.vrp,ga,1,1407.0327,2575.8298,1862.3684,290.8817,200,4203,0.9000,0.0500,10,10,0.0000,0
a-n60-k9.vrp,ga,1,1407.0327,2516.3987,1849.4349,274.5904,200,4204,0.9000,0.0500,10,10,0.0000,0
a-n60-k9.vrp,ga,1,1407.0327,2451.6235,1880.4308,266.8896,200,4205,0.9000,0.0500,10,10,0.0000,0
a-n60-k9.vrp,ga,1,1407.0327,2591.5522,1870.8602,279.2999,200,4206,0.9000,0.0500,10,10,0.0000,0
a-n60-k9.vrp,ga,1,1407.0327,2627.2947,1867.1709,272.3267,200,4207,0.9000,0.0500,10,10,0.0000,0
a-n60-k9.vrp,ga,1,1407.0327,2545.5244,1881.7297,266.7455,200,4208,0.9000,0.0500,10,10,0.0000,0
a-n60-k9.vrp,ga,1,1407.0327,2552.3940,1863.0641,285.7540,200,4209,0.9000,0.0500,10,10,0.0000,0
a-n60-k9.vrp,ga,1,1407.0327,2390.7856,1846.0581,271.1857,200,4210,0.9000,0.0500,10,10,0.0000,0
a-n60-k9.vrp,ga,1,1407.0327,2488.6150,1839.8438,273.6865,200,4211,0.9000,0.0500,10,10,0.0000,0
a-n60-k9.vrp,ga,1,1407.0327,2467.7073,1807.5510,278.9630,200,4212,0.9000,0.0500,10,10,0.0000,0
a-n60-k9.vrp,ga,1,1407.0327,2509.0725,1854.1749,272.8791,200,4213,0.9000,0.0500,10,10,0.0000,0
a-n60-k9.vrp,ga,1,1407.0327,2361.1069,1849.2059,250.1678,200,4214,0.9000,0.0500,10,10,0.0000,0
a-n60-k9.vrp,ga,1,1407.0327,2566.6453,1879.0085,277.8613,200,4215,0.9000,0.0500,10,10,0.0000,0
a-n60-k9.vrp,ga,1,1407.0327,2485.0801,1852.5576,261.3576,200,4216,0.9000,0.0500,10,10,0.0000,0
a-n60-k9.vrp,ga,1,1407.0327,2536.9829,1817.0309,274.3619,200,4217,0.9000,0.0500,10,10,0.0000,0
a-n60-k9.vrp,ga,1,1407.0327,2530.1636,1856.7440,250.4673,200,4218,0.9000,0.0500,10,10,0.0000,0
a-n60-k9.vrp,ga,1,1407.0327,2495.6663,1903.5081,278.4261,200,4219,0.9000,0.0500,10,10,0.0000,0
a-n60-k9.vrp,ga,1,1407.0327,2535.2034,1867.4554,293.2755,200,4220,0.9000,0.0500,10,10,0.0000,0
a-n60-k9.vrp,ga,1,1407.0327,2425.8435,1841.0676,268.2659,200,4221,0.9000,0.0500,10,10,0.0000,0
a-n60-k9.vrp,ga,1,1407.0327,2677.8347,1835.6124,273.5997,200,4222,0.9000,0.0500,10,10,0.0000,0
a-n60-k9.vrp,ga,1,1407.0327,2785.1853,1876.8702,290.7181,200,4223,0.9000,0.0500,10,10,0.0000,0
a-n60-k9.vrp,ga,1,1407.0327,2604.6499,1833.1144,291.8413,200,4224,0.9000,0.0500,10,10,0.0000,0
a-n60-k9.vrp,ga,1,1407.0327,2604.1255,1822.9243,267.9489,200,4225,0.9000,0.0500,10,10,0.0000,0
a-n60-k9.vrp,ga,1,1407.0327,2761.9919,1864.1414,264.2417,200,4226,0.9000,0.0500,10,10,0.0000,0
a-n60-k9.vrp,ga,1,1407.0327,2463.1934,1841.4873,258.7889,200,4227,0.9000,0.0500,10,10,0.0000,0
a-n60-k9.vrp,ga,1,1407.0327,2450.3364,1886.6545,272.8568,200,4228,0.9000,0.0500,10,10,0.0000,0
a-n60-k9.vrp,ga,1,1407.0327,2474.9485,1878.2684,270.1984,200,4229,0.9000,0.0500,10,10,0.0000,0
a-n60-k9.vrp,ga,1,1407.0327,2592.5872,1885.9159,286.4489,200,4230,0.9000,0.0500,10,10,0.0000,0
a-n60-k9.vrp,ga,1,1407.0327,2665.5242,1885.2772,255.2129,200,4231,0.9000,0.0500,10,10,0.0000,0
a-n60-k9.vrp,ga,1,1407.0327,2564.9651,1895.9966,257.1110,200,4232,0.9000,0.0500,10,10,0.0000,0
a-n60-k9.vrp,ga,1,1407.0327,2459.1770,1912.1820,274.3383,200,4233,0.9000,0.0500,10,10,0.0000,0
a-n60-k9.vrp,ga,1,1407.0327,2506.3962,1915.5361,275.7915,200,4234,0.9000,0.0500,10,10,0.0000,0
a-n60-k9.vrp,ga,1,1407.0327,2528.0105,1858.3451,268.5207,200,4235,0.9000,0.0500,10,10,0.0000,0
a-n60-k9.vrp,ga,1,1407.0327,2756.7551,1913.6979,283.2932,200,4236,0.9000,0.0500,10,10,0.0000,0
a-n60-k9.vrp,ga,1,1407.0327,2676.4426,1890.5641,279.8269,200,4237,0.9000,0.0500,10,10,0.0000,0
a-n60-k9.vrp,ga,1,1407.0327,2656.9465,1896.4207,276.2546,200,4238,0.9000,0.0500,10,10,0.0000,0
a-n60-k9.vrp,ga,1,1407.0327,2551.1353,1896.0615,275.0462,200,4239,0.9000,0.0500,10,10,0.0000,0
a-n60-k9.vrp,ga,1,1407.0327,2709.0476,1864.1625,286.8379,200,4240,0.9000,0.0500,10,10,0.0000,0
a-n60-k9.vrp,ga,1,1407.0327,2748.0576,1868.3546,269.4692,200,4241,0.9000,0.0500,10,10,0.0000,0
a-n60-k9.vrp,ga,1,1407.0327,2587.3386,1845.9204,269.8203,200,4242,0.9000,0.0500,10,10,0.0000,0
a-n60-k9.vrp,ga,1,1407.0327,2597.7998,1851.9572,257.2219,200,4243,0.9000,0.0500,10,10,0.0000,0
a-n60-k9.vrp,ga,1,1407.0327,2629.9810,1856.8037,295.6599,200,4244,0.9000,0.0500,10,10,0.0000,0
a-n60-k9.vrp,ga,1,1407.0327,2690.8926,1845.1279,272.8149,200,4245,0.9000,0.0500,10,10,0.0000,0
a-n60-k9.vrp,ga,1,1407.0327,2771.8472,1865.2395,296.5448,200,4246,0.9000,0.0500,10,10,0.0000,0
a-n60-k9.vrp,ga,1,1407.0327,2559.2859,1880.8040,277.1873,200,4247,0.9000,0.0500,10,10,0.0000,0
a-n60-k9.vrp,ga,1,1407.0327,2586.7346,1865.7145,275.7463,200,4248,0.9000,0.0500,10,10,0.0000,0
a-n60-k9.vrp,ga,1,1407.0327,2673.8418,1879.5265,284.1028,200,4249,0.9000,0.0500,10,10,0.0000,0
a-n60-k9.vrp,ga,1,1407.0327,2426.3706,1848.0093,264.5844,200,4250,0.9000,0.0500,10,10,0.0000,0
a-n60-k9.vrp,ga,1,1407.0327,2479.1301,1855.4375,261.1782,200,4251,0.9000,0.0500,10,10,0.0000,0
a-n60-k9.vrp,ga,1,1407.0327,2441.0461,1865.1838,269.8184,200,4252,0.9000,0.0500,10,10,0.0000,0
a-n60-k9.vrp,ga,1,1407.0327,2449.1616,1821.7057,263.2204,200,4253,0.9000,0.0500,10,10,0.0000,0
a-n60-k9.vrp,ga,1,1407.0327,2529.0176,1829.2920,254.6422,200,4254,0.9000,0.0500,10,10,0.0000,0
a-n60-k9.vrp,ga,1,1407.0327,2412.7368,1838.0416,265.3578,200,4255,0.9000,0.0500,10,10,0.0000,0
a-n60-k9.vrp,ga,1,1407.0327,2603.2898,1842.5968,269.6602,200,4256,0.9000,0.0500,10,10,0.0000,0
a-n60-k9.vrp,ga,1,1407.0327,2544.8689,1833.9069,270.0391,200,4257,0.9000,0.0500,10,10,0.0000,0
a-n60-k9.vrp,ga,1,1407.0327,2506.2976,1845.9196,259.8413,200,4258,0.9000,0.0500,10,10,0.0000,0
a-n60-k9.vrp,ga,1,1407.0327,2493.5610,1839.1305,259.1970,200,4259,0.9000,0.0500,10,10,0.0000,0
a-n60-k9.vrp,ga,1,1407.0327,2412.3625,1830.5088,257.7776,200,4260,0.9000,0.0500,10,10,0.0000,0
a-n60-k9.vrp,ga,1,1407.0327,2414.4658,1834.9777,260.5411,200,4261,0.9000,0.0500,10,10,0.0000,0
a-n60-k9.vrp,ga,1,1407.0327,2654.8811,1861.3295,286.9892,200,4262,0.9000,0.0500,10,10,0.0000,0
a-n60-k9.vrp,ga,1,1407.0327,2564.9946,1885.5684,266.4230,200,4263,0.9000,0.0500,10,10,0.0000,0
a-n60-k9.vrp,ga,1,1407.0327,2578.6997,1853.3204,282.2619,200,4264,0.9000,0.0500,10,10,0.0000,0
a-n60-k9.vrp,ga,1,1407.0327,2788.7478,1811.8049,258.3394,200,4265,0.9000,0.0500,10,10,0.0000,0
a-n60-k9.vrp,ga,1,1407.0327,2580.3481,1820.8448,269.3016,200,4266,0.9000,0.0500,10,10,0.0000,0
a-n60-k9.vrp,ga,1,1407.0327,2574.8022,1853.6143,251.6720,200,4267,0.9000,0.0500,10,10,0.0000,0
a-n60-k9.vrp,ga,1,1407.0327,2449.8459,1850.6664,250.4358,200,4268,0.9000,0.0500,10,10,0.0000,0
a-n60-k9.vrp,ga,1,1407.0327,2559.0935,1832.8933,262.3173,200,4269,0.9000,0.0500,10,10,0.0000,0
a-n60-k9.vrp,ga,1,1407.0327,2388.6343,1862.5239,254.5910,200,4270,0.9000,0.0500,10,10,0.0000,0
a-n60-k9.vrp,ga,1,1407.0327,2479.5232,1849.6237,251.8767,200,4271,0.9000,0.0500,10,10,0.0000,0
a-n60-k9.vrp,ga,1,1407.0327,2526.7527,1840.8617,277.8720,200,4272,0.9000,0.0500,10,10,0.0000,0
a-n60-k9.vrp,ga,1,1407.0327,2403.2312,1857.6965,255.5900,200,4273,0.9000,0.0500,10,10,0.0000,0
a-n60-k9.vrp,ga,1,1407.0327,2490.0664,1832.2959,255.6474,200,4274,0.9000,0.0500,10,10,0.0000,0
a-n60-k9.vrp,ga,1,1407.0327,2391.9717,1843.5024,244.8331,200,4275,0.9000,0.0500,10,10,0.0000,0
a-n60-k9.vrp,ga,1,1407.0327,2485.5276,1876.6886,262.3204,200,4276,0.9000,0.0500,10,10,0.0000,0
a-n60-k9.vrp,ga,1,1407.0327,2573.3350,1864.8500,249.6871,200,4277,0.9000,0.0500,10,10,0.0000,0
a-n60-k9.vrp,ga,1,1407.0327,2487.3091,1866.1621,276.2660,200,4278,0.9000,0.0500,10,10,0.0000,0
a-n60-k9.vrp,ga,1,1407.0327,2520.2874,1879.0149,263.2163,200,4279,0.9000,0.0500,10,10,0.0000,0
a-n60-k9.vrp,ga,1,1407.0327,2550.0852,1882.4359,277.6193,200,4280,0.9000,0.0500,10,10,0.0000,0
a-n60-k9.vrp,ga,1,1407.0327,2601.0964,1879.0702,277.7853,200,4281,0.9000,0.0500,10,10,0.0000,0
a-n60-k9.vrp,ga,1,1407.0327,2602.8711,1894.6499,257.8312,200,4282,0.9000,0.0500,10,10,0.0000,0
a-n60-k9.vrp,ga,1,1407.0327,2545.3115,1887.6700,266.8501,200,4283,0.9000,0.0500,10,10,0.0000,0
a-n60-k9.vrp,ga,1,1407.0327,2577.0146,1894.7266,258.7034,200,4284,0.9000,0.0500,10,10,0.0000,0
a-n60-k9.vrp,ga,1,1407.0327,2649.5642,1906.5977,277.9468,200,4285,0.9000,0.0500,10,10,0.0000,0
a-n60-k9.vrp,ga,1,1407.0327,2423.0024,1849.6609,261.4880,200,4286,0.9000,0.0500,10,10,0.0000,0
a-n60-k9.vrp,ga,1,1407.0327,2510.6638,1858.6510,265.6704,200,4287,0.9000,0.0500,10,10,0.0000,0
a-n60-k9.vrp,ga,1,1407.0327,2434.5781,1867.2677,254.7383,200,4288,0.9000,0.0500,10,10,0.0000,0
a-n60-k9.vrp,ga,1,1407.0327,2388.9504,1872.0481,245.7747,200,4289,0.9000,0.0500,10,10,0.0000,0
a-n60-k9.vrp,ga,1,1407.0327,2521.5981,1884.4092,259.9321,200,4290,0.9000,0.0500,10,10,0.0000,0
a-n60-k9.vrp,ga,1,1407.0327,2460.7717,1891.0776,252.8168,200,4291,0.9000,0.0500,10,10,0.0000,0
a-n60-k9.vrp,ga,1,1407.0327,2569.0015,1877.1797,267.3102,200,4292,0.9000,0.0500,10,10,0.0000,0
a-n60-k9.vrp,ga,1,1407.0327,2491.2993,1876.8862,257.8689,200,4293,0.9000,0.0500,10,10,0.0000,0
a-n60-k9.vrp,ga,1,1407.0327,2394.5491,1867.2908,239.5582,200,4294,0.9000,0.0500,10,10,0.0000,0
a-n60-k9.vrp,ga,1,1407.0327,2375.1772,1865.1780,239.7215,200,4295,0.9000,0.0500,10,10,0.0000,0
a-n60-k9.vrp,ga,1,1407.0327,2476.4209,1862.3783,260.5288,200,4296,0.9000,0.0500,10,10,0.0000,0
a-n60-k9.vrp,ga,1,1407.0327,2446.0876,1830.9789,255.4972,200,4297,0.9000,0.0500,10,10,0.0000,0
a-n60-k9.vrp,ga,1,1407.0327,2392.7949,1825.3842,252.2603,200,4298,0.9000,0.0500,10,10,0.0000,0
a-n60-k9.vrp,ga,1,1407.0327,2458.3623,1878.9924,272.9791,200,4299,0.9000,0.0500,10,10,0.0000,0
a-n60-k9.vrp,ga,1,1407.0327,2346.2156,1859.8108,253.9900,200,4300,0.9000,0.0500,10,10,0.0000,0
a-n60-k9.vrp,ga,1,1407.0327,2533.1128,1876.1265,258.2461,200,4301,0.9000,0.0500,10,10,0.0000,0
a-n60-k9.vrp,ga,1,1407.0327,2374.8867,1891.9165,250.8740,200,4302,0.9000,0.0500,10,10,0.0000,0
a-n60-k9.vrp,ga,1,1407.0327,2476.4385,1855.0988,263.2228,200,4303,0.9000,0.0500,10,10,0.0000,0
a-n60-k9.vrp,ga,1,1407.0327,2392.0420,1867.1580,269.1573,200,4304,0.9000,0.0500,10,10,0.0000,0
a-n60-k9.vrp,ga,1,1407.0327,2480.9497,1888.9548,259.6370,200,4305,0.9000,0.0500,10,10,0.0000,0
a-n60-k9.vrp,ga,1,1407.0327,2403.4507,1881.5732,261.5330,200,4306,0.9000,0.0500,10,10,0.0000,0
a-n60-k9.vrp,ga,1,1407.0327,2409.2380,1846.6973,266.8183,200,4307,0.9000,0.0500,10,10,0.0000,0
a-n60-k9.vrp,ga,1,1407.0327,2509.6353,1832.1163,262.6848,200,4308,0.9000,0.0500,10,10,0.0000,0
a-n60-k9.vrp,ga,1,1407.0327,2498.3572,1834.8292,277.6485,200,4309,0.9000,0.0500,10,10,0.0000,0
a-n60-k9.vrp,ga,1,1407.0327,2316.5603,1855.3740,258.8231,200,4310,0.9000,0.0500,10,10,0.0000,0
a-n60-k9.vrp,ga,1,1407.0327,2526.9138,1863.8242,250.5182,200,4311,0.9000,0.0500,10,10,0.0000,0
a-n60-k9.vrp,ga,1,1407.0327,2465.4653,1863.7527,260.7595,200,4312,0.9000,0.0500,10,10,0.0000,0
a-n60-k9.vrp,ga,1,1407.0327,2416.4250,1867.6644,256.1634,200,4313,0.9000,0.0500,10,10,0.0000,0
a-n60-k9.vrp,ga,1,1407.0327,2498.7009,1874.0950,260.8239,200,4314,0.9000,0.0500,10,10,0.0000,0
a-n60-k9.vrp,ga,1,1407.0327,2610.5286,1894.3567,263.2629,200,4315,0.9000,0.0500,10,10,0.0000,0
a-n60-k9.vrp,ga,1,1407.0327,2512.8140,1911.5480,267.6819,200,4316,0.9000,0.0500,10,10,0.0000,0
a-n60-k9.vrp,ga,1,1407.0327,2570.1938,1903.5530,254.6765,200,4317,0.9000,0.0500,10,10,0.0000,0
a-n60-k9.vrp,ga,1,1407.0327,2514.5020,1905.2338,251.5216,200,4318,0.9000,0.0500,10,10,0.0000,0
a-n60-k9.vrp,ga,1,1407.0327,2451.8630,1919.3531,274.4577,200,4319,0.9000,0.0500,10,10,0.0000,0
a-n60-k9.vrp,ga,1,1407.0327,2470.3809,1881.0601,273.0609,200,4320,0.9000,0.0500,10,10,0.0000,0
a-n60-k9.vrp,ga,1,1407.0327,2548.8877,1884.6653,267.2765,200,4321,0.9000,0.0500,10,10,0.0000,0
a-n60-k9.vrp,ga,1,1407.0327,2559.0273,1908.1301,275.9951,200,4322,0.9000,0.0500,10,10,0.0000,0
a-n60-k9.vrp,ga,1,1407.0327,2408.3984,1863.7972,267.2175,200,4323,0.9000,0.0500,10,10,0.0000,0
a-n60-k9.vrp,ga,1,1407.0327,2540.3003,1881.9402,264.8168,200,4324,0.9000,0.0500,10,10,0.0000,0
a-n60-k9.vrp,ga,1,1407.0327,2674.4917,1908.3110,274.3161,200,4325,0.9000,0.0500,10,10,0.0000,0
a-n60-k9.vrp,ga,1,1407.0327,2507.6929,1881.8225,272.5704,200,4326,0.9000,0.0500,10,10,0.0000,0
a-n60-k9.vrp,ga,1,1407.0327,2752.9888,1926.9030,286.6083,200,4327,0.9000,0.0500,10,10,0.0000,0
a-n60-k9.vrp,ga,1,1407.0327,2565.4688,1897.2572,280.8832,200,4328,0.9000,0.0500,10,10,0.0000,0
a-n60-k9.vrp,ga,1,1407.0327,2772.5400,1895.1835,295.1451,200,4329,0.9000,0.0500,10,10,0.0000,0
a-n60-k9.vrp,ga,1,1407.0327,2609.5896,1872.1520,293.6767,200,4330,0.9000,0.0500,10,10,0.0000,0
a-n60-k9.vrp,ga,1,1407.0327,2527.9434,1874.9425,270.9117,200,4331,0.9000,0.0500,10,10,0.0000,0
a-n60-k9.vrp,ga,1,1407.0327,2645.1924,1889.4099,309.2525,200,4332,0.9000,0.0500,10,10,0.0000,0
a-n60-k9.vrp,ga,1,1407.0327,2853.1514,1908.3658,320.2644,200,4333,0.9000,0.0500,10,10,0.0000,0
a-n60-k9.vrp,ga,1,1407.0327,2573.1672,1936.6503,305.1659,200,4334,0.9000,0.0500,10,10,0.0000,0
a-n60-k9.vrp,ga,1,1407.0327,2645.1924,1911.7021,313.8042,200,4335,0.9000,0.0500,10,10,0.0000,0
a-n60-k9.vrp,ga,1,1407.0327,2580.5996,1942.1958,289.6201,200,4336,0.9000,0.0500,10,10,0.0000,0
a-n60-k9.vrp,ga,1,1407.0327,2516.9309,1933.6482,276.1473,200,4337,0.9000,0.0500,10,10,0.0000,0
a-n60-k9.vrp,ga,1,1407.0327,2501.4302,1885.2704,288.8446,200,4338,0.9000,0.0500,10,10,0.0000,0
a-n60-k9.vrp,ga,1,1407.0327,2508.8096,1894.9564,263.3261,200,4339,0.9000,0.0500,10,10,0.0000,0
a-n60-k9.vrp,ga,1,1407.0327,2461.8220,1896.4459,269.1163,200,4340,0.9000,0.0500,10,10,0.0000,0
a-n60-k9.vrp,ga,1,1407.0327,2411.8962,1854.5686,274.2977,200,4341,0.9000,0.0500,10,10,0.0000,0
a-n60-k9.vrp,ga,1,1407.0327,2532.7556,1909.2096,279.4035,200,4342,0.9000,0.0500,10,10,0.0000,0
a-n60-k9.vrp,ga,1,1407.0327,2414.5969,1918.2146,262.3310,200,4343,0.9000,0.0500,10,10,0.0000,0
a-n60-k9.vrp,ga,1,1407.0327,2467.9624,1911.2339,289.0913,200,4344,0.9000,0.0500,10,10,0.0000,0
a-n60-k9.vrp,ga,1,1407.0327,2481.6614,1917.0645,273.6386,200,4345,0.9000,0.0500,10,10,0.0000,0
a-n60-k9.vrp,ga,1,1407.0327,2527.5742,1906.9208,274.5451,200,4346,0.9000,0.0500,10,10,0.0000,0
a-n60-k9.vrp,ga,1,1407.0327,2591.2522,1884.9446,281.9149,200,4347,0.9000,0.0500,10,10,0.0000,0
a-n60-k9.vrp,ga,1,1407.0327,2470.0552,1879.1669,263.7459,200,4348,0.9000,0.0500,10,10,0.0000,0
a-n60-k9.vrp,ga,1,1407.0327,2494.1587,1887.8606,285.0873,200,4349,0.9000,0.0500,10,10,0.0000,0
a-n60-k9.vrp,ga,1,1407.0327,2414.6431,1908.6129,280.9629,200,4350,0.9000,0.0500,10,10,0.0000,0
a-n60-k9.vrp,ga,1,1407.0327,2392.7319,1890.6078,277.6158,200,4351,0.9000,0.0500,10,10,0.0000,0
a-n60-k9.vrp,ga,1,1407.0327,2458.5144,1890.8708,276.0221,200,4352,0.9000,0.0500,10,10,0.0000,0
a-n60-k9.vrp,ga,1,1407.0327,2353.4651,1855.3038,278.4347,200,4353,0.9000,0.0500,10,10,0.0000,0
a-n60-k9.vrp,ga,1,1407.0327,2518.9299,1872.7429,294.0425,200,4354,0.9000,0.0500,10,10,0.0000,0
a-n60-k9.vrp,ga,1,1407.0327,2508.0408,1889.9331,262.3168,200,4355,0.9000,0.0500,10,10,0.0000,0
a-n60-k9.vrp,ga,1,1407.0327,2470.8989,1919.3208,280.7020,200,4356,0.9000,0.0500,10,10,0.0000,0
a-n60-k9.vrp,ga,1,1407.0327,2423.1580,1878.1917,270.4122,200,4357,0.9000,0.0500,10,10,0.0000,0
a-n60-k9.vrp,ga,1,1407.0327,2414.6753,1893.2969,266.1564,200,4358,0.9000,0.0500,10,10,0.0000,0
a-n60-k9.vrp,ga,1,1407.0327,2382.4761,1900.1527,258.6494,200,4359,0.9000,0.0500,10,10,0.0000,0
a-n60-k9.vrp,ga,1,1407.0327,2529.1211,1912.4427,278.0956,200,4360,0.9000,0.0500,10,10,0.0000,0
a-n60-k9.vrp,ga,1,1407.0327,2447.2844,1877.6720,294.1005,200,4361,0.9000,0.0500,10,10,0.0000,0
a-n60-k9.vrp,ga,1,1407.0327,2528.1487,1914.2269,272.0411,200,4362,0.9000,0.0500,10,10,0.0000,0
a-n60-k9.vrp,ga,1,1407.0327,2478.2727,1919.1909,272.1414,200,4363,0.9000,0.0500,10,10,0.0000,0
a-n60-k9.vrp,ga,1,1407.0327,2531.7041,1924.5424,280.9055,200,4364,0.9000,0.0500,10,10,0.0000,0
a-n60-k9.vrp,ga,1,1407.0327,2458.2341,1896.2141,277.0624,200,4365,0.9000,0.0500,10,10,0.0000,0
a-n60-k9.vrp,ga,1,1407.0327,2672.7319,1926.0415,290.8887,200,4366,0.9000,0.0500,10,10,0.0000,0
a-n60-k9.vrp,ga,1,1407.0327,2659.6304,1910.6014,277.0760,200,4367,0.9000,0.0500,10,10,0.0000,0
a-n60-k9.vrp,ga,1,1407.0327,2496.6528,1937.6045,285.3131,200,4368,0.9000,0.0500,10,10,0.0000,0
a-n60-k9.vrp,ga,1,1407.0327,2674.0737,1942.5149,293.4360,200,4369,0.9000,0.0500,10,10,0.0000,0
a-n60-k9.vrp,ga,1,1407.0327,2541.9934,1930.5596,280.8140,200,4370,0.9000,0.0500,10,10,0.0000,0
a-n60-k9.vrp,ga,1,1407.0327,2763.7959,1938.6549,292.4542,200,4371,0.9000,0.0500,10,10,0.0000,0
a-n60-k9.vrp,ga,1,1407.0327,2535.9338,1922.0297,274.5246,200,4372,0.9000,0.0500,10,10,0.0000,0
a-n60-k9.vrp,ga,1,1407.0327,2496.9226,1916.5204,273.5954,200,4373,0.9000,0.0500,10,10,0.0000,0
a-n60-k9.vrp,ga,1,1407.0327,2529.6121,1906.5583,280.7982,200,4374,0.9000,0.0500,10,10,0.0000,0
a-n60-k9.vrp,ga,1,1407.0327,2734.2937,1906.4597,288.7108,200,4375,0.9000,0.0500,10,10,0.0000,0
a-n60-k9.vrp,ga,1,1407.0327,2743.7805,1930.9143,296.9897,200,4376,0.9000,0.0500,10,10,0.0000,0
a-n60-k9.vrp,ga,1,1407.0327,2489.9675,1937.2017,266.5026,200,4377,0.9000,0.0500,10,10,0.0000,0
a-n60-k9.vrp,ga,1,1407.0327,2559.9233,1991.4380,267.3607,200,4378,0.9000,0.0500,10,10,0.0000,0
a-n60-k9.vrp,ga,1,1407.0327,2657.3843,1975.9703,282.7112,200,4379,0.9000,0.0500,10,10,0.0000,0
a-n60-k9.vrp,ga,1,1407.0327,2613.7849,1935.1217,287.9328,200,4380,0.9000,0.0500,10,10,0.0000,0
a-n60-k9.vrp,ga,1,1407.0327,2408.0889,1890.4987,284.6334,200,4381,0.9000,0.0500,10,10,0.0000,0
a-n60-k9.vrp,ga,1,1407.0327,2528.1299,1921.2920,272.3566,200,4382,0.9000,0.0500,10,10,0.0000,0
a-n60-k9.vrp,ga,1,1407.0327,2771.6165,1954.8447,293.1366,200,4383,0.9000,0.0500,10,10,0.0000,0
a-n60-k9.vrp,ga,1,1407.0327,2505.4631,1947.0706,282.6519,200,4384,0.9000,0.0500,10,10,0.0000,0
a-n60-k9.vrp,ga,1,1407.0327,2550.6636,1905.3322,284.5692,200,4385,0.9000,0.0500,10,10,0.0000,0
a-n60-k9.vrp,ga,1,1407.0327,2569.6450,1905.6633,291.5952,200,4386,0.9000,0.0500,10,10,0.0000,0
a-n60-k9.vrp,ga,1,1407.0327,2496.0735,1904.8441,281.3456,200,4387,0.9000,0.0500,10,10,0.0000,0
a-n60-k9.vrp,ga,1,1407.0327,2516.6362,1899.8822,292.9217,200,4388,0.9000,0.0500,10,10,0.0000,0
a-n60-k9.vrp,ga,1,1407.0327,2522.5356,1883.6575,259.5504,200,4389,0.9000,0.0500,10,10,0.0000,0
a-n60-k9.vrp,ga,1,1407.0327,2461.0554,1915.6976,282.5316,200,4390,0.9000,0.0500,10,10,0.0000,0
a-n60-k9.vrp,ga,1,1407.0327,2586.7451,1889.1512,283.4966,200,4391,0.9000,0.0500,10,10,0.0000,0
a-n60-k9.vrp,ga,1,1407.0327,2419.4707,1882.2169,276.2544,200,4392,0.9000,0.0500,10,10,0.0000,0
a-n60-k9.vrp,ga,1,1407.0327,2637.9854,1888.9763,271.7565,200,4393,0.9000,0.0500,10,10,0.0000,0
a-n60-k9.vrp,ga,1,1407.0327,2563.4373,1886.4976,273.0189,200,4394,0.9000,0.0500,10,10,0.0000,0
a-n60-k9.vrp,ga,1,1407.0327,2558.6899,1911.8322,284.5986,200,4395,0.9000,0.0500,10,10,0.0000,0
a-n60-k9.vrp,ga,1,1407.0327,2634.9758,1922.7263,268.0109,200,4396,0.9000,0.0500,10,10,0.0000,0
a-n60-k9.vrp,ga,1,1407.0327,2469.0962,1930.1682,285.1172,200,4397,0.9000,0.0500,10,10,0.0000,0
a-n60-k9.vrp,ga,1,1406.8370,2720.9539,1928.2444,302.8106,200,4398,0.9000,0.0500,10,10,0.0000,0
a-n60-k9.vrp,ga,1,1406.8370,2686.6409,1888.4622,301.5000,200,4399,0.9000,0.0500,10,10,0.0000,0
a-n60-k9.vrp,ga,1,1406.8370,2669.4753,1899.7539,306.0032,200,4400,0.9000,0.0500,10,10,0.0000,0
a-n60-k9.vrp,ga,1,1406.8370,2562.1736,1907.9863,270.5923,200,4401,0.9000,0.0500,10,10,0.0000,0
a-n60-k9.vrp,ga,1,1406.8370,2526.0564,1865.4136,295.5812,200,4402,0.9000,0.0500,10,10,0.0000,0
a-n60-k9.vrp,ga,1,1406.8370,2444.4333,1905.3604,267.8748,200,4403,0.9000,0.0500,10,10,0.0000,0
a-n60-k9.vrp,ga,1,1406.8370,2491.0798,1888.6921,281.5042,200,4404,0.9000,0.0500,10,10,0.0000,0
a-n60-k9.vrp,ga,1,1406.8370,2427.8093,1874.8484,271.1565,200,4405,0.9000,0.0500,10,10,0.0000,0
a-n60-k9.vrp,ga,1,1406.8370,2548.0664,1879.1935,281.6596,200,4406,0.9000,0.0500,10,10,0.0000,0
a-n60-k9.vrp,ga,1,1406.8370,2416.2686,1871.6758,278.6387,200,4407,0.9000,0.0500,10,10,0.0000,0
a-n60-k9.vrp,ga,1,1406.8370,2470.9243,1883.5510,283.6322,200,4408,0.9000,0.0500,10,10,0.0000,0
a-n60-k9.vrp,ga,1,1406.8370,2418.0200,1874.8929,270.7288,200,4409,0.9000,0.0500,10,10,0.0000,0
a-n60-k9.vrp,ga,1,1406.8370,2379.6611,1863.4132,272.6728,200,4410,0.9000,0.0500,10,10,0.0000,0
a-n60-k9.vrp,ga,1,1406.8370,2355.9236,1891.4384,280.3311,200,4411,0.9000,0.0500,10,10,0.0000,0
a-n60-k9.vrp,ga,1,1406.8370,2432.3540,1887.2626,252.4023,200,4412,0.9000,0.0500,10,10,0.0000,0
a-n60-k9.vrp,ga,1,1406.8370,2584.4041,1893.3611,271.3003,200,4413,0.9000,0.0500,10,10,0.0000,0
a-n60-k9.vrp,ga,1,1406.8370,2366.3645,1841.7316,264.0161,200,4414,0.9000,0.0500,10,10,0.0000,0
a-n60-k9.vrp,ga,1,1406.8370,2332.2236,1865.7843,275.2650,200,4415,0.9000,0.0500,10,10,0.0000,0
a-n60-k9.vrp,ga,1,1406.8370,2360.3425,1853.4454,261.1078,200,4416,0.9000,0.0500,10,10,0.0000,0
a-n60-k9.vrp,ga,1,1406.8370,2495.9224,1863.2117,275.5767,200,4417,0.9000,0.0500,10,10,0.0000,0
a-n60-k9.vrp,ga,1,1406.8370,2308.9060,1863.8724,261.7537,200,4418,0.9000,0.0500,10,10,0.0000,0
a-n60-k9.vrp,ga,1,1406.8370,2447.6924,1886.2645,261.2315,200,4419,0.9000,0.0500,10,10,0.0000,0
a-n60-k9.vrp,ga,1,1406.8370,2361.7925,1858.1383,283.8676,200,4420,0.9000,0.0500,10,10,0.0000,0
a-n60-k9.vrp,ga,1,1406.8370,2450.8145,1885.2457,282.9878,200,4421,0.9000,0.0500,10,10,0.0000,0
a-n60-k9.vrp,ga,1,1406.8370,2454.3276,1865.9080,280.2634,200,4422,0.9000,0.0500,10,10,0.0000,0
a-n60-k9.vrp,ga,1,1406.8370,2455.0347,1858.1863,276.6343,200,4423,0.9000,0.0500,10,10,0.0000,0
a-n60-k9.vrp,ga,1,1406.8370,2459.7285,1857.4344,276.1939,200,4424,0.9000,0.0500,10,10,0.0000,0
a-n60-k9.vrp,ga,1,1406.8370,2313.0352,1851.3121,260.1139,200,4425,0.9000,0.0500,10,10,0.0000,0
a-n60-k9.vrp,ga,1,1406.8370,2615.7788,1880.8315,267.8052,200,4426,0.9000,0.0500,10,10,0.0000,0
a-n60-k9.vrp,ga,1,1406.8370,2463.6531,1888.8807,270.4640,200,4427,0.9000,0.0500,10,10,0.0000,0
a-n60-k9.vrp,ga,1,1406.8370,2460.0212,1898.6077,276.6567,200,4428,0.9000,0.0500,10,10,0.0000,0
a-n60-k9.vrp,ga,1,1406.8370,2375.5264,1877.0022,266.1124,200,4429,0.9000,0.0500,10,10,0.0000,0
a-n60-k9.vrp,ga,1,1406.8370,2399.4519,1870.4932,260.0038,200,4430,0.9000,0.0500,10,10,0.0000,0
a-n60-k9.vrp,ga,1,1406.8370,2533.7258,1866.0490,285.5359,200,4431,0.9000,0.0500,10,10,0.0000,0
a-n60-k9.vrp,ga,1,1406.8370,2408.1091,1879.9474,266.6338,200,4432,0.9000,0.0500,10,10,0.0000,0
a-n60-k9.vrp,ga,1,1406.8370,2441.9873,1905.3158,277.4823,200,4433,0.9000,0.0500,10,10,0.0000,0
a-n60-k9.vrp,ga,1,1406.8370,2512.2251,1879.6406,263.8385,200,4434,0.9000,0.0500,10,10,0.0000,0
a-n60-k9.vrp,ga,1,1406.8370,2399.6321,1877.2969,273.3097,200,4435,0.9000,0.0500,10,10,0.0000,0
a-n60-k9.vrp,ga,1,1406.8370,2402.9651,1886.8313,282.3117,200,4436,0.9000,0.0500,10,10,0.0000,0
a-n60-k9.vrp,ga,1,1406.8370,2550.8662,1890.5425,267.5084,200,4437,0.9000,0.0500,10,10,0.0000,0
a-n60-k9.vrp,ga,1,1406.8370,2428.5386,1887.2119,263.5915,200,4438,0.9000,0.0500,10,10,0.0000,0
a-n60-k9.vrp,ga,1,1406.8370,2411.9053,1926.1372,261.7390,200,4439,0.9000,0.0500,10,10,0.0000,0
a-n60-k9.vrp,ga,1,1406.8370,2389.4648,1849.9309,253.5785,200,4440,0.9000,0.0500,10,10,0.0000,0
a-n60-k9.vrp,ga,1,1406.8370,2519.6069,1875.9075,274.2554,200,4441,0.9000,0.0500,10,10,0.0000,0
a-n60-k9.vrp,ga,1,1406.8370,2590.0237,1862.2688,259.1451,200,4442,0.9000,0.0500,10,10,0.0000,0
a-n60-k9.vrp,ga,1,1406.8370,2383.1628,1870.3123,235.5625,200,4443,0.9000,0.0500,10,10,0.0000,0
a-n60-k9.vrp,ga,1,1406.8370,2532.5247,1904.5891,250.5696,200,4444,0.9000,0.0500,10,10,0.0000,0
a-n60-k9.vrp,ga,1,1406.8370,2389.0259,1865.3264,258.4764,200,4445,0.9000,0.0500,10,10,0.0000,0
a-n60-k9.vrp,ga,1,1406.8370,2347.0559,1845.3213,253.1304,200,4446,0.9000,0.0500,10,10,0.0000,0
a-n60-k9.vrp,ga,1,1406.8370,2297.7212,1850.8486,249.0287,200,4447,0.9000,0.0500,10,10,0.0000,0
a-n60-k9.vrp,ga,1,1406.8370,2408.5581,1841.5114,261.9148,200,4448,0.9000,0.0500,10,10,0.0000,0
a-n60-k9.vrp,ga,1,1406.8370,2373.9595,1817.2053,262.7225,200,4449,0.9000,0.0500,10,10,0.0000,0
a-n60-k9.vrp,ga,1,1406.8370,2318.7598,1834.4581,244.0518,200,4450,0.9000,0.0500,10,10,0.0000,0
a-n60-k9.vrp,ga,1,1406.8370,2319.2363,1825.8497,237.7673,200,4451,0.9000,0.0500,10,10,0.0000,0
a-n60-k9.vrp,ga,1,1406.8370,2366.6028,1868.7179,244.7108,200,4452,0.9000,0.0500,10,10,0.0000,0
a-n60-k9.vrp,ga,1,1406.8370,2542.2612,1957.3417,289.0376,200,4453,0.9000,0.0500,10,10,0.0000,0
a-n60-k9.vrp,ga,1,1406.8370,2533.5918,1934.9895,253.4942,200,4454,0.9000,0.0500,10,10,0.0000,0
a-n60-k9.vrp,ga,1,1406.8370,2550.7244,1915.3514,285.5955,200,4455,0.9000,0.0500,10,10,0.0000,0
a-n60-k9.vrp,ga,1,1406.8370,2472.2739,1871.7531,279.2476,200,4456,0.9000,0.0500,10,10,0.0000,0
a-n60-k9.vrp,ga,1,1406.8370,2533.2314,1882.5903,256.6848,200,4457,0.9000,0.0500,10,10,0.0000,0
a-n60-k9.vrp,ga,1,1406.8370,2626.0818,1853.0078,277.6648,200,4458,0.9000,0.0500,10,10,0.0000,0
a-n60-k9.vrp,ga,1,1406.8370,2431.1641,1893.0886,262.7026,200,4459,0.9000,0.0500,10,10,0.0000,0
a-n60-k9.vrp,ga,1,1406.8370,2437.6169,1876.5402,268.5008,200,4460,0.9000,0.0500,10,10,0.0000,0
a-n60-k9.vrp,ga,1,1406.8370,2431.7485,1868.4530,275.7523,200,4461,0.9000,0.0500,10,10,0.0000,0
a-n60-k9.vrp,ga,1,1406.8370,2411.0010,1859.5624,267.9605,200,4462,0.9000,0.0500,10,10,0.0000,0
a-n60-k9.vrp,ga,1,1406.8370,2548.8557,1871.2970,278.9784,200,4463,0.9000,0.0500,10,10,0.0000,0
a-n60-k9.vrp,ga,1,1406.8370,2681.3540,1874.2169,271.6859,200,4464,0.9000,0.0500,10,10,0.0000,0
a-n60-k9.vrp,ga,1,1406.8370,2749.1082,1867.7473,276.7258,200,4465,0.9000,0.0500,10,10,0.0000,0
a-n60-k9.vrp,ga,1,1406.8370,2692.0491,1888.1108,271.6560,200,4466,0.9000,0.0500,10,10,0.0000,0
a-n60-k9.vrp,ga,1,1406.8370,2620.5232,1866.2943,288.0633,200,4467,0.9000,0.0500,10,10,0.0000,0
a-n60-k9.vrp,ga,1,1406.8370,2675.3054,1875.8018,286.5863,200,4468,0.9000,0.0500,10,10,0.0000,0
a-n60-k9.vrp,ga,1,1406.8370,2434.6355,1846.7017,275.1696,200,4469,0.9000,0.0500,10,10,0.0000,0
a-n60-k9.vrp,ga,1,1406.8370,2487.0591,1818.7197,269.7706,200,4470,0.9000,0.0500,10,10,0.0000,0
a-n60-k9.vrp,ga,1,1406.8370,2526.5437,1822.6713,288.9924,200,4471,0.9000,0.0500,10,10,0.0000,0
a-n60-k9.vrp,ga,1,1406.8370,2730.0574,1867.2510,257.3036,200,4472,0.9000,0.0500,10,10,0.0000,0
a-n60-k9.vrp,ga,1,1406.8370,2564.5615,1850.1670,268.6829,200,4473,0.9000,0.0500,10,10,0.0000,0
a-n60-k9.vrp,ga,1,1406.8370,2569.8433,1875.0797,287.6647,200,4474,0.9000,0.0500,10,10,0.0000,0
a-n60-k9.vrp,ga,1,1406.8370,2443.5327,1852.5470,247.6023,200,4475,0.9000,0.0500,10,10,0.0000,0
a-n60-k9.vrp,ga,1,1406.8370,2633.1826,1911.1324,268.1894,200,4476,0.9000,0.0500,10,10,0.0000,0
a-n60-k9.vrp,ga,1,1406.8370,2750.8079,1855.0968,273.7939,200,4477,0.9000,0.0500,10,10,0.0000,0
a-n60-k9.vrp,ga,1,1406.8370,2480.2063,1822.4617,262.3921,200,4478,0.9000,0.0500,10,10,0.0000,0
a-n60-k9.vrp,ga,1,1406.8370,2767.8467,1791.5184,268.1857,200,4479,0.9000,0.0500,10,10,0.0000,0
a-n60-k9.vrp,ga,1,1406.8370,2525.8938,1837.6996,256.8003,200,4480,0.9000,0.0500,10,10,0.0000,0
a-n60-k9.vrp,ga,1,1406.8370,2607.1863,1839.2776,263.3527,200,4481,0.9000,0.0500,10,10,0.0000,0
a-n60-k9.vrp,ga,1,1406.8370,2519.4998,1863.2534,269.8111,200,4482,0.9000,0.0500,10,10,0.0000,0
a-n60-k9.vrp,ga,1,1406.8370,2716.5439,1834.0917,273.4142,200,4483,0.9000,0.0500,10,10,0.0000,0
a-n60-k9.vrp,ga,1,1406.8370,2666.7979,1843.4708,266.5943,200,4484,0.9000,0.0500,10,10,0.0000,0
a-n60-k9.vrp,ga,1,1406.8370,2433.3918,1815.3107,238.8699,200,4485,0.9000,0.0500,10,10,0.0000,0
a-n60-k9.vrp,ga,1,1406.8370,2640.6562,1860.7380,265.6986,200,4486,0.9000,0.0500,10,10,0.0000,0
a-n60-k9.vrp,ga,1,1406.8370,2384.2922,1862.4486,256.4084,200,4487,0.9000,0.0500,10,10,0.0000,0
a-n60-k9.vrp,ga,1,1406.8370,2480.6404,1810.4745,264.9962,200,4488,0.9000,0.0500,10,10,0.0000,0
a-n60-k9.vrp,ga,1,1406.8370,2398.5869,1792.5040,244.8127,200,4489,0.9000,0.0500,10,10,0.0000,0
a-n60-k9.vrp,ga,1,1406.8370,2584.2314,1780.3339,238.3669,200,4490,0.9000,0.0500,10,10,0.0000,0
a-n60-k9.vrp,ga,1,1406.8370,2258.3816,1800.0530,246.6089,200,4491,0.9000,0.0500,10,10,0.0000,0
a-n60-k9.vrp,ga,1,1406.8370,2266.3076,1802.5747,246.7103,200,4492,0.9000,0.0500,10,10,0.0000,0
a-n60-k9.vrp,ga,1,1406.8370,2406.5137,1797.7933,244.0654,200,4493,0.9000,0.0500,10,10,0.0000,0
a-n60-k9.vrp,ga,1,1406.8370,2278.6282,1789.4148,231.1758,200,4494,0.9000,0.0500,10,10,0.0000,0
a-n60-k9.vrp,ga,1,1406.8370,2306.7554,1798.2773,247.8578,200,4495,0.9000,0.0500,10,10,0.0000,0
a-n60-k9.vrp,ga,1,1406.8370,2279.0051,1806.7257,245.7477,200,4496,0.9000,0.0500,10,10,0.0000,0
a-n60-k9.vrp,ga,1,1406.8370,2514.7820,1807.7253,244.6478,200,4497,0.9000,0.0500,10,10,0.0000,0
a-n60-k9.vrp,ga,1,1406.8370,2409.7109,1803.3280,252.3398,200,4498,0.9000,0.0500,10,10,0.0000,0
a-n60-k9.vrp,ga,1,1406.8370,2325.4148,1817.7189,253.1460,200,4499,0.9000,0.0500,10,10,0.0000,0
a-n60-k9.vrp,ga,1,1406.8370,2370.4385,1791.6996,251.8109,200,4500,0.9000,0.0500,10,10,0.0000,0
a-n60-k9.vrp,ga,1,1406.8370,2472.6292,1819.1910,265.2591,200,4501,0.9000,0.0500,10,10,0.0000,0
a-n60-k9.vrp,ga,1,1406.8370,2449.9436,1821.0587,286.8169,200,4502,0.9000,0.0500,10,10,0.0000,0
a-n60-k9.vrp,ga,1,1406.8370,2340.7363,1778.5214,260.3975,200,4503,0.9000,0.0500,10,10,0.0000,0
a-n60-k9.vrp,ga,1,1406.8370,2439.7585,1835.8677,263.4879,200,4504,0.9000,0.0500,10,10,0.0000,0
a-n60-k9.vrp,ga,1,1406.8370,2432.7791,1818.9769,265.4688,200,4505,0.9000,0.0500,10,10,0.0000,0
a-n60-k9.vrp,ga,1,1406.8370,2441.3359,1813.0255,259.8864,200,4506,0.9000,0.0500,10,10,0.0000,0
a-n60-k9.vrp,ga,1,1406.8370,2416.2258,1834.9880,273.8803,200,4507,0.9000,0.0500,10,10,0.0000,0
a-n60-k9.vrp,ga,1,1406.8370,2480.4023,1819.6348,247.0122,200,4508,0.9000,0.0500,10,10,0.0000,0
a-n60-k9.vrp,ga,1,1406.8370,2436.6907,1844.1356,262.7931,200,4509,0.9000,0.0500,10,10,0.0000,0
a-n60-k9.vrp,ga,1,1406.8370,2409.2476,1834.0433,244.6335,200,4510,0.9000,0.0500,10,10,0.0000,0
a-n60-k9.vrp,ga,1,1406.8370,2577.3467,1847.8035,259.4969,200,4511,0.9000,0.0500,10,10,0.0000,0
a-n60-k9.vrp,ga,1,1406.8370,2545.3833,1862.4476,259.4865,200,4512,0.9000,0.0500,10,10,0.0000,0
a-n60-k9.vrp,ga,1,1406.8370,2521.6287,1907.3999,255.7504,200,4513,0.9000,0.0500,10,10,0.0000,0
a-n60-k9.vrp,ga,1,1406.8370,2434.3479,1891.6494,253.0842,200,4514,0.9000,0.0500,10,10,0.0000,0
a-n60-k9.vrp,ga,1,1406.8370,2394.7478,1877.0251,264.3040,200,4515,0.9000,0.0500,10,10,0.0000,0
a-n60-k9.vrp,ga,1,1406.8370,2497.4312,1860.4556,267.1134,200,4516,0.9000,0.0500,10,10,0.0000,0
a-n60-k9.vrp,ga,1,1406.8370,2638.7720,1849.2975,283.5949,200,4517,0.9000,0.0500,10,10,0.0000,0
a-n60-k9.vrp,ga,1,1406.8370,2604.5095,1839.7921,272.8341,200,4518,0.9000,0.0500,10,10,0.0000,0
a-n60-k9.vrp,ga,1,1406.8370,2306.1289,1805.5049,261.4042,200,4519,0.9000,0.0500,10,10,0.0000,0
a-n60-k9.vrp,ga,1,1406.8370,2507.7527,1824.1866,248.8256,200,4520,0.9000,0.0500,10,10,0.0000,0
a-n60-k9.vrp,ga,1,1406.8370,2610.6858,1856.7709,266.1352,200,4521,0.9000,0.0500,10,10,0.0000,0
a-n60-k9.vrp,ga,1,1406.8370,2543.9106,1829.3868,256.1061,200,4522,0.9000,0.0500,10,10,0.0000,0
a-n60-k9.vrp,ga,1,1406.8370,2390.8242,1820.8185,266.8518,200,4523,0.9000,0.0500,10,10,0.0000,0
a-n60-k9.vrp,ga,1,1406.8370,2558.0581,1853.1827,284.6630,200,4524,0.9000,0.0500,10,10,0.0000,0
a-n60-k9.vrp,ga,1,1406.8370,2672.1853,1865.4263,249.1123,200,4525,0.9000,0.0500,10,10,0.0000,0
a-n60-k9.vrp,ga,1,1406.8370,2584.7036,1873.6995,272.7642,200,4526,0.9000,0.0500,10,10,0.0000,0
a-n60-k9.vrp,ga,1,1406.8370,2562.9629,1859.3341,256.2093,200,4527,0.9000,0.0500,10,10,0.0000,0
a-n60-k9.vrp,ga,1,1406.8370,2512.8872,1824.8090,259.1297,200,4528,0.9000,0.0500,10,10,0.0000,0
a-n60-k9.vrp,ga,1,1406.8370,2492.0510,1826.7485,252.6185,200,4529,0.9000,0.0500,10,10,0.0000,0
a-n60-k9.vrp,ga,1,1406.8370,2530.1162,1840.9803,267.7447,200,4530,0.9000,0.0500,10,10,0.0000,0
a-n60-k9.vrp,ga,1,1406.8370,2431.5952,1855.2690,262.9853,200,4531,0.9000,0.0500,10,10,0.0000,0
a-n60-k9.vrp,ga,1,1406.8370,2511.8220,1864.4639,262.4393,200,4532,0.9000,0.0500,10,10,0.0000,0
a-n60-k9.vrp,ga,1,1406.8370,2575.9231,1874.2556,250.4165,200,4533,0.9000,0.0500,10,10,0.0000,0
a-n60-k9.vrp,ga,1,1406.8370,2382.8652,1882.0597,253.4963,200,4534,0.9000,0.0500,10,10,0.0000,0
a-n60-k9.vrp,ga,1,1406.8370,2594.2224,1882.3604,274.1282,200,4535,0.9000,0.0500,10,10,0.0000,0
a-n60-k9.vrp,ga,1,1406.8370,2401.0872,1888.9047,269.7984,200,4536,0.9000,0.0500,10,10,0.0000,0
a-n60-k9.vrp,ga,1,1406.8370,2398.2910,1862.7150,252.8193,200,4537,0.9000,0.0500,10,10,0.0000,0
a-n60-k9.vrp,ga,1,1406.8370,2478.0051,1908.0588,264.0993,200,4538,0.9000,0.0500,10,10,0.0000,0
a-n60-k9.vrp,ga,1,1406.8370,2348.7808,1840.4094,252.2892,200,4539,0.9000,0.0500,10,10,0.0000,0
a-n60-k9.vrp,ga,1,1406.8370,2524.1538,1869.4935,264.3801,200,4540,0.9000,0.0500,10,10,0.0000,0
a-n60-k9.vrp,ga,1,1406.8370,2458.6411,1858.8397,273.5331,200,4541,0.9000,0.0500,10,10,0.0000,0
a-n60-k9.vrp,ga,1,1406.8370,2452.7278,1842.8370,257.7620,200,4542,0.9000,0.0500,10,10,0.0000,0
a-n60-k9.vrp,ga,1,1406.8370,2448.8232,1819.2723,267.6058,200,4543,0.9000,0.0500,10,10,0.0000,0
a-n60-k9.vrp,ga,1,1406.8370,2417.7498,1847.9567,272.6893,200,4544,0.9000,0.0500,10,10,0.0000,0
a-n60-k9.vrp,ga,1,1406.8370,2486.3491,1848.7328,260.0756,200,4545,0.9000,0.0500,10,10,0.0000,0
a-n60-k9.vrp,ga,1,1406.8370,2458.0005,1850.1404,266.8298,200,4546,0.9000,0.0500,10,10,0.0000,0
a-n60-k9.vrp,ga,1,1406.8370,2469.2058,1842.5587,251.3125,200,4547,0.9000,0.0500,10,10,0.0000,0
a-n60-k9.vrp,ga,1,1406.8370,2515.8352,1850.1279,280.2528,200,4548,0.9000,0.0500,10,10,0.0000,0
a-n60-k9.vrp,ga,1,1406.8370,2451.9370,1831.0673,283.9346,200,4549,0.9000,0.0500,10,10,0.0000,0
a-n60-k9.vrp,ga,1,1406.8370,2449.5422,1814.4742,251.3224,200,4550,0.9000,0.0500,10,10,0.0000,0
a-n60-k9.vrp,ga,1,1406.8370,2391.6333,1833.6145,255.9206,200,4551,0.9000,0.0500,10,10,0.0000,0
a-n60-k9.vrp,ga,1,1406.8370,2548.7314,1844.1865,255.1415,200,4552,0.9000,0.0500,10,10,0.0000,0
a-n60-k9.vrp,ga,1,1406.8370,2670.1130,1865.0637,291.4883,200,4553,0.9000,0.0500,10,10,0.0000,0
a-n60-k9.vrp,ga,1,1406.8370,2503.5532,1826.8352,282.2874,200,4554,0.9000,0.0500,10,10,0.0000,0
a-n60-k9.vrp,ga,1,1406.8370,2628.1831,1819.9207,280.8524,200,4555,0.9000,0.0500,10,10,0.0000,0
a-n60-k9.vrp,ga,1,1406.8370,2495.2114,1868.9056,279.9582,200,4556,0.9000,0.0500,10,10,0.0000,0
a-n60-k9.vrp,ga,1,1406.8370,2642.1829,1882.1980,288.7451,200,4557,0.9000,0.0500,10,10,0.0000,0
a-n60-k9.vrp,ga,1,1406.8370,2577.9844,1846.4054,266.1351,200,4558,0.9000,0.0500,10,10,0.0000,0
a-n60-k9.vrp,ga,1,1406.8370,2620.2717,1877.4435,291.2431,200,4559,0.9000,0.0500,10,10,0.0000,0
a-n60-k9.vrp,ga,1,1406.8370,2809.1028,1868.8607,290.9217,200,4560,0.9000,0.0500,10,10,0.0000,0
a-n60-k9.vrp,ga,1,1406.8370,2568.7932,1853.1027,270.4310,200,4561,0.9000,0.0500,10,10,0.0000,0
a-n60-k9.vrp,ga,1,1406.8370,2482.8110,1849.5968,272.9044,200,4562,0.9000,0.0500,10,10,0.0000,0
a-n60-k9.vrp,ga,1,1406.8370,2905.3757,1877.3069,269.5566,200,4563,0.9000,0.0500,10,10,0.0000,0
a-n60-k9.vrp,ga,1,1406.8370,2639.5618,1891.7262,273.3092,200,4564,0.9000,0.0500,10,10,0.0000,0
a-n60-k9.vrp,ga,1,1406.8370,2552.5303,1873.8505,272.7764,200,4565,0.9000,0.0500,10,10,0.0000,0
a-n60-k9.vrp,ga,1,1406.8370,2519.0469,1861.1849,249.8663,200,4566,0.9000,0.0500,10,10,0.0000,0
a-n60-k9.vrp,ga,1,1406.8370,2391.7881,1856.2052,244.6545,200,4567,0.9000,0.0500,10,10,0.0000,0
a-n60-k9.vrp,ga,1,1406.8370,2516.7358,1888.7505,253.4496,200,4568,0.9000,0.0500,10,10,0.0000,0
a-n60-k9.vrp,ga,1,1406.8370,2405.7161,1835.5529,262.6919,200,4569,0.9000,0.0500,10,10,0.0000,0
a-n60-k9.vrp,ga,1,1406.8370,2374.4282,1815.7069,251.4889,200,4570,0.9000,0.0500,10,10,0.0000,0
a-n60-k9.vrp,ga,1,1406.8370,2445.5906,1841.3539,253.3183,200,4571,0.9000,0.0500,10,10,0.0000,0
a-n60-k9.vrp,ga,1,1406.8370,2592.5464,1833.9484,258.1938,200,4572,0.9000,0.0500,10,10,0.0000,0
a-n60-k9.vrp,ga,1,1406.8370,2475.7952,1849.8436,259.9025,200,4573,0.9000,0.0500,10,10,0.0000,0
a-n60-k9.vrp,ga,1,1406.8370,2411.3208,1851.4883,252.7103,200,4574,0.9000,0.0500,10,10,0.0000,0
a-n60-k9.vrp,ga,1,1406.8370,2463.9204,1864.1075,247.5518,200,4575,0.9000,0.0500,10,10,0.0000,0
a-n60-k9.vrp,ga,1,1406.8370,2522.2019,1876.9169,272.3343,200,4576,0.9000,0.0500,10,10,0.0000,0
a-n60-k9.vrp,ga,1,1406.8370,2348.8245,1845.3633,251.5230,200,4577,0.9000,0.0500,10,10,0.0000,0
a-n60-k9.vrp,ga,1,1406.8370,2507.6987,1825.6285,256.6640,200,4578,0.9000,0.0500,10,10,0.0000,0
a-n60-k9.vrp,ga,1,1406.8370,2578.2900,1861.8927,261.6183,200,4579,0.9000,0.0500,10,10,0.0000,0
a-n60-k9.vrp,ga,1,1406.8370,2460.0527,1842.5826,253.1592,200,4580,0.9000,0.0500,10,10,0.0000,0
a-n60-k9.vrp,ga,1,1406.8370,2490.1497,1859.6875,257.0235,200,4581,0.9000,0.0500,10,10,0.0000,0
a-n60-k9.vrp,ga,1,1406.8370,2458.8889,1875.8363,251.6789,200,4582,0.9000,0.0500,10,10,0.0000,0
a-n60-k9.vrp,ga,1,1406.8370,2498.7747,1861.1761,263.6060,200,4583,0.9000,0.0500,10,10,0.0000,0
a-n60-k9.vrp,ga,1,1406.8370,2470.8420,1855.3638,254.5588,200,4584,0.9000,0.0500,10,10,0.0000,0
a-n60-k9.vrp,ga,1,1406.8370,2465.7729,1847.1517,269.3879,200,4585,0.9000,0.0500,10,10,0.0000,0
a-n60-k9.vrp,ga,1,1406.8370,2414.6899,1819.6508,249.6535,200,4586,0.9000,0.0500,10,10,0.0000,0
a-n60-k9.vrp,ga,1,1406.8370,2407.3525,1822.1700,257.2879,200,4587,0.9000,0.0500,10,10,0.0000,0
a-n60-k9.vrp,ga,1,1406.8370,2420.7112,1872.6471,252.3956,200,4588,0.9000,0.0500,10,10,0.0000,0
a-n60-k9.vrp,ga,1,1406.8370,2424.9741,1868.5637,268.4966,200,4589,0.9000,0.0500,10,10,0.0000,0
a-n60-k9.vrp,ga,1,1406.8370,2502.5720,1846.9686,274.4200,200,4590,0.9000,0.0500,10,10,0.0000,0
a-n60-k9.vrp,ga,1,1406.8370,2500.9646,1859.9149,276.6071,200,4591,0.9000,0.0500,10,10,0.0000,0
a-n60-k9.vrp,ga,1,1406.8370,2545.5642,1861.0017,281.2976,200,4592,0.9000,0.0500,10,10,0.0000,0
a-n60-k9.vrp,ga,1,1406.8370,2440.6973,1833.2083,269.1380,200,4593,0.9000,0.0500,10,10,0.0000,0
a-n60-k9.vrp,ga,1,1406.8370,2549.5261,1865.3505,278.6409,200,4594,0.9000,0.0500,10,10,0.0000,0
a-n60-k9.vrp,ga,1,1406.8370,2570.6199,1855.2367,262.5127,200,4595,0.9000,0.0500,10,10,0.0000,0
a-n60-k9.vrp,ga,1,1406.8370,2494.6799,1920.5504,261.6010,200,4596,0.9000,0.0500,10,10,0.0000,0
a-n60-k9.vrp,ga,1,1406.8370,2544.8596,1879.4183,268.9078,200,4597,0.9000,0.0500,10,10,0.0000,0
a-n60-k9.vrp,ga,1,1406.8370,2561.1255,1908.7815,270.6825,200,4598,0.9000,0.0500,10,10,0.0000,0
a-n60-k9.vrp,ga,1,1406.8370,2579.0464,1902.3944,266.7810,200,4599,0.9000,0.0500,10,10,0.0000,0
a-n60-k9.vrp,ga,1,1406.8370,2409.3650,1909.8746,261.7724,200,4600,0.9000,0.0500,10,10,0.0000,0
a-n60-k9.vrp,ga,1,1406.8370,2491.6394,1870.5570,267.3308,200,4601,0.9000,0.0500,10,10,0.0000,0
a-n60-k9.vrp,ga,1,1406.8370,2459.6885,1870.6991,257.9301,200,4602,0.9000,0.0500,10,10,0.0000,0
a-n60-k9.vrp,ga,1,1406.8370,2459.5713,1847.5442,263.2758,200,4603,0.9000,0.0500,10,10,0.0000,0
a-n60-k9.vrp,ga,1,1406.8370,2355.0393,1862.9655,250.2766,200,4604,0.9000,0.0500,10,10,0.0000,0
a-n60-k9.vrp,ga,1,1406.8370,2358.7625,1906.4612,241.5357,200,4605,0.9000,0.0500,10,10,0.0000,0
a-n60-k9.vrp,ga,1,1406.8370,2396.3176,1911.0056,263.2691,200,4606,0.9000,0.0500,10,10,0.0000,0
a-n60-k9.vrp,ga,1,1406.8370,2524.2253,1893.0056,271.4738,200,4607,0.9000,0.0500,10,10,0.0000,0
a-n60-k9.vrp,ga,1,1406.8370,2513.2395,1869.5165,280.8727,200,4608,0.9000,0.0500,10,10,0.0000,0
a-n60-k9.vrp,ga,1,1406.8370,2549.4458,1878.1615,284.8239,200,4609,0.9000,0.0500,10,10,0.0000,0
a-n60-k9.vrp,ga,1,1406.8370,2471.8376,1845.9493,277.4478,200,4610,0.9000,0.0500,10,10,0.0000,0
a-n60-k9.vrp,ga,1,1406.8370,2545.8521,1852.8602,265.4122,200,4611,0.9000,0.0500,10,10,0.0000,0
a-n60-k9.vrp,ga,1,1406.8370,2634.6448,1863.7290,258.4347,200,4612,0.9000,0.0500,10,10,0.0000,0
a-n60-k9.vrp,ga,1,1406.8370,2557.3445,1862.9584,282.9620,200,4613,0.9000,0.0500,10,10,0.0000,0
a-n60-k9.vrp,ga,1,1406.8370,2485.4131,1873.9867,260.8866,200,4614,0.9000,0.0500,10,10,0.0000,0
a-n60-k9.vrp,ga,1,1406.8370,2534.7151,1881.9938,262.9989,200,4615,0.9000,0.0500,10,10,0.0000,0
a-n60-k9.vrp,ga,1,1406.8370,2423.4812,1863.6619,283.1287,200,4616,0.9000,0.0500,10,10,0.0000,0
a-n60-k9.vrp,ga,1,1406.8370,2586.0291,1859.8105,267.9839,200,4617,0.9000,0.0500,10,10,0.0000,0
a-n60-k9.vrp,ga,1,1406.8370,2449.2300,1846.1752,265.5402,200,4618,0.9000,0.0500,10,10,0.0000,0
a-n60-k9.vrp,ga,1,1406.8370,2470.8696,1881.2013,276.9190,200,4619,0.9000,0.0500,10,10,0.0000,0
a-n60-k9.vrp,ga,1,1406.8370,2473.9680,1899.2517,259.9042,200,4620,0.9000,0.0500,10,10,0.0000,0
a-n60-k9.vrp,ga,1,1406.8370,2523.6777,1880.3181,274.5501,200,4621,0.9000,0.0500,10,10,0.0000,0
a-n60-k9.vrp,ga,1,1406.8370,2481.8130,1885.0938,274.5927,200,4622,0.9000,0.0500,10,10,0.0000,0
a-n60-k9.vrp,ga,1,1406.8370,2710.2451,1889.8523,289.7956,200,4623,0.9000,0.0500,10,10,0.0000,0
a-n60-k9.vrp,ga,1,1406.8370,2427.7974,1872.7373,264.1779,200,4624,0.9000,0.0500,10,10,0.0000,0
a-n60-k9.vrp,ga,1,1406.8370,2528.4541,1870.7406,272.9051,200,4625,0.9000,0.0500,10,10,0.0000,0
a-n60-k9.vrp,ga,1,1406.8370,2932.6270,1904.3130,316.6099,200,4626,0.9000,0.0500,10,10,0.0000,0
a-n60-k9.vrp,ga,1,1406.8370,2566.5359,1852.8182,266.5288,200,4627,0.9000,0.0500,10,10,0.0000,0
a-n60-k9.vrp,ga,1,1406.8370,2560.6118,1875.8639,276.2961,200,4628,0.9000,0.0500,10,10,0.0000,0
a-n60-k9.vrp,ga,1,1406.8370,2789.8716,1866.8384,274.7530,200,4629,0.9000,0.0500,10,10,0.0000,0
a-n60-k9.vrp,ga,1,1406.8370,2420.2197,1877.6547,266.9326,200,4630,0.9000,0.0500,10,10,0.0000,0
a-n60-k9.vrp,ga,1,1406.8370,2635.8860,1866.7371,277.8732,200,4631,0.9000,0.0500,10,10,0.0000,0
a-n60-k9.vrp,ga,1,1406.8370,2569.3330,1885.6841,288.7643,200,4632,0.9000,0.0500,10,10,0.0000,0
a-n60-k9.vrp,ga,1,1406.8370,2460.5391,1877.9742,273.8394,200,4633,0.9000,0.0500,10,10,0.0000,0
a-n60-k9.vrp,ga,1,1406.8370,2678.2446,1929.8796,288.4932,200,4634,0.9000,0.0500,10,10,0.0000,0
a-n60-k9.vrp,ga,1,1406.8370,2598.5654,1936.1129,301.2522,200,4635,0.9000,0.0500,10,10,0.0000,0
a-n60-k9.vrp,ga,1,1406.8370,2516.7327,1887.4087,300.0421,200,4636,0.9000,0.0500,10,10,0.0000,0
a-n60-k9.vrp,ga,1,1406.8370,2448.8228,1865.3619,271.1640,200,4637,0.9000,0.0500,10,10,0.0000,0
a-n60-k9.vrp,ga,1,1406.8370,2478.1814,1854.0315,284.6297,200,4638,0.9000,0.0500,10,10,0.0000,0
a-n60-k9.vrp,ga,1,1406.8370,2476.8306,1900.7690,271.6937,200,4639,0.9000,0.0500,10,10,0.0000,0
a-n60-k9.vrp,ga,1,1406.8370,2518.6787,1898.5940,280.8334,200,4640,0.9000,0.0500,10,10,0.0000,0
a-n60-k9.vrp,ga,1,1406.8370,2530.0264,1873.9675,268.6064,200,4641,0.9000,0.0500,10,10,0.0000,0
a-n60-k9.vrp,ga,1,1406.8370,2564.7566,1918.3354,276.2069,200,4642,0.9000,0.0500,10,10,0.0000,0
a-n60-k9.vrp,ga,1,1406.8370,2705.4631,1902.7853,285.8676,200,4643,0.9000,0.0500,10,10,0.0000,0
a-n60-k9.vrp,ga,1,1406.8370,2558.4377,1873.7870,292.4893,200,4644,0.9000,0.0500,10,10,0.0000,0
a-n60-k9.vrp,ga,1,1406.8370,2558.4377,1868.2188,291.4464,200,4645,0.9000,0.0500,10,10,0.0000,0
a-n60-k9.vrp,ga,1,1406.8370,2731.2515,1918.9915,266.6013,200,4646,0.9000,0.0500,10,10,0.0000,0
a-n60-k9.vrp,ga,1,1406.8370,2670.0928,1942.3905,277.7090,200,4647,0.9000,0.0500,10,10,0.0000,0
a-n60-k9.vrp,ga,1,1406.8370,2610.3738,1966.7996,278.0971,200,4648,0.9000,0.0500,10,10,0.0000,0
a-n60-k9.vrp,ga,1,1406.8370,2560.5947,2002.4550,281.7030,200,4649,0.9000,0.0500,10,10,0.0000,0
a-n60-k9.vrp,ga,1,1406.8370,2681.2566,1993.3472,278.0818,200,4650,0.9000,0.0500,10,10,0.0000,0
a-n60-k9.vrp,ga,1,1406.8370,2540.3833,1977.6295,287.6808,200,4651,0.9000,0.0500,10,10,0.0000,0
a-n60-k9.vrp,ga,1,1406.8370,2583.8472,1957.9039,285.1664,200,4652,0.9000,0.0500,10,10,0.0000,0
a-n60-k9.vrp,ga,1,1406.8370,2670.8718,1941.6326,294.5458,200,4653,0.9000,0.0500,10,10,0.0000,0
a-n60-k9.vrp,ga,1,1406.8370,2568.4192,1929.4468,278.2458,200,4654,0.9000,0.0500,10,10,0.0000,0
a-n60-k9.vrp,ga,1,1406.8370,2444.7292,1878.9530,271.6113,200,4655,0.9000,0.0500,10,10,0.0000,0
a-n60-k9.vrp,ga,1,1406.8370,2632.9026,1899.2238,300.3760,200,4656,0.9000,0.0500,10,10,0.0000,0
a-n60-k9.vrp,ga,1,1406.8370,2595.4404,1863.8601,290.9838,200,4657,0.9000,0.0500,10,10,0.0000,0
a-n60-k9.vrp,ga,1,1406.8370,2588.7773,1889.1925,283.0402,200,4658,0.9000,0.0500,10,10,0.0000,0
a-n60-k9.vrp,ga,1,1406.8370,2659.4785,1867.5562,296.5258,200,4659,0.9000,0.0500,10,10,0.0000,0
a-n60-k9.vrp,ga,1,1406.8370,2625.1943,1880.7197,292.4290,200,4660,0.9000,0.0500,10,10,0.0000,0
a-n60-k9.vrp,ga,1,1406.8370,2475.6243,1858.5347,275.7407,200,4661,0.9000,0.0500,10,10,0.0000,0
a-n60-k9.vrp,ga,1,1406.8370,2501.9395,1887.8376,277.8032,200,4662,0.9000,0.0500,10,10,0.0000,0
a-n60-k9.vrp,ga,1,1406.8370,2555.8938,1874.1775,288.7324,200,4663,0.9000,0.0500,10,10,0.0000,0
a-n60-k9.vrp,ga,1,1406.8370,2508.7681,1884.3823,271.2339,200,4664,0.9000,0.0500,10,10,0.0000,0
a-n60-k9.vrp,ga,1,1406.8370,2694.0190,1899.9086,286.4950,200,4665,0.9000,0.0500,10,10,0.0000,0
a-n60-k9.vrp,ga,1,1406.8370,2490.4121,1938.9465,270.5268,200,4666,0.9000,0.0500,10,10,0.0000,0
a-n60-k9.vrp,ga,1,1406.8370,2535.1375,1918.8948,277.1138,200,4667,0.9000,0.0500,10,10,0.0000,0
a-n60-k9.vrp,ga,1,1406.8370,2633.5305,1895.8757,280.1702,200,4668,0.9000,0.0500,10,10,0.0000,0
a-n60-k9.vrp,ga,1,1406.8370,2532.1101,1908.1211,279.6336,200,4669,0.9000,0.0500,10,10,0.0000,0
a-n60-k9.vrp,ga,1,1406.8370,2518.9219,1904.5731,287.2594,200,4670,0.9000,0.0500,10,10,0.0000,0
a-n60-k9.vrp,ga,1,1406.8370,2482.4268,1889.9081,261.7246,200,4671,0.9000,0.0500,10,10,0.0000,0
a-n60-k9.vrp,ga,1,1406.8370,2780.0042,1906.3600,296.4676,200,4672,0.9000,0.0500,10,10,0.0000,0
a-n60-k9.vrp,ga,1,1406.8370,2523.2681,1901.4135,283.3177,200,4673,0.9000,0.0500,10,10,0.0000,0
a-n60-k9.vrp,ga,1,1406.8370,2581.4680,1859.3170,284.5459,200,4674,0.9000,0.0500,10,10,0.0000,0
a-n60-k9.vrp,ga,1,1406.8370,2664.8088,1909.1240,286.6702,200,4675,0.9000,0.0500,10,10,0.0000,0
a-n60-k9.vrp,ga,1,1406.8370,2410.6565,1914.0759,288.8477,200,4676,0.9000,0.0500,10,10,0.0000,0
a-n60-k9.vrp,ga,1,1406.8370,2648.8611,1880.1178,293.2647,200,4677,0.9000,0.0500,10,10,0.0000,0
a-n60-k9.vrp,ga,1,1406.8370,2502.2351,1876.4121,277.0141,200,4678,0.9000,0.0500,10,10,0.0000,0
a-n60-k9.vrp,ga,1,1406.8370,2542.9502,1937.6769,287.0725,200,4679,0.9000,0.0500,10,10,0.0000,0
a-n60-k9.vrp,ga,1,1406.8370,2493.0481,1862.5703,279.4930,200,4680,0.9000,0.0500,10,10,0.0000,0
a-n60-k9.vrp,ga,1,1406.8370,2568.6023,1938.0260,291.6546,200,4681,0.9000,0.0500,10,10,0.0000,0
a-n60-k9.vrp,ga,1,1406.8370,2522.1387,1927.9539,281.4149,200,4682,0.9000,0.0500,10,10,0.0000,0
a-n60-k9.vrp,ga,1,1406.8370,2906.1790,1910.7579,308.6000,200,4683,0.9000,0.0500,10,10,0.0000,0
a-n60-k9.vrp,ga,1,1406.8370,2482.6455,1926.2817,289.4143,200,4684,0.9000,0.0500,10,10,0.0000,0
a-n60-k9.vrp,ga,1,1406.8370,2640.1824,1909.8827,284.6960,200,4685,0.9000,0.0500,10,10,0.0000,0
a-n60-k9.vrp,ga,1,1406.8370,2593.8130,1920.4592,277.2809,200,4686,0.9000,0.0500,10,10,0.0000,0
a-n60-k9.vrp,ga,1,1406.8370,2654.9250,1905.4324,285.3496,200,4687,0.9000,0.0500,10,10,0.0000,0
a-n60-k9.vrp,ga,1,1406.8370,2520.4375,1901.8700,285.5356,200,4688,0.9000,0.0500,10,10,0.0000,0
a-n60-k9.vrp,ga,1,1406.8370,2505.4973,1884.5504,262.9181,200,4689,0.9000,0.0500,10,10,0.0000,0
a-n60-k9.vrp,ga,1,1406.8370,2508.1667,1891.3696,286.9243,200,4690,0.9000,0.0500,10,10,0.0000,0
a-n60-k9.vrp,ga,1,1406.8370,2482.7576,1867.6843,292.7448,200,4691,0.9000,0.0500,10,10,0.0000,0
a-n60-k9.vrp,ga,1,1406.8370,2628.4724,1848.3940,266.0906,200,4692,0.9000,0.0500,10,10,0.0000,0
a-n60-k9.vrp,ga,1,1406.8370,2454.9216,1848.9762,257.8329,200,4693,0.9000,0.0500,10,10,0.0000,0
a-n60-k9.vrp,ga,1,1406.8370,2558.9441,1876.8467,262.1444,200,4694,0.9000,0.0500,10,10,0.0000,0
a-n60-k9.vrp,ga,1,1406.8370,2401.4468,1855.6322,260.7093,200,4695,0.9000,0.0500,10,10,0.0000,0
a-n60-k9.vrp,ga,1,1406.8370,2518.6562,1911.6481,274.3194,200,4696,0.9000,0.0500,10,10,0.0000,0
a-n60-k9.vrp,ga,1,1406.8370,2481.3555,1934.2473,268.8302,200,4697,0.9000,0.0500,10,10,0.0000,0
a-n60-k9.vrp,ga,1,1406.8370,2631.3213,1970.0178,299.5963,200,4698,0.9000,0.0500,10,10,0.0000,0
a-n60-k9.vrp,ga,1,1406.8370,2496.8247,1944.5664,292.2570,200,4699,0.9000,0.0500,10,10,0.0000,0
a-n60-k9.vrp,ga,1,1406.8370,2635.0020,1888.4343,302.2571,200,4700,0.9000,0.0500,10,10,0.0000,0
a-n60-k9.vrp,ga,1,1406.8370,2639.5916,1925.8131,316.0053,200,4701,0.9000,0.0500,10,10,0.0000,0
a-n60-k9.vrp,ga,1,1406.8370,2541.2295,1926.0248,278.1670,200,4702,0.9000,0.0500,10,10,0.0000,0
a-n60-k9.vrp,ga,1,1406.8370,2566.8752,1931.8569,293.7990,200,4703,0.9000,0.0500,10,10,0.0000,0
a-n60-k9.vrp,ga,1,1406.8370,2610.4312,1910.4684,281.9371,200,4704,0.9000,0.0500,10,10,0.0000,0
a-n60-k9.vrp,ga,1,1406.8370,2681.6987,1934.4395,296.4892,200,4705,0.9000,0.0500,10,10,0.0000,0
a-n60-k9.vrp,ga,1,1406.8370,2603.9575,1924.7861,278.0148,200,4706,0.9000,0.0500,10,10,0.0000,0
a-n60-k9.vrp,ga,1,1406.8370,2561.3623,1865.2424,293.8419,200,4707,0.9000,0.0500,10,10,0.0000,0
a-n60-k9.vrp,ga,1,1406.8370,2485.5439,1876.8892,307.0346,200,4708,0.9000,0.0500,10,10,0.0000,0
a-n60-k9.vrp,ga,1,1406.8370,2563.5391,1863.7905,278.8405,200,4709,0.9000,0.0500,10,10,0.0000,0
a-n60-k9.vrp,ga,1,1406.8370,2525.7935,1873.2694,274.2684,200,4710,0.9000,0.0500,10,10,0.0000,0
a-n60-k9.vrp,ga,1,1406.8370,2441.5513,1850.4430,280.5056,200,4711,0.9000,0.0500,10,10,0.0000,0
a-n60-k9.vrp,ga,1,1406.8370,2552.7715,1843.9794,275.0444,200,4712,0.9000,0.0500,10,10,0.0000,0
a-n60-k9.vrp,ga,1,1406.8370,2620.5688,1874.3821,292.9288,200,4713,0.9000,0.0500,10,10,0.0000,0
a-n60-k9.vrp,ga,1,1406.8370,2662.5027,1829.3048,282.9431,200,4714,0.9000,0.0500,10,10,0.0000,0
a-n60-k9.vrp,ga,1,1406.8370,2418.6392,1822.6973,268.6345,200,4715,0.9000,0.0500,10,10,0.0000,0
a-n60-k9.vrp,ga,1,1406.8370,2333.7803,1812.3580,262.7253,200,4716,0.9000,0.0500,10,10,0.0000,0
a-n60-k9.vrp,ga,1,1406.8370,2415.1487,1846.1384,273.8694,200,4717,0.9000,0.0500,10,10,0.0000,0
a-n60-k9.vrp,ga,1,1406.8370,2449.1108,1860.9633,262.4879,200,4718,0.9000,0.0500,10,10,0.0000,0
a-n60-k9.vrp,ga,1,1406.8370,2569.9688,1849.5804,275.6303,200,4719,0.9000,0.0500,10,10,0.0000,0
a-n60-k9.vrp,ga,1,1406.8370,2539.3845,1849.7966,269.2965,200,4720,0.9000,0.0500,10,10,0.0000,0
a-n60-k9.vrp,ga,1,1406.8370,2819.4270,1886.0891,282.4487,200,4721,0.9000,0.0500,10,10,0.0000,0
a-n60-k9.vrp,ga,1,1406.8370,2721.5393,1856.1558,287.4810,200,4722,0.9000,0.0500,10,10,0.0000,0
a-n60-k9.vrp,ga,1,1406.8370,2913.3823,1860.9052,292.5544,200,4723,0.9000,0.0500,10,10,0.0000,0
a-n60-k9.vrp,ga,1,1406.8370,2575.6953,1850.3185,275.7378,200,4724,0.9000,0.0500,10,10,0.0000,0
a-n60-k9.vrp,ga,1,1406.8370,2906.2178,1867.3849,311.5394,200,4725,0.9000,0.0500,10,10,0.0000,0
a-n60-k9.vrp,ga,1,1406.8370,2777.2351,1853.6289,281.7780,200,4726,0.9000,0.0500,10,10,0.0000,0
a-n60-k9.vrp,ga,1,1406.8370,2835.8557,1882.8125,283.4623,200,4727,0.9000,0.0500,10,10,0.0000,0
a-n60-k9.vrp,ga,1,1406.8370,3032.9360,1912.8446,319.1820,200,4728,0.9000,0.0500,10,10,0.0000,0
a-n60-k9.vrp,ga,1,1406.8370,2796.6833,1879.9314,290.1961,200,4729,0.9000,0.0500,10,10,0.0000,0
a-n60-k9.vrp,ga,1,1406.8370,2833.9360,1859.2146,289.4012,200,4730,0.9000,0.0500,10,10,0.0000,0
a-n60-k9.vrp,ga,1,1406.8370,2726.2969,1848.2673,289.2373,200,4731,0.9000,0.0500,10,10,0.0000,0
a-n60-k9.vrp,ga,1,1406.8370,2738.6467,1862.4363,292.5443,200,4732,0.9000,0.0500,10,10,0.0000,0
a-n60-k9.vrp,ga,1,1406.8370,2543.6270,1857.7676,269.1251,200,4733,0.9000,0.0500,10,10,0.0000,0
a-n60-k9.vrp,ga,1,1406.8370,2705.4941,1860.6904,281.5498,200,4734,0.9000,0.0500,10,10,0.0000,0
a-n60-k9.vrp,ga,1,1406.8370,2766.5059,1890.7653,286.8081,200,4735,0.9000,0.0500,10,10,0.0000,0
a-n60-k9.vrp,ga,1,1406.8370,2667.8972,1896.0392,299.6420,200,4736,0.9000,0.0500,10,10,0.0000,0
a-n60-k9.vrp,ga,1,1406.8370,2734.7407,1861.0443,274.3889,200,4737,0.9000,0.0500,10,10,0.0000,0
a-n60-k9.vrp,ga,1,1406.8370,2736.2351,1876.4609,281.5128,200,4738,0.9000,0.0500,10,10,0.0000,0
a-n60-k9.vrp,ga,1,1406.8370,2808.4707,1956.4196,310.6709,200,4739,0.9000,0.0500,10,10,0.0000,0
a-n60-k9.vrp,ga,1,1406.8370,2785.4214,1913.5442,315.0860,200,4740,0.9000,0.0500,10,10,0.0000,0
a-n60-k9.vrp,ga,1,1406.8370,2811.0894,1888.1005,304.3426,200,4741,0.9000,0.0500,10,10,0.0000,0
a-n60-k9.vrp,ga,1,1406.8370,2823.4670,1887.3448,295.4738,200,4742,0.9000,0.0500,10,10,0.0000,0
a-n60-k9.vrp,ga,1,1406.8370,2595.3230,1882.9094,298.4537,200,4743,0.9000,0.0500,10,10,0.0000,0
a-n60-k9.vrp,ga,1,1406.8370,2719.8413,1891.2554,293.4312,200,4744,0.9000,0.0500,10,10,0.0000,0
a-n60-k9.vrp,ga,1,1406.8370,2783.2498,1897.4620,302.2416,200,4745,0.9000,0.0500,10,10,0.0000,0
a-n60-k9.vrp,ga,1,1406.8370,2701.4729,1900.7913,278.4442,200,4746,0.9000,0.0500,10,10,0.0000,0
a-n60-k9.vrp,ga,1,1406.8370,2747.2454,1930.9839,299.0161,200,4747,0.9000,0.0500,10,10,0.0000,0
a-n60-k9.vrp,ga,1,1406.8370,2617.5769,1920.6748,293.4236,200,4748,0.9000,0.0500,10,10,0.0000,0
a-n60-k9.vrp,ga,1,1406.8370,2709.2461,1937.2960,307.1010,200,4749,0.9000,0.0500,10,10,0.0000,0
a-n60-k9.vrp,ga,1,1406.8370,2631.6758,1874.5796,303.7216,200,4750,0.9000,0.0500,10,10,0.0000,0
a-n60-k9.vrp,ga,1,1406.8370,2716.1465,1901.7723,306.8044,200,4751,0.9000,0.0500,10,10,0.0000,0
a-n60-k9.vrp,ga,1,1406.8370,2643.5237,1896.3472,289.9330,200,4752,0.9000,0.0500,10,10,0.0000,0
a-n60-k9.vrp,ga,1,1406.8370,2575.1855,1920.3976,275.5463,200,4753,0.9000,0.0500,10,10,0.0000,0
a-n60-k9.vrp,ga,1,1406.8370,2804.9585,1895.1560,283.8981,200,4754,0.9000,0.0500,10,10,0.0000,0
a-n60-k9.vrp,ga,1,1406.8370,2894.3374,1898.1019,314.9991,200,4755,0.9000,0.0500,10,10,0.0000,0
a-n60-k9.vrp,ga,1,1406.8370,2740.0413,1911.8632,295.5264,200,4756,0.9000,0.0500,10,10,0.0000,0
a-n60-k9.vrp,ga,1,1406.8370,2811.3010,1937.5048,298.0728,200,4757,0.9000,0.0500,10,10,0.0000,0
a-n60-k9.vrp,ga,1,1406.8370,2884.0452,1936.6895,310.2228,200,4758,0.9000,0.0500,10,10,0.0000,0
a-n60-k9.vrp,ga,1,1406.8370,2917.1533,1953.5619,295.2934,200,4759,0.9000,0.0500,10,10,0.0000,0
a-n60-k9.vrp,ga,1,1406.8370,2610.9705,1922.1776,307.6202,200,4760,0.9000,0.0500,10,10,0.0000,0
a-n60-k9.vrp,ga,1,1406.8370,2752.4087,1950.0171,315.9256,200,4761,0.9000,0.0500,10,10,0.0000,0
a-n60-k9.vrp,ga,1,1406.8370,2854.6655,1902.2560,290.9325,200,4762,0.9000,0.0500,10,10,0.0000,0
a-n60-k9.vrp,ga,1,1406.8370,2766.4360,1886.6328,284.7108,200,4763,0.9000,0.0500,10,10,0.0000,0
a-n60-k9.vrp,ga,1,1406.8370,2626.2000,1872.6877,267.0377,200,4764,0.9000,0.0500,10,10,0.0000,0
a-n60-k9.vrp,ga,1,1406.8370,2785.7620,1934.5277,313.9801,200,4765,0.9000,0.0500,10,10,0.0000,0
a-n60-k9.vrp,ga,1,1406.8370,2731.8530,1940.4325,300.8994,200,4766,0.9000,0.0500,10,10,0.0000,0
a-n60-k9.vrp,ga,1,1406.8370,2780.4087,1920.6370,307.1405,200,4767,0.9000,0.0500,10,10,0.0000,0
a-n60-k9.vrp,ga,1,1406.8370,2858.4868,1949.7545,319.7480,200,4768,0.9000,0.0500,10,10,0.0000,0
a-n60-k9.vrp,ga,1,1406.8370,2701.4729,1928.2003,310.5095,200,4769,0.9000,0.0500,10,10,0.0000,0
a-n60-k9.vrp,ga,1,1406.8370,2543.0420,1902.0630,289.0931,200,4770,0.9000,0.0500,10,10,0.0000,0
a-n60-k9.vrp,ga,1,1406.8370,2873.5642,1868.8964,279.0472,200,4771,0.9000,0.0500,10,10,0.0000,0
a-n60-k9.vrp,ga,1,1406.8370,2860.0391,1903.0909,316.6160,200,4772,0.9000,0.0500,10,10,0.0000,0
a-n60-k9.vrp,ga,1,1406.8370,3129.4111,1898.4785,331.2433,200,4773,0.9000,0.0500,10,10,0.0000,0
a-n60-k9.vrp,ga,1,1406.8370,2696.4473,1890.3495,294.4771,200,4774,0.9000,0.0500,10,10,0.0000,0
a-n60-k9.vrp,ga,1,1406.8370,2685.4836,1894.8109,311.5012,200,4775,0.9000,0.0500,10,10,0.0000,0
a-n60-k9.vrp,ga,1,1406.8370,2831.5510,1851.8082,302.0387,200,4776,0.9000,0.0500,10,10,0.0000,0
a-n60-k9.vrp,ga,1,1406.8370,2686.0222,1863.3619,295.2157,200,4777,0.9000,0.0500,10,10,0.0000,0
a-n60-k9.vrp,ga,1,1406.8370,2949.1799,1846.2834,299.0255,200,4778,0.9000,0.0500,10,10,0.0000,0
a-n60-k9.vrp,ga,1,1406.8370,2526.0706,1891.7318,262.5328,200,4779,0.9000,0.0500,10,10,0.0000,0
a-n60-k9.vrp,ga,1,1406.8370,2636.8777,1917.7552,284.3885,200,4780,0.9000,0.0500,10,10,0.0000,0
a-n60-k9.vrp,ga,1,1406.8370,2700.4175,1938.1290,266.3289,200,4781,0.9000,0.0500,10,10,0.0000,0
a-n60-k9.vrp,ga,1,1406.8370,2755.7903,1936.5526,302.6318,200,4782,0.9000,0.0500,10,10,0.0000,0
a-n60-k9.vrp,ga,1,1406.8370,2640.7063,1901.2021,291.5028,200,4783,0.9000,0.0500,10,10,0.0000,0
a-n60-k9.vrp,ga,1,1406.8370,2697.7432,1911.9127,307.2886,200,4784,0.9000,0.0500,10,10,0.0000,0
a-n60-k9.vrp,ga,1,1406.8370,2563.5142,1830.7384,310.4895,200,4785,0.9000,0.0500,10,10,0.0000,0
a-n60-k9.vrp,ga,1,1406.8370,2899.4312,1863.8340,316.6819,200,4786,0.9000,0.0500,10,10,0.0000,0
a-n60-k9.vrp,ga,1,1406.8370,2521.8093,1875.3872,294.6931,200,4787,0.9000,0.0500,10,10,0.0000,0
a-n60-k9.vrp,ga,1,1406.8370,2534.2156,1860.3602,292.0473,200,4788,0.9000,0.0500,10,10,0.0000,0
a-n60-k9.vrp,ga,1,1406.8370,2567.5002,1852.8500,279.4879,200,4789,0.9000,0.0500,10,10,0.0000,0
a-n60-k9.vrp,ga,1,1406.8370,2506.4780,1870.0991,295.7723,200,4790,0.9000,0.0500,10,10,0.0000,0
a-n60-k9.vrp,ga,1,1406.8370,2659.4648,1858.7739,249.9847,200,4791,0.9000,0.0500,10,10,0.0000,0
a-n60-k9.vrp,ga,1,1406.8370,2466.8101,1834.9644,283.2366,200,4792,0.9000,0.0500,10,10,0.0000,0
a-n60-k9.vrp,ga,1,1406.8370,2550.2073,1836.6682,259.5069,200,4793,0.9000,0.0500,10,10,0.0000,0
a-n60-k9.vrp,ga,1,1406.8370,2392.7974,1860.0143,272.1925,200,4794,0.9000,0.0500,10,10,0.0000,0
a-n60-k9.vrp,ga,1,1406.8370,2605.9868,1849.7509,290.3611,200,4795,0.9000,0.0500,10,10,0.0000,0
a-n60-k9.vrp,ga,1,1406.8370,2587.1064,1868.6678,281.0190,200,4796,0.9000,0.0500,10,10,0.0000,0
a-n60-k9.vrp,ga,1,1406.8370,2486.0786,1851.9697,270.5374,200,4797,0.9000,0.0500,10,10,0.0000,0
a-n60-k9.vrp,ga,1,1406.8370,2439.5015,1842.1802,263.6859,200,4798,0.9000,0.0500,10,10,0.0000,0
a-n60-k9.vrp,ga,1,1406.8370,2648.4114,1885.6249,280.8371,200,4799,0.9000,0.0500,10,10,0.0000,0
a-n60-k9.vrp,ga,1,1406.8370,2576.7815,1859.3744,243.3848,200,4800,0.9000,0.0500,10,10,0.0000,0
a-n60-k9.vrp,ga,1,1406.8370,2448.6484,1884.8113,274.6625,200,4801,0.9000,0.0500,10,10,0.0000,0
a-n60-k9.vrp,ga,1,1406.8370,2494.0618,1849.1670,257.8788,200,4802,0.9000,0.0500,10,10,0.0000,0
a-n60-k9.vrp,ga,1,1406.8370,2598.8965,1831.2969,283.0930,200,4803,0.9000,0.0500,10,10,0.0000,0
a-n60-k9.vrp,ga,1,1406.8370,2412.0146,1830.3734,259.3621,200,4804,0.9000,0.0500,10,10,0.0000,0
a-n60-k9.vrp,ga,1,1406.8370,2424.2427,1874.4062,263.1179,200,4805,0.9000,0.0500,10,10,0.0000,0
a-n60-k9.vrp,ga,1,1406.8370,2501.3513,1849.2543,260.9467,200,4806,0.9000,0.0500,10,10,0.0000,0
a-n60-k9.vrp,ga,1,1406.8370,2604.1995,1831.4746,274.4788,200,4807,0.9000,0.0500,10,10,0.0000,0
a-n60-k9.vrp,ga,1,1406.8370,2572.7942,1850.1578,287.1577,200,4808,0.9000,0.0500,10,10,0.0000,0
a-n60-k9.vrp,ga,1,1406.8370,2587.3811,1872.8025,261.5862,200,4809,0.9000,0.0500,10,10,0.0000,0
a-n60-k9.vrp,ga,1,1406.8370,2931.0686,1948.9261,270.2801,200,4810,0.9000,0.0500,10,10,0.0000,0
a-n60-k9.vrp,ga,1,1406.8370,2696.9961,1928.5303,282.4384,200,4811,0.9000,0.0500,10,10,0.0000,0
a-n60-k9.vrp,ga,1,1406.8370,2689.6738,1922.1008,281.1189,200,4812,0.9000,0.0500,10,10,0.0000,0
a-n60-k9.vrp,ga,1,1406.8370,2682.6960,1864.8351,286.2049,200,4813,0.9000,0.0500,10,10,0.0000,0
a-n60-k9.vrp,ga,1,1406.8370,2574.8428,1844.5013,265.7878,200,4814,0.9000,0.0500,10,10,0.0000,0
a-n60-k9.vrp,ga,1,1406.8370,2638.3042,1884.4370,266.3817,200,4815,0.9000,0.0500,10,10,0.0000,0
a-n60-k9.vrp,ga,1,1406.8370,2585.3804,1884.0366,287.4778,200,4816,0.9000,0.0500,10,10,0.0000,0
a-n60-k9.vrp,ga,1,1406.8370,2462.6929,1903.8414,267.5410,200,4817,0.9000,0.0500,10,10,0.0000,0
a-n60-k9.vrp,ga,1,1406.8370,2524.7971,1904.7732,259.1931,200,4818,0.9000,0.0500,10,10,0.0000,0
a-n60-k9.vrp,ga,1,1406.8370,2627.8306,1932.2306,278.3657,200,4819,0.9000,0.0500,10,10,0.0000,0
a-n60-k9.vrp,ga,1,1406.8370,2702.7905,1902.2623,262.9754,200,4820,0.9000,0.0500,10,10,0.0000,0
a-n60-k9.vrp,ga,1,1406.8370,2586.4092,1932.0803,281.6765,200,4821,0.9000,0.0500,10,10,0.0000,0
a-n60-k9.vrp,ga,1,1406.8370,2651.9355,1890.8990,284.4081,200,4822,0.9000,0.0500,10,10,0.0000,0
a-n60-k9.vrp,ga,1,1406.8370,2742.8599,1912.8142,300.5405,200,4823,0.9000,0.0500,10,10,0.0000,0
a-n60-k9.vrp,ga,1,1406.8370,2488.7114,1863.5275,279.2207,200,4824,0.9000,0.0500,10,10,0.0000,0
a-n60-k9.vrp,ga,1,1406.8370,2629.8699,1870.6974,299.6144,200,4825,0.9000,0.0500,10,10,0.0000,0
a-n60-k9.vrp,ga,1,1406.8370,2598.6987,1859.2354,279.2409,200,4826,0.9000,0.0500,10,10,0.0000,0
a-n60-k9.vrp,ga,1,1406.8370,2622.8552,1878.0144,265.4902,200,4827,0.9000,0.0500,10,10,0.0000,0
a-n60-k9.vrp,ga,1,1406.8370,2547.7483,1902.0875,265.2791,200,4828,0.9000,0.0500,10,10,0.0000,0
a-n60-k9.vrp,ga,1,1406.8370,2477.0415,1870.7518,268.8790,200,4829,0.9000,0.0500,10,10,0.0000,0
a-n60-k9.vrp,ga,1,1406.8370,2490.7561,1845.5392,271.7024,200,4830,0.9000,0.0500,10,10,0.0000,0
a-n60-k9.vrp,ga,1,1406.8370,2414.1711,1863.3113,266.6483,200,4831,0.9000,0.0500,10,10,0.0000,0
a-n60-k9.vrp,ga,1,1406.8370,2588.4487,1938.8577,287.8244,200,4832,0.9000,0.0500,10,10,0.0000,0
a-n60-k9.vrp,ga,1,1406.8370,2562.9324,1904.8223,282.2782,200,4833,0.9000,0.0500,10,10,0.0000,0
a-n60-k9.vrp,ga,1,1406.8370,2657.2612,1925.9812,312.5253,200,4834,0.9000,0.0500,10,10,0.0000,0
a-n60-k9.vrp,ga,1,1406.8370,2581.9731,1877.6715,264.6136,200,4835,0.9000,0.0500,10,10,0.0000,0
a-n60-k9.vrp,ga,1,1406.8370,2621.0879,1878.1802,293.3777,200,4836,0.9000,0.0500,10,10,0.0000,0
a-n60-k9.vrp,ga,1,1406.8370,2517.5247,1855.7810,278.9769,200,4837,0.9000,0.0500,10,10,0.0000,0
a-n60-k9.vrp,ga,1,1406.8370,2532.6333,1842.4929,271.9534,200,4838,0.9000,0.0500,10,10,0.0000,0
a-n60-k9.vrp,ga,1,1406.8370,2454.4583,1853.3844,276.1212,200,4839,0.9000,0.0500,10,10,0.0000,0
a-n60-k9.vrp,ga,1,1406.8370,2588.4487,1844.2876,273.4185,200,4840,0.9000,0.0500,10,10,0.0000,0
a-n60-k9.vrp,ga,1,1406.8370,2536.2578,1820.5737,286.9567,200,4841,0.9000,0.0500,10,10,0.0000,0
a-n60-k9.vrp,ga,1,1406.8370,2824.8528,1855.2231,280.2895,200,4842,0.9000,0.0500,10,10,0.0000,0
a-n60-k9.vrp,ga,1,1406.8370,2644.3235,1849.4658,264.6559,200,4843,0.9000,0.0500,10,10,0.0000,0
a-n60-k9.vrp,ga,1,1406.8370,2450.9805,1862.3958,267.1698,200,4844,0.9000,0.0500,10,10,0.0000,0
a-n60-k9.vrp,ga,1,1406.8370,2528.7607,1868.0270,270.5682,200,4845,0.9000,0.0500,10,10,0.0000,0
a-n60-k9.vrp,ga,1,1406.8370,2773.4807,1852.5579,274.9276,200,4846,0.9000,0.0500,10,10,0.0000,0
a-n60-k9.vrp,ga,1,1406.8370,2455.1101,1851.2686,262.6429,200,4847,0.9000,0.0500,10,10,0.0000,0
a-n60-k9.vrp,ga,1,1406.8370,2703.6035,1874.6064,257.8223,200,4848,0.9000,0.0500,10,10,0.0000,0
a-n60-k9.vrp,ga,1,1406.8370,2634.0034,1875.9957,255.5036,200,4849,0.9000,0.0500,10,10,0.0000,0
a-n60-k9.vrp,ga,1,1406.8370,2594.6135,1863.3053,289.2704,200,4850,0.9000,0.0500,10,10,0.0000,0
a-n60-k9.vrp,ga,1,1406.8370,2557.2007,1848.3481,273.4156,200,4851,0.9000,0.0500,10,10,0.0000,0
a-n60-k9.vrp,ga,1,1406.8370,2380.1001,1860.2319,269.1924,200,4852,0.9000,0.0500,10,10,0.0000,0
a-n60-k9.vrp,ga,1,1406.8370,2569.1086,1868.9933,288.6617,200,4853,0.9000,0.0500,10,10,0.0000,0
a-n60-k9.vrp,ga,1,1406.8370,2759.9834,1874.9503,261.6309,200,4854,0.9000,0.0500,10,10,0.0000,0
a-n60-k9.vrp,ga,1,1406.8370,2460.0833,1869.1982,261.7028,200,4855,0.9000,0.0500,10,10,0.0000,0
a-n60-k9.vrp,ga,1,1406.8370,2675.1768,1867.3486,287.9755,200,4856,0.9000,0.0500,10,10,0.0000,0
a-n60-k9.vrp,ga,1,1406.8370,2536.1155,1869.8585,266.4908,200,4857,0.9000,0.0500,10,10,0.0000,0
a-n60-k9.vrp,ga,1,1406.8370,2404.9150,1869.6555,272.6801,200,4858,0.9000,0.0500,10,10,0.0000,0
a-n60-k9.vrp,ga,1,1406.8370,2587.1816,1854.2168,262.4361,200,4859,0.9000,0.0500,10,10,0.0000,0
a-n60-k9.vrp,ga,1,1406.8370,2709.3704,1882.2435,275.9886,200,4860,0.9000,0.0500,10,10,0.0000,0
a-n60-k9.vrp,ga,1,1406.8370,2511.9456,1874.4033,268.6782,200,4861,0.9000,0.0500,10,10,0.0000,0
a-n60-k9.vrp,ga,1,1406.8370,2624.4072,1898.6238,282.6249,200,4862,0.9000,0.0500,10,10,0.0000,0
a-n60-k9.vrp,ga,1,1406.8370,2658.6763,1874.7030,283.8298,200,4863,0.9000,0.0500,10,10,0.0000,0
a-n60-k9.vrp,ga,1,1406.8370,2637.1719,1887.4381,313.8504,200,4864,0.9000,0.0500,10,10,0.0000,0
a-n60-k9.vrp,ga,1,1406.8370,2451.4902,1855.9685,261.6131,200,4865,0.9000,0.0500,10,10,0.0000,0
a-n60-k9.vrp,ga,1,1406.8370,2475.6902,1854.9651,276.1875,200,4866,0.9000,0.0500,10,10,0.0000,0
a-n60-k9.vrp,ga,1,1406.8370,2412.7944,1812.6212,276.8351,200,4867,0.9000,0.0500,10,10,0.0000,0
a-n60-k9.vrp,ga,1,1406.8370,2529.2424,1853.0057,274.3302,200,4868,0.9000,0.0500,10,10,0.0000,0
a-n60-k9.vrp,ga,1,1406.8370,2528.7551,1894.4302,245.6382,200,4869,0.9000,0.0500,10,10,0.0000,0
a-n60-k9.vrp,ga,1,1406.8370,2447.1094,1843.0454,262.5280,200,4870,0.9000,0.0500,10,10,0.0000,0
a-n60-k9.vrp,ga,1,1406.8370,2440.1201,1867.3451,255.7692,200,4871,0.9000,0.0500,10,10,0.0000,0
a-n60-k9.vrp,ga,1,1406.8370,2499.4175,1863.0005,265.8743,200,4872,0.9000,0.0500,10,10,0.0000,0
a-n60-k9.vrp,ga,1,1406.8370,2607.2817,1870.5699,293.6295,200,4873,0.9000,0.0500,10,10,0.0000,0
a-n60-k9.vrp,ga,1,1406.8370,2584.2883,1888.9092,271.7112,200,4874,0.9000,0.0500,10,10,0.0000,0
a-n60-k9.vrp,ga,1,1406.8370,2487.5874,1854.1100,277.3745,200,4875,0.9000,0.0500,10,10,0.0000,0
a-n60-k9.vrp,ga,1,1406.8370,2399.2537,1851.0894,250.1753,200,4876,0.9000,0.0500,10,10,0.0000,0
a-n60-k9.vrp,ga,1,1406.8370,2504.1326,1840.8461,271.5516,200,4877,0.9000,0.0500,10,10,0.0000,0
a-n60-k9.vrp,ga,1,1406.8370,2429.6277,1813.9207,276.7230,200,4878,0.9000,0.0500,10,10,0.0000,0
a-n60-k9.vrp,ga,1,1406.8370,2420.9734,1779.6378,255.8453,200,4879,0.9000,0.0500,10,10,0.0000,0
a-n60-k9.vrp,ga,1,1406.8370,2413.8955,1817.8165,271.0721,200,4880,0.9000,0.0500,10,10,0.0000,0
a-n60-k9.vrp,ga,1,1406.8370,2426.9526,1826.6605,267.2794,200,4881,0.9000,0.0500,10,10,0.0000,0
a-n60-k9.vrp,ga,1,1406.8370,2416.7754,1840.1674,250.7601,200,4882,0.9000,0.0500,10,10,0.0000,0
a-n60-k9.vrp,ga,1,1406.8370,2566.2705,1829.8914,276.5977,200,4883,0.9000,0.0500,10,10,0.0000,0
a-n60-k9.vrp,ga,1,1406.8370,2430.7024,1844.8275,271.2507,200,4884,0.9000,0.0500,10,10,0.0000,0
a-n60-k9.vrp,ga,1,1406.8370,2401.7234,1836.0190,279.8683,200,4885,0.9000,0.0500,10,10,0.0000,0
a-n60-k9.vrp,ga,1,1406.8370,2350.2351,1812.7971,262.9828,200,4886,0.9000,0.0500,10,10,0.0000,0
a-n60-k9.vrp,ga,1,1406.8370,2383.0188,1841.2739,245.7700,200,4887,0.9000,0.0500,10,10,0.0000,0
a-n60-k9.vrp,ga,1,1406.8370,2546.3281,1832.6298,268.8949,200,4888,0.9000,0.0500,10,10,0.0000,0
a-n60-k9.vrp,ga,1,1406.8370,2336.7524,1836.5762,255.2569,200,4889,0.9000,0.0500,10,10,0.0000,0
a-n60-k9.vrp,ga,1,1406.8370,2397.7292,1809.6996,252.8999,200,4890,0.9000,0.0500,10,10,0.0000,0
a-n60-k9.vrp,ga,1,1406.8370,2498.0012,1815.1515,271.0960,200,4891,0.9000,0.0500,10,10,0.0000,0
a-n60-k9.vrp,ga,1,1406.8370,2465.5579,1780.5518,268.2507,200,4892,0.9000,0.0500,10,10,0.0000,0
a-n60-k9.vrp,ga,1,1406.8370,2429.6277,1858.1747,243.4231,200,4893,0.9000,0.0500,10,10,0.0000,0
a-n60-k9.vrp,ga,1,1406.8370,2381.1870,1839.1556,252.1976,200,4894,0.9000,0.0500,10,10,0.0000,0
a-n60-k9.vrp,ga,1,1406.8370,2408.3438,1822.5673,252.1710,200,4895,0.9000,0.0500,10,10,0.0000,0
a-n60-k9.vrp,ga,1,1406.8370,2356.3872,1805.2319,259.8967,200,4896,0.9000,0.0500,10,10,0.0000,0
a-n60-k9.vrp,ga,1,1406.8370,2356.2798,1831.5100,259.6052,200,4897,0.9000,0.0500,10,10,0.0000,0
a-n60-k9.vrp,ga,1,1406.8370,2366.1357,1829.8441,247.0780,200,4898,0.9000,0.0500,10,10,0.0000,0
a-n60-k9.vrp,ga,1,1406.8370,2418.3813,1841.9622,273.7201,200,4899,0.9000,0.0500,10,10,0.0000,0
a-n60-k9.vrp,ga,1,1406.8370,2510.0723,1856.2939,269.0869,200,4900,0.9000,0.0500,10,10,0.0000,0
a-n60-k9.vrp,ga,1,1406.8370,2453.5010,1849.3755,261.7172,200,4901,0.9000,0.0500,10,10,0.0000,0
a-n60-k9.vrp,ga,1,1406.8370,2358.7200,1820.9227,247.3906,200,4902,0.9000,0.0500,10,10,0.0000,0
a-n60-k9.vrp,ga,1,1406.8370,2424.9197,1875.9319,247.9278,200,4903,0.9000,0.0500,10,10,0.0000,0
a-n60-k9.vrp,ga,1,1406.8370,2414.9646,1813.8832,267.8333,200,4904,0.9000,0.0500,10,10,0.0000,0
a-n60-k9.vrp,ga,1,1406.8370,2398.1143,1819.6025,264.0141,200,4905,0.9000,0.0500,10,10,0.0000,0
a-n60-k9.vrp,ga,1,1406.8370,2470.3193,1862.5649,261.0567,200,4906,0.9000,0.0500,10,10,0.0000,0
a-n60-k9.vrp,ga,1,1406.8370,2449.1475,1841.2736,274.4351,200,4907,0.9000,0.0500,10,10,0.0000,0
a-n60-k9.vrp,ga,1,1406.8370,2421.4866,1841.7745,257.1488,200,4908,0.9000,0.0500,10,10,0.0000,0
a-n60-k9.vrp,ga,1,1406.8370,2466.9084,1853.3525,256.4042,200,4909,0.9000,0.0500,10,10,0.0000,0
a-n60-k9.vrp,ga,1,1406.8370,2413.8955,1894.9547,276.1006,200,4910,0.9000,0.0500,10,10,0.0000,0
a-n60-k9.vrp,ga,1,1406.8370,2468.5371,1875.4891,270.2625,200,4911,0.9000,0.0500,10,10,0.0000,0
a-n60-k9.vrp,ga,1,1406.8370,2331.2593,1857.4673,266.7922,200,4912,0.9000,0.0500,10,10,0.0000,0
a-n60-k9.vrp,ga,1,1406.8370,2599.6797,1912.4934,294.0699,200,4913,0.9000,0.0500,10,10,0.0000,0
a-n60-k9.vrp,ga,1,1406.8370,2624.6409,1895.7491,273.0266,200,4914,0.9000,0.0500,10,10,0.0000,0
a-n60-k9.vrp,ga,1,1406.8370,2507.3938,1882.8878,282.8924,200,4915,0.9000,0.0500,10,10,0.0000,0
a-n60-k9.vrp,ga,1,1406.8370,2611.8630,1923.7587,285.2202,200,4916,0.9000,0.0500,10,10,0.0000,0
a-n60-k9.vrp,ga,1,1406.8370,2594.1113,1895.5448,288.0351,200,4917,0.9000,0.0500,10,10,0.0000,0
a-n60-k9.vrp,ga,1,1406.8370,2800.8589,1910.3052,299.2321,200,4918,0.9000,0.0500,10,10,0.0000,0
a-n60-k9.vrp,ga,1,1406.8370,2512.0823,1881.4789,297.6612,200,4919,0.9000,0.0500,10,10,0.0000,0
a-n60-k9.vrp,ga,1,1406.8370,2503.7808,1879.0583,275.0376,200,4920,0.9000,0.0500,10,10,0.0000,0
a-n60-k9.vrp,ga,1,1406.8370,2579.6482,1858.3265,274.7709,200,4921,0.9000,0.0500,10,10,0.0000,0
a-n60-k9.vrp,ga,1,1406.8370,2484.8862,1868.7435,270.5535,200,4922,0.9000,0.0500,10,10,0.0000,0
a-n60-k9.vrp,ga,1,1406.8370,2597.4971,1887.1029,282.5354,200,4923,0.9000,0.0500,10,10,0.0000,0
a-n60-k9.vrp,ga,1,1406.8370,2394.6824,1897.9001,271.7249,200,4924,0.9000,0.0500,10,10,0.0000,0
a-n60-k9.vrp,ga,1,1406.8370,2556.3315,1921.6016,279.5335,200,4925,0.9000,0.0500,10,10,0.0000,0
a-n60-k9.vrp,ga,1,1406.8370,2449.7935,1909.6355,279.8977,200,4926,0.9000,0.0500,10,10,0.0000,0
a-n60-k9.vrp,ga,1,1406.8370,2428.1121,1871.0431,259.6776,200,4927,0.9000,0.0500,10,10,0.0000,0
a-n60-k9.vrp,ga,1,1406.8370,2453.0090,1871.5852,273.1516,200,4928,0.9000,0.0500,10,10,0.0000,0
a-n60-k9.vrp,ga,1,1406.8370,2534.4590,1866.8846,274.6800,200,4929,0.9000,0.0500,10,10,0.0000,0
a-n60-k9.vrp,ga,1,1406.8370,2503.4949,1872.0820,278.1524,200,4930,0.9000,0.0500,10,10,0.0000,0
a-n60-k9.vrp,ga,1,1406.8370,2586.2288,1880.4252,301.2464,200,4931,0.9000,0.0500,10,10,0.0000,0
a-n60-k9.vrp,ga,1,1406.8370,2522.7554,1898.0520,292.3100,200,4932,0.9000,0.0500,10,10,0.0000,0
a-n60-k9.vrp,ga,1,1406.8370,2630.9561,1878.0648,298.3220,200,4933,0.9000,0.0500,10,10,0.0000,0
a-n60-k9.vrp,ga,1,1406.8370,2553.5945,1847.0131,287.2948,200,4934,0.9000,0.0500,10,10,0.0000,0
a-n60-k9.vrp,ga,1,1406.8370,2679.8459,1852.2347,284.7574,200,4935,0.9000,0.0500,10,10,0.0000,0
a-n60-k9.vrp,ga,1,1406.8370,2631.1418,1886.7421,298.5673,200,4936,0.9000,0.0500,10,10,0.0000,0
a-n60-k9.vrp,ga,1,1406.8370,2480.9412,1910.0461,286.7875,200,4937,0.9000,0.0500,10,10,0.0000,0
a-n60-k9.vrp,ga,1,1406.8370,2739.2610,1901.0303,305.2761,200,4938,0.9000,0.0500,10,10,0.0000,0
a-n60-k9.vrp,ga,1,1406.8370,2780.6814,1878.7544,318.2462,200,4939,0.9000,0.0500,10,10,0.0000,0
a-n60-k9.vrp,ga,1,1406.8370,2567.4438,1891.8362,271.4261,200,4940,0.9000,0.0500,10,10,0.0000,0
a-n60-k9.vrp,ga,1,1406.8370,2651.7168,1888.1082,282.4381,200,4941,0.9000,0.0500,10,10,0.0000,0
a-n60-k9.vrp,ga,1,1406.8370,2627.9182,1904.8319,290.8467,200,4942,0.9000,0.0500,10,10,0.0000,0
a-n60-k9.vrp,ga,1,1406.8370,2587.0991,1943.8098,269.6393,200,4943,0.9000,0.0500,10,10,0.0000,0
a-n60-k9.vrp,ga,1,1406.8370,2819.1301,1963.2928,270.8965,200,4944,0.9000,0.0500,10,10,0.0000,0
a-n60-k9.vrp,ga,1,1406.8370,2626.7749,1936.5446,277.1203,200,4945,0.9000,0.0500,10,10,0.0000,0
a-n60-k9.vrp,ga,1,1406.8370,2680.6780,1924.3188,280.3010,200,4946,0.9000,0.0500,10,10,0.0000,0
a-n60-k9.vrp,ga,1,1406.8370,2620.2295,1886.4648,284.5746,200,4947,0.9000,0.0500,10,10,0.0000,0
a-n60-k9.vrp,ga,1,1406.8370,2635.5991,1920.9646,294.8091,200,4948,0.9000,0.0500,10,10,0.0000,0
a-n60-k9.vrp,ga,1,1406.8370,2506.5476,1885.1284,278.9999,200,4949,0.9000,0.0500,10,10,0.0000,0
a-n60-k9.vrp,ga,1,1406.8370,2575.2854,1894.3224,277.1074,200,4950,0.9000,0.0500,10,10,0.0000,0
a-n60-k9.vrp,ga,1,1406.8370,2743.2961,1926.4756,300.2267,200,4951,0.9000,0.0500,10,10,0.0000,0
a-n60-k9.vrp,ga,1,1406.8370,2560.1785,1910.8462,296.8865,200,4952,0.9000,0.0500,10,10,0.0000,0
a-n60-k9.vrp,ga,1,1406.8370,2686.0488,1918.4110,297.1109,200,4953,0.9000,0.0500,10,10,0.0000,0
a-n60-k9.vrp,ga,1,1406.8370,2781.5000,1946.2936,299.7382,200,4954,0.9000,0.0500,10,10,0.0000,0
a-n60-k9.vrp,ga,1,1406.8370,2712.8223,1953.4171,302.7454,200,4955,0.9000,0.0500,10,10,0.0000,0
a-n60-k9.vrp,ga,1,1406.8370,2725.3296,1970.9390,305.3210,200,4956,0.9000,0.0500,10,10,0.0000,0
a-n60-k9.vrp,ga,1,1406.8370,2849.2449,1960.5465,295.9936,200,4957,0.9000,0.0500,10,10,0.0000,0
a-n60-k9.vrp,ga,1,1406.8370,2902.5889,1997.2811,312.7623,200,4958,0.9000,0.0500,10,10,0.0000,0
a-n60-k9.vrp,ga,1,1406.8370,2787.7249,1959.0933,325.1526,200,4959,0.9000,0.0500,10,10,0.0000,0
a-n60-k9.vrp,ga,1,1406.8370,2878.5920,2008.4039,345.1082,200,4960,0.9000,0.0500,10,10,0.0000,0
a-n60-k9.vrp,ga,1,1406.8370,2833.5439,2000.9731,335.6554,200,4961,0.9000,0.0500,10,10,0.0000,0
a-n60-k9.vrp,ga,1,1406.8370,2868.9570,1978.7153,349.3115,200,4962,0.9000,0.0500,10,10,0.0000,0
a-n60-k9.vrp,ga,1,1406.8370,2992.6887,1947.7800,344.5696,200,4963,0.9000,0.0500,10,10,0.0000,0
a-n60-k9.vrp,ga,1,1406.8370,2612.1946,1920.4908,308.2729,200,4964,0.9000,0.0500,10,10,0.0000,0
a-n60-k9.vrp,ga,1,1406.8370,2654.6362,1892.0908,308.9206,200,4965,0.9000,0.0500,10,10,0.0000,0
a-n60-k9.vrp,ga,1,1406.8370,2754.1853,1908.7946,336.1435,200,4966,0.9000,0.0500,10,10,0.0000,0
a-n60-k9.vrp,ga,1,1406.8370,2820.5110,1945.8145,320.3962,200,4967,0.9000,0.0500,10,10,0.0000,0
a-n60-k9.vrp,ga,1,1406.8370,3073.4453,1927.8467,294.6454,200,4968,0.9000,0.0500,10,10,0.0000,0
a-n60-k9.vrp,ga,1,1406.8370,2740.2014,1900.3351,314.0610,200,4969,0.9000,0.0500,10,10,0.0000,0
a-n60-k9.vrp,ga,1,1406.8370,2874.3613,1899.1401,308.5504,200,4970,0.9000,0.0500,10,10,0.0000,0
a-n60-k9.vrp,ga,1,1406.8370,2757.7263,1886.4771,312.0765,200,4971,0.9000,0.0500,10,10,0.0000,0
a-n60-k9.vrp,ga,1,1406.8370,2723.3770,1912.1567,288.6862,200,4972,0.9000,0.0500,10,10,0.0000,0
a-n60-k9.vrp,ga,1,1406.8370,2575.3508,1913.9923,272.2902,200,4973,0.9000,0.0500,10,10,0.0000,0
a-n60-k9.vrp,ga,1,1406.8370,2768.6846,1894.6918,308.6220,200,4974,0.9000,0.0500,10,10,0.0000,0
a-n60-k9.vrp,ga,1,1406.8370,2849.1238,1910.1554,282.9970,200,4975,0.9000,0.0500,10,10,0.0000,0
a-n60-k9.vrp,ga,1,1406.8370,2944.1213,1928.7200,310.8340,200,4976,0.9000,0.0500,10,10,0.0000,0
a-n60-k9.vrp,ga,1,1406.8370,2784.3794,1875.4686,306.1410,200,4977,0.9000,0.0500,10,10,0.0000,0
a-n60-k9.vrp,ga,1,1406.8370,2595.9319,1894.0115,310.5140,200,4978,0.9000,0.0500,10,10,0.0000,0
a-n60-k9.vrp,ga,1,1406.8370,2595.9319,1910.8905,301.9201,200,4979,0.9000,0.0500,10,10,0.0000,0
a-n60-k9.vrp,ga,1,1406.8370,2760.5132,1935.7760,295.3928,200,4980,0.9000,0.0500,10,10,0.0000,0
a-n60-k9.vrp,ga,1,1406.8370,2785.2244,1926.5140,308.8839,200,4981,0.9000,0.0500,10,10,0.0000,0
a-n60-k9.vrp,ga,1,1406.8370,2803.2710,1883.6217,289.9402,200,4982,0.9000,0.0500,10,10,0.0000,0
a-n60-k9.vrp,ga,1,1406.8370,2656.4614,1894.4218,296.4121,200,4983,0.9000,0.0500,10,10,0.0000,0
a-n60-k9.vrp,ga,1,1406.8370,2638.9170,1896.7213,319.8674,200,4984,0.9000,0.0500,10,10,0.0000,0
a-n60-k9.vrp,ga,1,1406.8370,2805.9441,1868.4501,286.7684,200,4985,0.9000,0.0500,10,10,0.0000,0
a-n60-k9.vrp,ga,1,1406.8370,2833.0215,1912.2893,333.4103,200,4986,0.9000,0.0500,10,10,0.0000,0
a-n60-k9.vrp,ga,1,1406.8370,2609.4753,1827.9597,299.2884,200,4987,0.9000,0.0500,10,10,0.0000,0
a-n60-k9.vrp,ga,1,1406.8370,2765.9358,1876.5616,297.4530,200,4988,0.9000,0.0500,10,10,0.0000,0
a-n60-k9.vrp,ga,1,1406.8370,2612.5662,1933.9330,297.8990,200,4989,0.9000,0.0500,10,10,0.0000,0
a-n60-k9.vrp,ga,1,1406.8370,2822.0461,1920.7421,302.7807,200,4990,0.9000,0.0500,10,10,0.0000,0
a-n60-k9.vrp,ga,1,1406.8370,2766.3687,1940.6202,310.7110,200,4991,0.9000,0.0500,10,10,0.0000,0
a-n60-k9.vrp,ga,1,1406.8370,2736.7512,1932.4680,300.2762,200,4992,0.9000,0.0500,10,10,0.0000,0
a-n60-k9.vrp,ga,1,1406.8370,3053.6401,1915.3151,292.8289,200,4993,0.9000,0.0500,10,10,0.0000,0
a-n60-k9.vrp,ga,1,1406.8370,2768.5405,1927.5735,297.5946,200,4994,0.9000,0.0500,10,10,0.0000,0
a-n60-k9.vrp,ga,1,1406.8370,2529.0967,1858.9124,293.9010,200,4995,0.9000,0.0500,10,10,0.0000,0
a-n60-k9.vrp,ga,1,1406.8370,2681.2234,1886.5001,307.2375,200,4996,0.9000,0.0500,10,10,0.0000,0
a-n60-k9.vrp,ga,1,1406.8370,2707.7502,1880.3513,288.9151,200,4997,0.9000,0.0500,10,10,0.0000,0
a-n60-k9.vrp,ga,1,1406.8370,2776.5601,1866.6307,304.3497,200,4998,0.9000,0.0500,10,10,0.0000,0
a-n60-k9.vrp,ga,1,1406.8370,2738.2795,1878.0769,306.4236,200,4999,0.9000,0.0500,10,10,0.0000,0
a-n60-k9.vrp,ga,1,1406.8370,2719.8186,1881.1881,302.7460,200,5000,0.9000,0.0500,10,10,0.0000,0
a-n60-k9.vrp,ga,1,1406.8370,2663.4651,1888.1510,290.6566,200,5001,0.9000,0.0500,10,10,0.0000,0
a-n60-k9.vrp,ga,1,1406.8370,2833.6250,1935.7599,321.8472,200,5002,0.9000,0.0500,10,10,0.0000,0
a-n60-k9.vrp,ga,1,1406.8370,2707.5232,1895.6752,318.5453,200,5003,0.9000,0.0500,10,10,0.0000,0
a-n60-k9.vrp,ga,1,1406.8370,2695.4695,1898.4545,296.5195,200,5004,0.9000,0.0500,10,10,0.0000,0
a-n60-k9.vrp,ga,1,1406.8370,2856.2314,1918.4902,303.7730,200,5005,0.9000,0.0500,10,10,0.0000,0
a-n60-k9.vrp,ga,1,1406.8370,2680.2527,1936.9551,296.7071,200,5006,0.9000,0.0500,10,10,0.0000,0
a-n60-k9.vrp,ga,1,1406.8370,2830.7979,1957.9187,282.8219,200,5007,0.9000,0.0500,10,10,0.0000,0
a-n60-k9.vrp,ga,1,1406.8370,2924.2959,1938.6936,304.8932,200,5008,0.9000,0.0500,10,10,0.0000,0
a-n60-k9.vrp,ga,1,1406.8370,2634.2446,1910.3468,315.0295,200,5009,0.9000,0.0500,10,10,0.0000,0
a-n60-k9.vrp,ga,1,1406.8370,2607.8176,1871.2743,267.6920,200,5010,0.9000,0.0500,10,10,0.0000,0
a-n60-k9.vrp,ga,1,1406.8370,2685.6804,1874.5125,312.3932,200,5011,0.9000,0.0500,10,10,0.0000,0
a-n60-k9.vrp,ga,1,1406.8370,2792.0452,1875.9443,323.8162,200,5012,0.9000,0.0500,10,10,0.0000,0
a-n60-k9.vrp,ga,1,1406.8370,2515.7119,1868.5342,266.6220,200,5013,0.9000,0.0500,10,10,0.0000,0
a-n60-k9.vrp,ga,1,1406.8370,2628.9937,1874.7588,271.3892,200,5014,0.9000,0.0500,10,10,0.0000,0
a-n60-k9.vrp,ga,1,1406.8370,2722.4751,1906.4236,301.6147,200,5015,0.9000,0.0500,10,10,0.0000,0
a-n60-k9.vrp,ga,1,1406.8370,2974.1340,1906.0348,321.5307,200,5016,0.9000,0.0500,10,10,0.0000,0
a-n60-k9.vrp,ga,1,1406.8370,3073.0879,1906.2402,320.5766,200,5017,0.9000,0.0500,10,10,0.0000,0
a-n60-k9.vrp,ga,1,1406.8370,2887.0894,1949.2473,313.0432,200,5018,0.9000,0.0500,10,10,0.0000,0
a-n60-k9.vrp,ga,1,1406.8370,3022.3718,1901.3689,307.1201,200,5019,0.9000,0.0500,10,10,0.0000,0
a-n60-k9.vrp,ga,1,1406.8370,3063.8044,1903.6912,305.2633,200,5020,0.9000,0.0500,10,10,0.0000,0
a-n60-k9.vrp,ga,1,1406.8370,2943.2522,1907.1188,303.4167,200,5021,0.9000,0.0500,10,10,0.0000,0
a-n60-k9.vrp,ga,1,1406.8370,3199.0688,1907.5085,341.0780,200,5022,0.9000,0.0500,10,10,0.0000,0
a-n60-k9.vrp,ga,1,1406.8370,2722.4751,1863.0736,286.2944,200,5023,0.9000,0.0500,10,10,0.0000,0
a-n60-k9.vrp,ga,1,1406.8370,2849.3442,1880.2112,291.0602,200,5024,0.9000,0.0500,10,10,0.0000,0
a-n60-k9.vrp,ga,1,1406.8370,2976.4009,1878.3186,320.3313,200,5025,0.9000,0.0500,10,10,0.0000,0
a-n60-k9.vrp,ga,1,1406.8370,2948.0701,1888.7555,295.0281,200,5026,0.9000,0.0500,10,10,0.0000,0
a-n60-k9.vrp,ga,1,1406.8370,3018.3660,1855.9388,297.6609,200,5027,0.9000,0.0500,10,10,0.0000,0
a-n60-k9.vrp,ga,1,1406.8370,2945.0088,1888.4247,320.5403,200,5028,0.9000,0.0500,10,10,0.0000,0
a-n60-k9.vrp,ga,1,1406.8370,2990.5881,1906.0853,286.5089,200,5029,0.9000,0.0500,10,10,0.0000,0
a-n60-k9.vrp,ga,1,1406.8370,2789.1438,1892.6061,284.6797,200,5030,0.9000,0.0500,10,10,0.0000,0
a-n60-k9.vrp,ga,1,1406.8370,2915.5361,1901.8059,338.4585,200,5031,0.9000,0.0500,10,10,0.0000,0
a-n60-k9.vrp,ga,1,1406.8370,3073.5227,1897.6892,294.9627,200,5032,0.9000,0.0500,10,10,0.0000,0
a-n60-k9.vrp,ga,1,1406.8370,2958.0310,1893.1626,305.2328,200,5033,0.9000,0.0500,10,10,0.0000,0
a-n60-k9.vrp,ga,1,1406.8370,2979.4690,1922.0359,289.2868,200,5034,0.9000,0.0500,10,10,0.0000,0
a-n60-k9.vrp,ga,1,1406.8370,2906.9453,1930.4773,319.9959,200,5035,0.9000,0.0500,10,10,0.0000,0
a-n60-k9.vrp,ga,1,1406.8370,3050.2690,1956.4045,283.1856,200,5036,0.9000,0.0500,10,10,0.0000,0
a-n60-k9.vrp,ga,1,1406.8370,3050.2690,1969.6169,342.9821,200,5037,0.9000,0.0500,10,10,0.0000,0
a-n60-k9.vrp,ga,1,1406.8370,3054.4941,1894.8380,315.1081,200,5038,0.9000,0.0500,10,10,0.0000,0
a-n60-k9.vrp,ga,1,1406.8370,2804.4170,1841.1525,295.2460,200,5039,0.9000,0.0500,10,10,0.0000,0
a-n60-k9.vrp,ga,1,1406.8370,2986.2898,1865.0221,320.2756,200,5040,0.9000,0.0500,10,10,0.0000,0
a-n60-k9.vrp,ga,1,1406.8370,2771.1545,1873.2607,293.6677,200,5041,0.9000,0.0500,10,10,0.0000,0
a-n60-k9.vrp,ga,1,1406.8370,2845.8538,1890.7439,292.7882,200,5042,0.9000,0.0500,10,10,0.0000,0
a-n60-k9.vrp,ga,1,1406.8370,2806.9873,1878.5421,296.7915,200,5043,0.9000,0.0500,10,10,0.0000,0
a-n60-k9.vrp,ga,1,1406.8370,2908.3359,1890.9130,314.2569,200,5044,0.9000,0.0500,10,10,0.0000,0
a-n60-k9.vrp,ga,1,1406.8370,3084.2068,1898.0245,313.3323,200,5045,0.9000,0.0500,10,10,0.0000,0
a-n60-k9.vrp,ga,1,1406.8370,2970.7695,1857.2554,307.7964,200,5046,0.9000,0.0500,10,10,0.0000,0
a-n60-k9.vrp,ga,1,1406.8370,3118.1382,1871.0070,313.7538,200,5047,0.9000,0.0500,10,10,0.0000,0
a-n60-k9.vrp,ga,1,1406.8370,2871.8193,1875.8181,311.2226,200,5048,0.9000,0.0500,10,10,0.0000,0
a-n60-k9.vrp,ga,1,1406.8370,3004.7349,1865.5529,292.5235,200,5049,0.9000,0.0500,10,10,0.0000,0
a-n60-k9.vrp,ga,1,1406.8370,2841.8987,1878.0481,299.2151,200,5050,0.9000,0.0500,10,10,0.0000,0
a-n60-k9.vrp,ga,1,1406.8370,3126.8853,1865.8901,322.7667,200,5051,0.9000,0.0500,10,10,0.0000,0
a-n60-k9.vrp,ga,1,1406.8370,2939.0378,1849.2446,334.0891,200,5052,0.9000,0.0500,10,10,0.0000,0
a-n60-k9.vrp,ga,1,1406.8370,2921.3303,1849.0679,319.6878,200,5053,0.9000,0.0500,10,10,0.0000,0
a-n60-k9.vrp,ga,1,1406.8370,2836.1082,1869.2167,271.9420,200,5054,0.9000,0.0500,10,10,0.0000,0
a-n60-k9.vrp,ga,1,1406.8370,2889.3755,1893.8259,310.8155,200,5055,0.9000,0.0500,10,10,0.0000,0
a-n60-k9.vrp,ga,1,1406.8370,2993.5803,1910.1178,306.4655,200,5056,0.9000,0.0500,10,10,0.0000,0
a-n60-k9.vrp,ga,1,1406.8370,3030.1736,1916.3741,345.8158,200,5057,0.9000,0.0500,10,10,0.0000,0
a-n60-k9.vrp,ga,1,1406.8370,3009.3579,1894.9678,322.8235,200,5058,0.9000,0.0500,10,10,0.0000,0
a-n60-k9.vrp,ga,1,1406.8370,2997.1013,1927.7098,318.4171,200,5059,0.9000,0.0500,10,10,0.0000,0
a-n60-k9.vrp,ga,1,1406.8370,3014.6836,1993.3103,361.9290,200,5060,0.9000,0.0500,10,10,0.0000,0
a-n60-k9.vrp,ga,1,1406.8370,2882.9966,1935.4457,309.0277,200,5061,0.9000,0.0500,10,10,0.0000,0
a-n60-k9.vrp,ga,1,1406.8370,2840.3904,1928.7119,292.4882,200,5062,0.9000,0.0500,10,10,0.0000,0
a-n60-k9.vrp,ga,1,1406.8370,2884.0999,1919.4503,333.6949,200,5063,0.9000,0.0500,10,10,0.0000,0
a-n60-k9.vrp,ga,1,1406.8370,2897.4978,1907.5336,323.6382,200,5064,0.9000,0.0500,10,10,0.0000,0
a-n60-k9.vrp,ga,1,1406.8370,3057.2734,1907.3247,316.6966,200,5065,0.9000,0.0500,10,10,0.0000,0
a-n60-k9.vrp,ga,1,1406.8370,2676.8987,1936.8251,297.2766,200,5066,0.9000,0.0500,10,10,0.0000,0
a-n60-k9.vrp,ga,1,1406.8370,2985.1472,1943.3832,308.3987,200,5067,0.9000,0.0500,10,10,0.0000,0
a-n60-k9.vrp,ga,1,1406.8370,3134.1340,1913.4282,314.2172,200,5068,0.9000,0.0500,10,10,0.0000,0
a-n60-k9.vrp,ga,1,1406.8370,3079.2610,1935.6351,346.1704,200,5069,0.9000,0.0500,10,10,0.0000,0
a-n60-k9.vrp,ga,1,1406.8370,2567.9231,1918.0565,268.3403,200,5070,0.9000,0.0500,10,10,0.0000,0
a-n60-k9.vrp,ga,1,1406.8370,2502.3997,1893.8304,264.7259,200,5071,0.9000,0.0500,10,10,0.0000,0
a-n60-k9.vrp,ga,1,1406.8370,2555.0867,1852.7874,275.5213,200,5072,0.9000,0.0500,10,10,0.0000,0
a-n60-k9.vrp,ga,1,1406.8370,2705.1377,1837.2687,267.7645,200,5073,0.9000,0.0500,10,10,0.0000,0
a-n60-k9.vrp,ga,1,1406.8370,2514.4045,1846.2671,277.5191,200,5074,0.9000,0.0500,10,10,0.0000,0
a-n60-k9.vrp,ga,1,1406.8370,2488.1257,1881.6119,275.0542,200,5075,0.9000,0.0500,10,10,0.0000,0
a-n60-k9.vrp,ga,1,1406.8370,2600.0325,1838.2445,294.1487,200,5076,0.9000,0.0500,10,10,0.0000,0
a-n60-k9.vrp,ga,1,1406.8370,2526.7344,1827.7194,276.9806,200,5077,0.9000,0.0500,10,10,0.0000,0
a-n60-k9.vrp,ga,1,1406.8370,2561.0239,1869.0939,273.3954,200,5078,0.9000,0.0500,10,10,0.0000,0
a-n60-k9.vrp,ga,1,1406.8370,2525.7039,1869.3164,261.2979,200,5079,0.9000,0.0500,10,10,0.0000,0
a-n60-k9.vrp,ga,1,1406.8370,2604.8623,1882.2393,290.5941,200,5080,0.9000,0.0500,10,10,0.0000,0
a-n60-k9.vrp,ga,1,1406.8370,2539.6807,1875.9200,263.2269,200,5081,0.9000,0.0500,10,10,0.0000,0
a-n60-k9.vrp,ga,1,1406.8370,2456.5264,1888.7214,264.8177,200,5082,0.9000,0.0500,10,10,0.0000,0
a-n60-k9.vrp,ga,1,1406.8370,2474.5300,1864.8621,252.5571,200,5083,0.9000,0.0500,10,10,0.0000,0
a-n60-k9.vrp,ga,1,1406.8370,2517.4873,1861.2334,261.4800,200,5084,0.9000,0.0500,10,10,0.0000,0
a-n60-k9.vrp,ga,1,1406.8370,2589.8850,1840.9017,271.0564,200,5085,0.9000,0.0500,10,10,0.0000,0
a-n60-k9.vrp,ga,1,1406.8370,2448.2063,1862.4940,288.7750,200,5086,0.9000,0.0500,10,10,0.0000,0
a-n60-k9.vrp,ga,1,1406.8370,2516.6531,1841.6588,296.9320,200,5087,0.9000,0.0500,10,10,0.0000,0
a-n60-k9.vrp,ga,1,1406.8370,2520.2568,1850.6390,274.6281,200,5088,0.9000,0.0500,10,10,0.0000,0
a-n60-k9.vrp,ga,1,1406.8370,2411.9053,1844.1807,274.7607,200,5089,0.9000,0.0500,10,10,0.0000,0
a-n60-k9.vrp,ga,1,1406.8370,2523.1443,1831.8500,278.3047,200,5090,0.9000,0.0500,10,10,0.0000,0
a-n60-k9.vrp,ga,1,1406.8370,2542.7322,1838.2324,267.1205,200,5091,0.9000,0.0500,10,10,0.0000,0
a-n60-k9.vrp,ga,1,1406.8370,2439.9004,1844.2374,276.8378,200,5092,0.9000,0.0500,10,10,0.0000,0
a-n60-k9.vrp,ga,1,1406.8370,2625.8259,1860.3622,286.3488,200,5093,0.9000,0.0500,10,10,0.0000,0
a-n60-k9.vrp,ga,1,1406.8370,2590.5381,1874.3412,270.1706,200,5094,0.9000,0.0500,10,10,0.0000,0
a-n60-k9.vrp,ga,1,1406.8370,2457.3708,1872.2939,273.9628,200,5095,0.9000,0.0500,10,10,0.0000,0
a-n60-k9.vrp,ga,1,1406.8370,2747.2800,1868.3115,286.1959,200,5096,0.9000,0.0500,10,10,0.0000,0
a-n60-k9.vrp,ga,1,1406.8370,2873.1904,1865.1844,279.8283,200,5097,0.9000,0.0500,10,10,0.0000,0
a-n60-k9.vrp,ga,1,1406.8370,2586.9253,1878.8326,283.3759,200,5098,0.9000,0.0500,10,10,0.0000,0
a-n60-k9.vrp,ga,1,1406.8370,2665.8289,1863.9413,285.7655,200,5099,0.9000,0.0500,10,10,0.0000,0
a-n60-k9.vrp,ga,1,1406.8370,2661.2368,1879.3519,272.8430,200,5100,0.9000,0.0500,10,10,0.0000,0
a-n60-k9.vrp,ga,1,1406.8370,2601.9763,1880.8357,270.1699,200,5101,0.9000,0.0500,10,10,0.0000,0
a-n60-k9.vrp,ga,1,1406.8370,2573.2690,1933.9640,279.9335,200,5102,0.9000,0.0500,10,10,0.0000,0
a-n60-k9.vrp,ga,1,1406.8370,2562.0532,1894.8064,272.9195,200,5103,0.9000,0.0500,10,10,0.0000,0
a-n60-k9.vrp,ga,1,1406.8370,2588.5820,1902.2083,277.1191,200,5104,0.9000,0.0500,10,10,0.0000,0
a-n60-k9.vrp,ga,1,1406.8370,2572.8584,1886.5942,280.6068,200,5105,0.9000,0.0500,10,10,0.0000,0
a-n60-k9.vrp,ga,1,1406.8370,2659.4946,1900.9209,296.5375,200,5106,0.9000,0.0500,10,10,0.0000,0
a-n60-k9.vrp,ga,1,1406.8370,2683.7612,1881.2405,288.8475,200,5107,0.9000,0.0500,10,10,0.0000,0
a-n60-k9.vrp,ga,1,1406.8370,2569.8472,1841.7189,267.7964,200,5108,0.9000,0.0500,10,10,0.0000,0
a-n60-k9.vrp,ga,1,1406.8370,2615.2676,1846.8251,283.0436,200,5109,0.9000,0.0500,10,10,0.0000,0
a-n60-k9.vrp,ga,1,1406.8370,2706.7280,1854.7650,284.8813,200,5110,0.9000,0.0500,10,10,0.0000,0
a-n60-k9.vrp,ga,1,1406.8370,2711.1743,1909.8167,296.4550,200,5111,0.9000,0.0500,10,10,0.0000,0
a-n60-k9.vrp,ga,1,1406.8370,2625.2102,1890.9448,267.5789,200,5112,0.9000,0.0500,10,10,0.0000,0
a-n60-k9.vrp,ga,1,1406.8370,2683.7390,1884.4985,285.5658,200,5113,0.9000,0.0500,10,10,0.0000,0
a-n60-k9.vrp,ga,1,1406.8370,2642.3328,1895.0364,283.9762,200,5114,0.9000,0.0500,10,10,0.0000,0
a-n60-k9.vrp,ga,1,1406.8370,2566.4636,1869.7976,281.8426,200,5115,0.9000,0.0500,10,10,0.0000,0
a-n60-k9.vrp,ga,1,1406.8370,2556.1865,1851.5122,287.1430,200,5116,0.9000,0.0500,10,10,0.0000,0
a-n60-k9.vrp,ga,1,1406.8370,2452.8767,1907.5844,253.8870,200,5117,0.9000,0.0500,10,10,0.0000,0
a-n60-k9.vrp,ga,1,1406.8370,2686.7563,1841.3319,285.0820,200,5118,0.9000,0.0500,10,10,0.0000,0
a-n60-k9.vrp,ga,1,1406.8370,2527.1570,1848.9242,257.0305,200,5119,0.9000,0.0500,10,10,0.0000,0
a-n60-k9.vrp,ga,1,1406.8370,2618.3049,1857.8448,268.9431,200,5120,0.9000,0.0500,10,10,0.0000,0
a-n60-k9.vrp,ga,1,1406.8370,2601.1443,1934.0018,274.3141,200,5121,0.9000,0.0500,10,10,0.0000,0
a-n60-k9.vrp,ga,1,1406.8370,2694.4443,1896.0800,272.5474,200,5122,0.9000,0.0500,10,10,0.0000,0
a-n60-k9.vrp,ga,1,1406.8370,2625.2102,1895.8719,287.1243,200,5123,0.9000,0.0500,10,10,0.0000,0
a-n60-k9.vrp,ga,1,1406.8370,2719.3130,1853.5013,292.9813,200,5124,0.9000,0.0500,10,10,0.0000,0
a-n60-k9.vrp,ga,1,1406.8370,2667.6240,1857.4956,278.6060,200,5125,0.9000,0.0500,10,10,0.0000,0
a-n60-k9.vrp,ga,1,1406.8370,2594.8298,1849.1125,286.1089,200,5126,0.9000,0.0500,10,10,0.0000,0
a-n60-k9.vrp,ga,1,1406.8370,2619.5315,1880.2961,281.4516,200,5127,0.9000,0.0500,10,10,0.0000,0
a-n60-k9.vrp,ga,1,1406.8370,2696.6880,1875.1599,299.0106,200,5128,0.9000,0.0500,10,10,0.0000,0
a-n60-k9.vrp,ga,1,1406.8370,2530.3555,1857.3390,272.8835,200,5129,0.9000,0.0500,10,10,0.0000,0
a-n60-k9.vrp,ga,1,1406.8370,2607.6455,1851.6382,279.9099,200,5130,0.9000,0.0500,10,10,0.0000,0
a-n60-k9.vrp,ga,1,1406.8370,2642.6616,1838.8466,300.6866,200,5131,0.9000,0.0500,10,10,0.0000,0
a-n60-k9.vrp,ga,1,1406.8370,2616.5339,1860.1985,284.7167,200,5132,0.9000,0.0500,10,10,0.0000,0
a-n60-k9.vrp,ga,1,1406.8370,2686.1750,1874.9315,303.7219,200,5133,0.9000,0.0500,10,10,0.0000,0
a-n60-k9.vrp,ga,1,1406.8370,2580.8748,1842.9749,285.4644,200,5134,0.9000,0.0500,10,10,0.0000,0
a-n60-k9.vrp,ga,1,1406.8370,2662.9719,1870.1775,286.3993,200,5135,0.9000,0.0500,10,10,0.0000,0
a-n60-k9.vrp,ga,1,1406.8370,2460.6992,1853.7887,272.9387,200,5136,0.9000,0.0500,10,10,0.0000,0
a-n60-k9.vrp,ga,1,1406.8370,2437.5574,1830.0436,246.2772,200,5137,0.9000,0.0500,10,10,0.0000,0
a-n60-k9.vrp,ga,1,1406.8370,2495.1196,1866.2472,274.8603,200,5138,0.9000,0.0500,10,10,0.0000,0
a-n60-k9.vrp,ga,1,1406.8370,2810.5449,1859.7206,271.3067,200,5139,0.9000,0.0500,10,10,0.0000,0
a-n60-k9.vrp,ga,1,1406.8370,2642.2886,1836.2781,272.1556,200,5140,0.9000,0.0500,10,10,0.0000,0
a-n60-k9.vrp,ga,1,1406.8370,2790.7244,1860.4397,304.5034,200,5141,0.9000,0.0500,10,10,0.0000,0
a-n60-k9.vrp,ga,1,1406.8370,2786.9783,1847.7195,308.3686,200,5142,0.9000,0.0500,10,10,0.0000,0
a-n60-k9.vrp,ga,1,1406.8370,2683.7649,1881.0865,256.5371,200,5143,0.9000,0.0500,10,10,0.0000,0
a-n60-k9.vrp,ga,1,1406.8370,2567.8867,1891.8995,256.2412,200,5144,0.9000,0.0500,10,10,0.0000,0
a-n60-k9.vrp,ga,1,1406.8370,2496.4065,1860.6021,274.4874,200,5145,0.9000,0.0500,10,10,0.0000,0
a-n60-k9.vrp,ga,1,1406.8370,2516.2168,1890.2443,272.0167,200,5146,0.9000,0.0500,10,10,0.0000,0
a-n60-k9.vrp,ga,1,1406.8370,2565.7729,1914.5051,262.9757,200,5147,0.9000,0.0500,10,10,0.0000,0
a-n60-k9.vrp,ga,1,1406.8370,2542.4155,1894.8718,277.2711,200,5148,0.9000,0.0500,10,10,0.0000,0
a-n60-k9.vrp,ga,1,1406.8370,2524.5396,1879.6106,253.1292,200,5149,0.9000,0.0500,10,10,0.0000,0
a-n60-k9.vrp,ga,1,1406.8370,2616.8027,1915.5898,260.8111,200,5150,0.9000,0.0500,10,10,0.0000,0
a-n60-k9.vrp,ga,1,1406.8370,2618.8635,1896.8348,279.5675,200,5151,0.9000,0.0500,10,10,0.0000,0
a-n60-k9.vrp,ga,1,1406.8370,2403.7046,1833.6099,260.1625,200,5152,0.9000,0.0500,10,10,0.0000,0
a-n60-k9.vrp,ga,1,1406.8370,2434.1042,1841.5500,254.8134,200,5153,0.9000,0.0500,10,10,0.0000,0
a-n60-k9.vrp,ga,1,1406.8370,2439.0759,1826.0188,270.7521,200,5154,0.9000,0.0500,10,10,0.0000,0
a-n60-k9.vrp,ga,1,1406.8370,2669.1980,1868.1497,247.9303,200,5155,0.9000,0.0500,10,10,0.0000,0
a-n60-k9.vrp,ga,1,1406.8370,2515.3711,1855.9663,271.6047,200,5156,0.9000,0.0500,10,10,0.0000,0
a-n60-k9.vrp,ga,1,1406.8370,2414.3169,1833.8218,256.7822,200,5157,0.9000,0.0500,10,10,0.0000,0
a-n60-k9.vrp,ga,1,1406.8370,2422.4404,1895.3925,263.1682,200,5158,0.9000,0.0500,10,10,0.0000,0
a-n60-k9.vrp,ga,1,1406.8370,2430.6741,1885.7557,272.5018,200,5159,0.9000,0.0500,10,10,0.0000,0
a-n60-k9.vrp,ga,1,1406.8370,2413.8955,1877.7427,263.9471,200,5160,0.9000,0.0500,10,10,0.0000,0
a-n60-k9.vrp,ga,1,1406.8370,2466.6462,1848.9996,256.1943,200,5161,0.9000,0.0500,10,10,0.0000,0
a-n60-k9.vrp,ga,1,1406.8370,2471.5374,1859.1598,259.6368,200,5162,0.9000,0.0500,10,10,0.0000,0
a-n60-k9.vrp,ga,1,1406.8370,2469.4529,1843.7666,255.5609,200,5163,0.9000,0.0500,10,10,0.0000,0
a-n60-k9.vrp,ga,1,1406.8370,2547.0698,1885.5186,263.9431,200,5164,0.9000,0.0500,10,10,0.0000,0
a-n60-k9.vrp,ga,1,1406.8370,2538.0281,1903.1089,275.4793,200,5165,0.9000,0.0500,10,10,0.0000,0
a-n60-k9.vrp,ga,1,1406.8370,2639.1799,1868.2061,256.5995,200,5166,0.9000,0.0500,10,10,0.0000,0
a-n60-k9.vrp,ga,1,1406.8370,2501.3560,1875.8744,281.5965,200,5167,0.9000,0.0500,10,10,0.0000,0
a-n60-k9.vrp,ga,1,1406.8370,2455.2622,1843.1193,240.6821,200,5168,0.9000,0.0500,10,10,0.0000,0
a-n60-k9.vrp,ga,1,1406.8370,2635.7322,1854.5282,284.3339,200,5169,0.9000,0.0500,10,10,0.0000,0
a-n60-k9.vrp,ga,1,1406.8370,2599.1182,1882.1663,275.0564,200,5170,0.9000,0.0500,10,10,0.0000,0
a-n60-k9.vrp,ga,1,1406.8370,2440.8845,1900.0829,273.6973,200,5171,0.9000,0.0500,10,10,0.0000,0
a-n60-k9.vrp,ga,1,1406.8370,2450.0386,1872.3390,262.3330,200,5172,0.9000,0.0500,10,10,0.0000,0
a-n60-k9.vrp,ga,1,1406.8370,2518.0229,1879.2388,270.2618,200,5173,0.9000,0.0500,10,10,0.0000,0
a-n60-k9.vrp,ga,1,1406.8370,2512.6750,1890.0405,281.4138,200,5174,0.9000,0.0500,10,10,0.0000,0
a-n60-k9.vrp,ga,1,1406.8370,2394.6824,1867.1226,257.9292,200,5175,0.9000,0.0500,10,10,0.0000,0
a-n60-k9.vrp,ga,1,1406.8370,2566.5125,1882.3477,283.9041,200,5176,0.9000,0.0500,10,10,0.0000,0
a-n60-k9.vrp,ga,1,1406.8370,2548.7646,1881.4698,269.6529,200,5177,0.9000,0.0500,10,10,0.0000,0
a-n60-k9.vrp,ga,1,1406.8370,2466.4541,1873.1643,266.0211,200,5178,0.9000,0.0500,10,10,0.0000,0
a-n60-k9.vrp,ga,1,1406.8370,2461.5645,1855.2074,273.7624,200,5179,0.9000,0.0500,10,10,0.0000,0
a-n60-k9.vrp,ga,1,1406.8370,2596.9026,1876.3657,290.3967,200,5180,0.9000,0.0500,10,10,0.0000,0
a-n60-k9.vrp,ga,1,1406.8370,2333.6433,1844.2751,261.8108,200,5181,0.9000,0.0500,10,10,0.0000,0
a-n60-k9.vrp,ga,1,1406.8370,2466.2761,1853.6299,270.4653,200,5182,0.9000,0.0500,10,10,0.0000,0
a-n60-k9.vrp,ga,1,1406.8370,2856.9854,1893.7729,258.0775,200,5183,0.9000,0.0500,10,10,0.0000,0
a-n60-k9.vrp,ga,1,1406.8370,2521.2651,1860.9454,267.3296,200,5184,0.9000,0.0500,10,10,0.0000,0
a-n60-k9.vrp,ga,1,1406.8370,2440.7207,1872.0278,280.2294,200,5185,0.9000,0.0500,10,10,0.0000,0
a-n60-k9.vrp,ga,1,1406.8370,2518.2976,1873.4935,272.3232,200,5186,0.9000,0.0500,10,10,0.0000,0
a-n60-k9.vrp,ga,1,1406.8370,2569.2493,1864.7917,270.0666,200,5187,0.9000,0.0500,10,10,0.0000,0
a-n60-k9.vrp,ga,1,1406.8370,2409.9353,1857.5717,275.5284,200,5188,0.9000,0.0500,10,10,0.0000,0
a-n60-k9.vrp,ga,1,1406.8370,2478.6313,1845.4536,272.9093,200,5189,0.9000,0.0500,10,10,0.0000,0
a-n60-k9.vrp,ga,1,1406.8370,2451.6021,1883.4115,257.5996,200,5190,0.9000,0.0500,10,10,0.0000,0
a-n60-k9.vrp,ga,1,1406.8370,2713.2451,1864.9565,264.9704,200,5191,0.9000,0.0500,10,10,0.0000,0
a-n60-k9.vrp,ga,1,1406.8370,2662.9854,1882.8528,274.6412,200,5192,0.9000,0.0500,10,10,0.0000,0
a-n60-k9.vrp,ga,1,1406.8370,2560.2654,1879.6636,282.4290,200,5193,0.9000,0.0500,10,10,0.0000,0
a-n60-k9.vrp,ga,1,1406.8370,2539.3911,1871.3041,288.0400,200,5194,0.9000,0.0500,10,10,0.0000,0
a-n60-k9.vrp,ga,1,1406.8370,2358.3142,1879.5415,250.8123,200,5195,0.9000,0.0500,10,10,0.0000,0
a-n60-k9.vrp,ga,1,1406.8370,2314.5989,1877.6243,247.3517,200,5196,0.9000,0.0500,10,10,0.0000,0
a-n60-k9.vrp,ga,1,1406.8370,2410.2534,1871.8108,265.8067,200,5197,0.9000,0.0500,10,10,0.0000,0
a-n60-k9.vrp,ga,1,1406.8370,2537.0303,1865.5295,273.4174,200,5198,0.9000,0.0500,10,10,0.0000,0
a-n60-k9.vrp,ga,1,1406.8370,2575.6521,1851.5033,264.4305,200,5199,0.9000,0.0500,10,10,0.0000,0
a-n60-k9.vrp,ga,1,1406.8370,2537.8491,1847.6669,278.9647,200,5200,0.9000,0.0500,10,10,0.0000,0
a-n60-k9.vrp,ga,1,1406.8370,2418.2139,1855.8630,266.1384,200,5201,0.9000,0.0500,10,10,0.0000,0
a-n60-k9.vrp,ga,1,1406.8370,2368.1663,1845.3140,251.8314,200,5202,0.9000,0.0500,10,10,0.0000,0
a-n60-k9.vrp,ga,1,1406.8370,2350.2351,1823.7788,253.6655,200,5203,0.9000,0.0500,10,10,0.0000,0
a-n60-k9.vrp,ga,1,1406.8370,2384.3074,1814.4615,270.6787,200,5204,0.9000,0.0500,10,10,0.0000,0
a-n60-k9.vrp,ga,1,1406.8370,2546.5156,1832.2230,255.5437,200,5205,0.9000,0.0500,10,10,0.0000,0
a-n60-k9.vrp,ga,1,1406.8370,2389.0806,1849.2673,261.1703,200,5206,0.9000,0.0500,10,10,0.0000,0
a-n60-k9.vrp,ga,1,1406.8370,2429.6277,1803.6677,243.9567,200,5207,0.9000,0.0500,10,10,0.0000,0
a-n60-k9.vrp,ga,1,1406.8370,2357.8157,1828.7317,265.2482,200,5208,0.9000,0.0500,10,10,0.0000,0
a-n60-k9.vrp,ga,1,1406.8370,2394.6824,1842.6576,240.2473,200,5209,0.9000,0.0500,10,10,0.0000,0
a-n60-k9.vrp,ga,1,1406.8370,2509.6362,1845.7404,270.0414,200,5210,0.9000,0.0500,10,10,0.0000,0
a-n60-k9.vrp,ga,1,1406.8370,2498.8921,1803.6837,261.0728,200,5211,0.9000,0.0500,10,10,0.0000,0
a-n60-k9.vrp,ga,1,1406.8370,2379.1887,1804.4512,256.3244,200,5212,0.9000,0.0500,10,10,0.0000,0
a-n60-k9.vrp,ga,1,1406.8370,2400.4529,1864.7678,262.2148,200,5213,0.9000,0.0500,10,10,0.0000,0
a-n60-k9.vrp,ga,1,1406.8370,2410.0269,1808.0922,280.8063,200,5214,0.9000,0.0500,10,10,0.0000,0
a-n60-k9.vrp,ga,1,1406.8370,2477.7607,1817.9330,289.1577,200,5215,0.9000,0.0500,10,10,0.0000,0
a-n60-k9.vrp,ga,1,1406.8370,2354.4546,1860.9515,245.1551,200,5216,0.9000,0.0500,10,10,0.0000,0
a-n60-k9.vrp,ga,1,1406.8370,2513.5872,1852.4775,240.9540,200,5217,0.9000,0.0500,10,10,0.0000,0
a-n60-k9.vrp,ga,1,1406.8370,2419.8584,1846.2092,262.4958,200,5218,0.9000,0.0500,10,10,0.0000,0
a-n60-k9.vrp,ga,1,1406.8370,2467.2849,1800.4801,265.1613,200,5219,0.9000,0.0500,10,10,0.0000,0
a-n60-k9.vrp,ga,1,1406.8370,2515.3711,1827.7203,265.0897,200,5220,0.9000,0.0500,10,10,0.0000,0
a-n60-k9.vrp,ga,1,1406.8370,2379.1887,1837.7949,253.7725,200,5221,0.9000,0.0500,10,10,0.0000,0
a-n60-k9.vrp,ga,1,1406.8370,2332.1875,1843.8794,262.9231,200,5222,0.9000,0.0500,10,10,0.0000,0
a-n60-k9.vrp,ga,1,1406.8370,2409.9353,1825.4078,254.4387,200,5223,0.9000,0.0500,10,10,0.0000,0
a-n60-k9.vrp,ga,1,1406.8370,2481.2996,1798.8789,258.6576,200,5224,0.9000,0.0500,10,10,0.0000,0
a-n60-k9.vrp,ga,1,1406.8370,2463.9526,1842.8187,254.0272,200,5225,0.9000,0.0500,10,10,0.0000,0
a-n60-k9.vrp,ga,1,1406.8370,2489.4998,1819.3248,271.3788,200,5226,0.9000,0.0500,10,10,0.0000,0
a-n60-k9.vrp,ga,1,1406.8370,2583.4480,1856.5643,263.2563,200,5227,0.9000,0.0500,10,10,0.0000,0
a-n60-k9.vrp,ga,1,1406.8370,2363.1636,1831.1553,266.7399,200,5228,0.9000,0.0500,10,10,0.0000,0
a-n60-k9.vrp,ga,1,1406.8370,2333.5591,1820.5870,263.4977,200,5229,0.9000,0.0500,10,10,0.0000,0
a-n60-k9.vrp,ga,1,1406.8370,2359.8899,1833.0892,244.6666,200,5230,0.9000,0.0500,10,10,0.0000,0
a-n60-k9.vrp,ga,1,1406.8370,2420.7217,1837.3694,253.5190,200,5231,0.9000,0.0500,10,10,0.0000,0
a-n60-k9.vrp,ga,1,1406.8370,2557.2969,1837.3003,267.4674,200,5232,0.9000,0.0500,10,10,0.0000,0
a-n60-k9.vrp,ga,1,1406.8370,2515.5618,1825.5583,277.6232,200,5233,0.9000,0.0500,10,10,0.0000,0
a-n60-k9.vrp,ga,1,1406.8370,2413.8955,1832.7861,250.0702,200,5234,0.9000,0.0500,10,10,0.0000,0
a-n60-k9.vrp,ga,1,1406.8370,2372.8145,1825.7445,275.3558,200,5235,0.9000,0.0500,10,10,0.0000,0
a-n60-k9.vrp,ga,1,1406.8370,2429.6277,1833.7554,260.3600,200,5236,0.9000,0.0500,10,10,0.0000,0
a-n60-k9.vrp,ga,1,1406.8370,2513.0225,1812.1378,268.4540,200,5237,0.9000,0.0500,10,10,0.0000,0
a-n60-k9.vrp,ga,1,1406.8370,2537.7942,1823.8599,281.0659,200,5238,0.9000,0.0500,10,10,0.0000,0
a-n60-k9.vrp,ga,1,1406.8370,2319.3987,1840.6188,254.6919,200,5239,0.9000,0.0500,10,10,0.0000,0
a-n60-k9.vrp,ga,1,1406.8370,2477.0000,1890.3363,255.3217,200,5240,0.9000,0.0500,10,10,0.0000,0
a-n60-k9.vrp,ga,1,1406.8370,2500.3027,1848.8975,270.4197,200,5241,0.9000,0.0500,10,10,0.0000,0
a-n60-k9.vrp,ga,1,1406.8370,2429.6277,1841.6631,267.8634,200,5242,0.9000,0.0500,10,10,0.0000,0
a-n60-k9.vrp,ga,1,1406.8370,2404.4019,1851.2688,279.7863,200,5243,0.9000,0.0500,10,10,0.0000,0
a-n60-k9.vrp,ga,1,1406.8370,2439.4858,1864.0874,259.1391,200,5244,0.9000,0.0500,10,10,0.0000,0
a-n60-k9.vrp,ga,1,1406.8370,2657.4363,1857.8204,276.8917,200,5245,0.9000,0.0500,10,10,0.0000,0
a-n60-k9.vrp,ga,1,1406.8370,2368.3826,1842.1606,270.7728,200,5246,0.9000,0.0500,10,10,0.0000,0
a-n60-k9.vrp,ga,1,1406.8370,2327.2527,1818.3252,264.7812,200,5247,0.9000,0.0500,10,10,0.0000,0
a-n60-k9.vrp,ga,1,1406.8370,2515.0034,1837.4053,269.9191,200,5248,0.9000,0.0500,10,10,0.0000,0
a-n60-k9.vrp,ga,1,1406.8370,2365.6704,1810.3087,272.6301,200,5249,0.9000,0.0500,10,10,0.0000,0
a-n60-k9.vrp,ga,1,1406.8370,2563.7781,1825.1335,282.1645,200,5250,0.9000,0.0500,10,10,0.0000,0
a-n60-k9.vrp,ga,1,1406.8370,2413.8955,1864.6332,241.3286,200,5251,0.9000,0.0500,10,10,0.0000,0
a-n60-k9.vrp,ga,1,1406.8370,2564.2644,1861.4922,280.0280,200,5252,0.9000,0.0500,10,10,0.0000,0
a-n60-k9.vrp,ga,1,1406.8370,2429.4473,1870.2247,278.6680,200,5253,0.9000,0.0500,10,10,0.0000,0
a-n60-k9.vrp,ga,1,1406.8370,2563.6851,1861.7739,276.1236,200,5254,0.9000,0.0500,10,10,0.0000,0
a-n60-k9.vrp,ga,1,1406.8370,2405.4492,1835.1404,271.1585,200,5255,0.9000,0.0500,10,10,0.0000,0
a-n60-k9.vrp,ga,1,1406.8370,2724.5308,1861.5220,285.9405,200,5256,0.9000,0.0500,10,10,0.0000,0
a-n60-k9.vrp,ga,1,1406.8370,2540.7605,1831.4785,282.2785,200,5257,0.9000,0.0500,10,10,0.0000,0
a-n60-k9.vrp,ga,1,1406.8370,2462.9666,1862.9349,269.6888,200,5258,0.9000,0.0500,10,10,0.0000,0
a-n60-k9.vrp,ga,1,1406.8370,2460.9292,1848.4968,270.8662,200,5259,0.9000,0.0500,10,10,0.0000,0
a-n60-k9.vrp,ga,1,1406.8370,2460.0806,1856.4034,280.4500,200,5260,0.9000,0.0500,10,10,0.0000,0
a-n60-k9.vrp,ga,1,1406.8370,2627.9177,1850.9213,281.0516,200,5261,0.9000,0.0500,10,10,0.0000,0
a-n60-k9.vrp,ga,1,1406.8370,2604.7424,1833.3777,290.8830,200,5262,0.9000,0.0500,10,10,0.0000,0
a-n60-k9.vrp,ga,1,1406.8370,2460.4622,1859.9076,262.9893,200,5263,0.9000,0.0500,10,10,0.0000,0
a-n60-k9.vrp,ga,1,1406.8370,2434.5349,1862.2473,266.2793,200,5264,0.9000,0.0500,10,10,0.0000,0
a-n60-k9.vrp,ga,1,1406.8370,2680.3564,1879.1659,287.0407,200,5265,0.9000,0.0500,10,10,0.0000,0
a-n60-k9.vrp,ga,1,1406.8370,2595.9097,1899.8613,270.8093,200,5266,0.9000,0.0500,10,10,0.0000,0
a-n60-k9.vrp,ga,1,1406.8370,2512.6284,1885.9966,264.7174,200,5267,0.9000,0.0500,10,10,0.0000,0
a-n60-k9.vrp,ga,1,1406.8370,2805.6226,1917.9814,282.9598,200,5268,0.9000,0.0500,10,10,0.0000,0
a-n60-k9.vrp,ga,1,1406.8370,2710.9233,1916.7211,309.7547,200,5269,0.9000,0.0500,10,10,0.0000,0
a-n60-k9.vrp,ga,1,1406.8370,2811.8645,1893.1678,292.5768,200,5270,0.9000,0.0500,10,10,0.0000,0
a-n60-k9.vrp,ga,1,1406.8370,2549.2896,1908.9651,288.6037,200,5271,0.9000,0.0500,10,10,0.0000,0
a-n60-k9.vrp,ga,1,1406.8370,2606.2195,1930.4230,281.2825,200,5272,0.9000,0.0500,10,10,0.0000,0
a-n60-k9.vrp,ga,1,1406.8370,2628.8203,1913.9969,303.4242,200,5273,0.9000,0.0500,10,10,0.0000,0
a-n60-k9.vrp,ga,1,1406.8370,2967.8713,1922.0862,319.2993,200,5274,0.9000,0.0500,10,10,0.0000,0
a-n60-k9.vrp,ga,1,1406.8370,2605.7065,1877.6825,287.6583,200,5275,0.9000,0.0500,10,10,0.0000,0
a-n60-k9.vrp,ga,1,1406.8370,2935.1985,1911.4028,297.0321,200,5276,0.9000,0.0500,10,10,0.0000,0
a-n60-k9.vrp,ga,1,1406.8370,3003.4072,1908.7339,304.0633,200,5277,0.9000,0.0500,10,10,0.0000,0
a-n60-k9.vrp,ga,1,1406.8370,2524.8779,1892.0217,278.5999,200,5278,0.9000,0.0500,10,10,0.0000,0
a-n60-k9.vrp,ga,1,1406.8370,2604.7910,1898.8582,301.0728,200,5279,0.9000,0.0500,10,10,0.0000,0
a-n60-k9.vrp,ga,1,1406.8370,2763.0342,1924.9078,304.0940,200,5280,0.9000,0.0500,10,10,0.0000,0
a-n60-k9.vrp,ga,1,1406.8370,2697.5984,1909.9579,279.2531,200,5281,0.9000,0.0500,10,10,0.0000,0
a-n60-k9.vrp,ga,1,1406.8370,2481.6895,1870.2874,273.9338,200,5282,0.9000,0.0500,10,10,0.0000,0
a-n60-k9.vrp,ga,1,1406.8370,2838.5864,1946.2418,301.8059,200,5283,0.9000,0.0500,10,10,0.0000,0
a-n60-k9.vrp,ga,1,1406.8370,2517.4099,1937.8113,286.2672,200,5284,0.9000,0.0500,10,10,0.0000,0
a-n60-k9.vrp,ga,1,1406.8370,2643.3923,1903.0609,286.7665,200,5285,0.9000,0.0500,10,10,0.0000,0
a-n60-k9.vrp,ga,1,1406.8370,2858.2793,1883.8909,287.2535,200,5286,0.9000,0.0500,10,10,0.0000,0
a-n60-k9.vrp,ga,1,1406.8370,2700.2046,1924.7010,303.9859,200,5287,0.9000,0.0500,10,10,0.0000,0
a-n60-k9.vrp,ga,1,1406.8370,2830.7957,1887.6174,311.7147,200,5288,0.9000,0.0500,10,10,0.0000,0
a-n60-k9.vrp,ga,1,1406.8370,2755.1833,1868.4984,296.2666,200,5289,0.9000,0.0500,10,10,0.0000,0
a-n60-k9.vrp,ga,1,1406.8370,2659.7639,1910.2600,269.1988,200,5290,0.9000,0.0500,10,10,0.0000,0
a-n60-k9.vrp,ga,1,1406.8370,2753.3477,1926.7493,308.5625,200,5291,0.9000,0.0500,10,10,0.0000,0
a-n60-k9.vrp,ga,1,1406.8370,2683.5737,1884.2977,285.6692,200,5292,0.9000,0.0500,10,10,0.0000,0
a-n60-k9.vrp,ga,1,1406.8370,2636.3274,1881.2466,278.0471,200,5293,0.9000,0.0500,10,10,0.0000,0
a-n60-k9.vrp,ga,1,1406.8370,2948.8799,1862.9545,316.0721,200,5294,0.9000,0.0500,10,10,0.0000,0
a-n60-k9.vrp,ga,1,1406.8370,2791.4543,1889.4375,310.4278,200,5295,0.9000,0.0500,10,10,0.0000,0
a-n60-k9.vrp,ga,1,1406.8370,2706.8398,1859.7806,301.4098,200,5296,0.9000,0.0500,10,10,0.0000,0
a-n60-k9.vrp,ga,1,1406.8370,2578.5288,1875.4490,275.5510,200,5297,0.9000,0.0500,10,10,0.0000,0
a-n60-k9.vrp,ga,1,1406.8370,2911.8408,1865.7247,288.3757,200,5298,0.9000,0.0500,10,10,0.0000,0
a-n60-k9.vrp,ga,1,1406.8370,2827.0181,1883.6732,319.1591,200,5299,0.9000,0.0500,10,10,0.0000,0
a-n60-k9.vrp,ga,1,1406.8370,2865.8152,1870.6888,311.0039,200,5300,0.9000,0.0500,10,10,0.0000,0
a-n60-k9.vrp,ga,1,1406.8370,2907.1587,1870.8281,295.8497,200,5301,0.9000,0.0500,10,10,0.0000,0
a-n60-k9.vrp,ga,1,1406.8370,2881.1057,1872.1421,310.8003,200,5302,0.9000,0.0500,10,10,0.0000,0
a-n60-k9.vrp,ga,1,1406.8370,2877.7310,1933.5663,313.2009,200,5303,0.9000,0.0500,10,10,0.0000,0
a-n60-k9.vrp,ga,1,1406.8370,2826.6296,1903.5463,289.1150,200,5304,0.9000,0.0500,10,10,0.0000,0
a-n60-k9.vrp,ga,1,1406.8370,3005.7290,1936.2528,316.8910,200,5305,0.9000,0.0500,10,10,0.0000,0
a-n60-k9.vrp,ga,1,1406.8370,2827.2529,1921.5112,317.3449,200,5306,0.9000,0.0500,10,10,0.0000,0
a-n60-k9.vrp,ga,1,1406.8370,2779.7952,1890.5414,305.0251,200,5307,0.9000,0.0500,10,10,0.0000,0
a-n60-k9.vrp,ga,1,1406.8370,3002.5220,1891.6997,315.2045,200,5308,0.9000,0.0500,10,10,0.0000,0
a-n60-k9.vrp,ga,1,1406.8370,2462.3572,1866.7028,275.1274,200,5309,0.9000,0.0500,10,10,0.0000,0
a-n60-k9.vrp,ga,1,1406.8370,2427.4270,1855.7920,266.4203,200,5310,0.9000,0.0500,10,10,0.0000,0
a-n60-k9.vrp,ga,1,1406.8370,2472.3281,1859.0631,271.5389,200,5311,0.9000,0.0500,10,10,0.0000,0
a-n60-k9.vrp,ga,1,1406.8370,2588.2915,1861.5673,279.4395,200,5312,0.9000,0.0500,10,10,0.0000,0
a-n60-k9.vrp,ga,1,1406.8370,2452.1279,1865.8730,279.1188,200,5313,0.9000,0.0500,10,10,0.0000,0
a-n60-k9.vrp,ga,1,1406.8370,2664.5371,1851.1786,282.8437,200,5314,0.9000,0.0500,10,10,0.0000,0
a-n60-k9.vrp,ga,1,1406.8370,2508.6736,1860.6615,271.7010,200,5315,0.9000,0.0500,10,10,0.0000,0
a-n60-k9.vrp,ga,1,1406.8370,2360.3594,1847.4111,265.0240,200,5316,0.9000,0.0500,10,10,0.0000,0
a-n60-k9.vrp,ga,1,1406.8370,2360.6204,1830.9615,260.9797,200,5317,0.9000,0.0500,10,10,0.0000,0
a-n60-k9.vrp,ga,1,1406.8370,2578.5676,1907.4730,281.9240,200,5318,0.9000,0.0500,10,10,0.0000,0
a-n60-k9.vrp,ga,1,1406.8370,2645.5969,1862.6244,282.4300,200,5319,0.9000,0.0500,10,10,0.0000,0
a-n60-k9.vrp,ga,1,1406.8370,2593.4812,1926.0010,269.2831,200,5320,0.9000,0.0500,10,10,0.0000,0
a-n60-k9.vrp,ga,1,1406.8370,2625.1833,1917.3068,269.7332,200,5321,0.9000,0.0500,10,10,0.0000,0
a-n60-k9.vrp,ga,1,1406.8370,2573.9824,1875.1620,275.8726,200,5322,0.9000,0.0500,10,10,0.0000,0
a-n60-k9.vrp,ga,1,1406.8370,2585.3701,1850.7228,283.1301,200,5323,0.9000,0.0500,10,10,0.0000,0
a-n60-k9.vrp,ga,1,1406.8370,2618.6755,1851.9899,271.9812,200,5324,0.9000,0.0500,10,10,0.0000,0
a-n60-k9.vrp,ga,1,1406.8370,2428.1912,1872.6390,271.6959,200,5325,0.9000,0.0500,10,10,0.0000,0
a-n60-k9.vrp,ga,1,1406.8370,2631.8354,1874.8921,280.7636,200,5326,0.9000,0.0500,10,10,0.0000,0
a-n60-k9.vrp,ga,1,1406.8370,2592.3745,1888.5624,269.1199,200,5327,0.9000,0.0500,10,10,0.0000,0
a-n60-k9.vrp,ga,1,1406.8370,2594.5173,1909.9579,297.0742,200,5328,0.9000,0.0500,10,10,0.0000,0
a-n60-k9.vrp,ga,1,1406.8370,2503.8613,1951.4503,262.8607,200,5329,0.9000,0.0500,10,10,0.0000,0
a-n60-k9.vrp,ga,1,1406.8370,2700.3303,1935.5991,280.5454,200,5330,0.9000,0.0500,10,10,0.0000,0
a-n60-k9.vrp,ga,1,1406.8370,2587.7590,1880.0050,294.4669,200,5331,0.9000,0.0500,10,10,0.0000,0
a-n60-k9.vrp,ga,1,1406.8370,2459.8062,1861.7600,275.4642,200,5332,0.9000,0.0500,10,10,0.0000,0
a-n60-k9.vrp,ga,1,1406.8370,2482.6628,1902.9779,265.6832,200,5333,0.9000,0.0500,10,10,0.0000,0
a-n60-k9.vrp,ga,1,1406.8370,2714.0188,1852.5723,259.7688,200,5334,0.9000,0.0500,10,10,0.0000,0
a-n60-k9.vrp,ga,1,1406.8370,2577.2322,1870.5111,269.5471,200,5335,0.9000,0.0500,10,10,0.0000,0
a-n60-k9.vrp,ga,1,1406.8370,2730.6672,1880.6083,284.1021,200,5336,0.9000,0.0500,10,10,0.0000,0
a-n60-k9.vrp,ga,1,1406.8370,2779.8159,1893.9854,299.4268,200,5337,0.9000,0.0500,10,10,0.0000,0
a-n60-k9.vrp,ga,1,1406.8370,2628.5540,1875.3046,272.8835,200,5338,0.9000,0.0500,10,10,0.0000,0
a-n60-k9.vrp,ga,1,1406.8370,2589.6050,1872.0931,275.5291,200,5339,0.9000,0.0500,10,10,0.0000,0
a-n60-k9.vrp,ga,1,1406.8370,2730.7336,1894.9088,277.5815,200,5340,0.9000,0.0500,10,10,0.0000,0
a-n60-k9.vrp,ga,1,1406.8370,2726.1606,1907.9534,279.9200,200,5341,0.9000,0.0500,10,10,0.0000,0
a-n60-k9.vrp,ga,1,1406.8370,2831.0217,1881.9924,294.3400,200,5342,0.9000,0.0500,10,10,0.0000,0
a-n60-k9.vrp,ga,1,1406.8370,2748.4771,1866.0796,279.2234,200,5343,0.9000,0.0500,10,10,0.0000,0
a-n60-k9.vrp,ga,1,1406.8370,2784.6409,1906.0242,290.0410,200,5344,0.9000,0.0500,10,10,0.0000,0
a-n60-k9.vrp,ga,1,1406.8370,2547.1587,1866.3420,287.2962,200,5345,0.9000,0.0500,10,10,0.0000,0
a-n60-k9.vrp,ga,1,1406.8370,2661.3174,1884.0079,264.9809,200,5346,0.9000,0.0500,10,10,0.0000,0
a-n60-k9.vrp,ga,1,1406.8370,2863.3506,1901.5657,278.6248,200,5347,0.9000,0.0500,10,10,0.0000,0
a-n60-k9.vrp,ga,1,1406.8370,2827.0574,1890.8069,277.0504,200,5348,0.9000,0.0500,10,10,0.0000,0
a-n60-k9.vrp,ga,1,1406.8370,2819.4197,1915.3076,290.2659,200,5349,0.9000,0.0500,10,10,0.0000,0
a-n60-k9.vrp,ga,1,1406.8370,2637.1245,1921.4512,281.3674,200,5350,0.9000,0.0500,10,10,0.0000,0
a-n60-k9.vrp,ga,1,1406.8370,2601.6733,1886.2125,304.2211,200,5351,0.9000,0.0500,10,10,0.0000,0
a-n60-k9.vrp,ga,1,1406.8370,2536.2019,1847.6921,263.3035,200,5352,0.9000,0.0500,10,10,0.0000,0
a-n60-k9.vrp,ga,1,1406.8370,2772.7644,1872.8726,304.1623,200,5353,0.9000,0.0500,10,10,0.0000,0
a-n60-k9.vrp,ga,1,1406.8370,2771.1602,1909.5051,326.3455,200,5354,0.9000,0.0500,10,10,0.0000,0
a-n60-k9.vrp,ga,1,1406.8370,2621.5149,1917.6637,302.8279,200,5355,0.9000,0.0500,10,10,0.0000,0
a-n60-k9.vrp,ga,1,1406.8370,2774.6331,1925.5942,296.0964,200,5356,0.9000,0.0500,10,10,0.0000,0
a-n60-k9.vrp,ga,1,1406.8370,2803.5867,1912.2335,307.5359,200,5357,0.9000,0.0500,10,10,0.0000,0
a-n60-k9.vrp,ga,1,1406.8370,2788.9551,1912.6078,284.7645,200,5358,0.9000,0.0500,10,10,0.0000,0
a-n60-k9.vrp,ga,1,1406.8370,2879.6445,1955.1378,316.6640,200,5359,0.9000,0.0500,10,10,0.0000,0
a-n60-k9.vrp,ga,1,1406.8370,2746.7314,1909.5459,302.4530,200,5360,0.9000,0.0500,10,10,0.0000,0
a-n60-k9.vrp,ga,1,1406.8370,2745.6560,1888.8827,302.0209,200,5361,0.9000,0.0500,10,10,0.0000,0
a-n60-k9.vrp,ga,1,1406.8370,2672.6655,1910.9539,299.4115,200,5362,0.9000,0.0500,10,10,0.0000,0
a-n60-k9.vrp,ga,1,1406.8370,2814.1685,1892.6504,292.2641,200,5363,0.9000,0.0500,10,10,0.0000,0
a-n60-k9.vrp,ga,1,1406.8370,2760.8896,1870.7941,302.5619,200,5364,0.9000,0.0500,10,10,0.0000,0
a-n60-k9.vrp,ga,1,1406.8370,2586.7114,1855.5172,271.6677,200,5365,0.9000,0.0500,10,10,0.0000,0
a-n60-k9.vrp,ga,1,1406.8370,2461.5823,1876.8749,266.8982,200,5366,0.9000,0.0500,10,10,0.0000,0
a-n60-k9.vrp,ga,1,1406.8370,2556.8479,1851.9786,288.9926,200,5367,0.9000,0.0500,10,10,0.0000,0
a-n60-k9.vrp,ga,1,1406.8370,2800.8223,1859.5164,288.0640,200,5368,0.9000,0.0500,10,10,0.0000,0
a-n60-k9.vrp,ga,1,1406.8370,2840.0293,1842.3076,269.1693,200,5369,0.9000,0.0500,10,10,0.0000,0
a-n60-k9.vrp,ga,1,1406.8370,2624.1501,1846.4916,265.9044,200,5370,0.9000,0.0500,10,10,0.0000,0
a-n60-k9.vrp,ga,1,1406.8370,2744.2007,1837.6317,259.6405,200,5371,0.9000,0.0500,10,10,0.0000,0
a-n60-k9.vrp,ga,1,1406.8370,2725.0293,1885.5184,270.3754,200,5372,0.9000,0.0500,10,10,0.0000,0
a-n60-k9.vrp,ga,1,1406.8370,2478.2471,1872.3629,271.3342,200,5373,0.9000,0.0500,10,10,0.0000,0
a-n60-k9.vrp,ga,1,1406.8370,2775.9858,1919.6226,300.3878,200,5374,0.9000,0.0500,10,10,0.0000,0
a-n60-k9.vrp,ga,1,1406.8370,2652.3022,1876.1771,268.1187,200,5375,0.9000,0.0500,10,10,0.0000,0
a-n60-k9.vrp,ga,1,1406.8370,2583.9666,1849.2675,289.9601,200,5376,0.9000,0.0500,10,10,0.0000,0
a-n60-k9.vrp,ga,1,1406.8370,2816.4055,1900.1339,284.2828,200,5377,0.9000,0.0500,10,10,0.0000,0
a-n60-k9.vrp,ga,1,1406.8370,2859.3533,1896.6118,284.9142,200,5378,0.9000,0.0500,10,10,0.0000,0
a-n60-k9.vrp,ga,1,1406.8370,2714.9016,1877.9921,269.5551,200,5379,0.9000,0.0500,10,10,0.0000,0
a-n60-k9.vrp,ga,1,1406.8370,2715.2397,1868.1259,275.0141,200,5380,0.9000,0.0500,10,10,0.0000,0
a-n60-k9.vrp,ga,1,1406.8370,2542.8657,1840.8708,266.0491,200,5381,0.9000,0.0500,10,10,0.0000,0
a-n60-k9.vrp,ga,1,1406.8370,2719.2729,1883.0576,285.7474,200,5382,0.9000,0.0500,10,10,0.0000,0
a-n60-k9.vrp,ga,1,1406.8370,2696.4075,1873.1096,288.8407,200,5383,0.9000,0.0500,10,10,0.0000,0
a-n60-k9.vrp,ga,1,1406.8370,2609.6450,1867.3491,281.4626,200,5384,0.9000,0.0500,10,10,0.0000,0
a-n60-k9.vrp,ga,1,1406.8370,2659.8560,1850.4066,281.6175,200,5385,0.9000,0.0500,10,10,0.0000,0
a-n60-k9.vrp,ga,1,1406.8370,2735.4766,1890.5889,283.3526,200,5386,0.9000,0.0500,10,10,0.0000,0
a-n60-k9.vrp,ga,1,1406.8370,2743.0420,1846.4253,297.8055,200,5387,0.9000,0.0500,10,10,0.0000,0
a-n60-k9.vrp,ga,1,1406.8370,2511.6306,1825.7374,262.5515,200,5388,0.9000,0.0500,10,10,0.0000,0
a-n60-k9.vrp,ga,1,1406.8370,2905.4673,1815.3365,277.8750,200,5389,0.9000,0.0500,10,10,0.0000,0
a-n60-k9.vrp,ga,1,1406.8370,2818.9453,1851.8231,316.2322,200,5390,0.9000,0.0500,10,10,0.0000,0
a-n60-k9.vrp,ga,1,1406.8370,2751.3044,1848.1863,288.1715,200,5391,0.9000,0.0500,10,10,0.0000,0
a-n60-k9.vrp,ga,1,1406.8370,2840.4517,1890.8440,312.3545,200,5392,0.9000,0.0500,10,10,0.0000,0
a-n60-k9.vrp,ga,1,1406.8370,2583.2434,1838.1976,270.5523,200,5393,0.9000,0.0500,10,10,0.0000,0
a-n60-k9.vrp,ga,1,1406.8370,2699.0881,1880.9348,296.4575,200,5394,0.9000,0.0500,10,10,0.0000,0
a-n60-k9.vrp,ga,1,1406.8370,2725.0549,1881.5538,281.4452,200,5395,0.9000,0.0500,10,10,0.0000,0
a-n60-k9.vrp,ga,1,1406.8370,2818.0969,1886.4421,304.3266,200,5396,0.9000,0.0500,10,10,0.0000,0
a-n60-k9.vrp,ga,1,1406.8370,2727.4624,1870.8363,310.1293,200,5397,0.9000,0.0500,10,10,0.0000,0
a-n60-k9.vrp,ga,1,1406.8370,2746.1968,1836.3722,284.0093,200,5398,0.9000,0.0500,10,10,0.0000,0
a-n60-k9.vrp,ga,1,1406.8370,2677.1506,1847.9545,298.0936,200,5399,0.9000,0.0500,10,10,0.0000,0
a-n60-k9.vrp,ga,1,1406.8370,2593.3447,1853.0560,256.5084,200,5400,0.9000,0.0500,10,10,0.0000,0
a-n60-k9.vrp,ga,1,1406.8370,2586.4753,1845.7449,283.5005,200,5401,0.9000,0.0500,10,10,0.0000,0
a-n60-k9.vrp,ga,1,1406.8370,2788.9463,1897.1414,263.4289,200,5402,0.9000,0.0500,10,10,0.0000,0
a-n60-k9.vrp,ga,1,1406.8370,2651.3103,1893.7484,276.0174,200,5403,0.9000,0.0500,10,10,0.0000,0
a-n60-k9.vrp,ga,1,1406.8370,2736.4143,1880.0529,263.4933,200,5404,0.9000,0.0500,10,10,0.0000,0
a-n60-k9.vrp,ga,1,1406.8370,2785.6755,1889.9030,271.0894,200,5405,0.9000,0.0500,10,10,0.0000,0
a-n60-k9.vrp,ga,1,1406.8370,2967.5562,1894.3726,307.9716,200,5406,0.9000,0.0500,10,10,0.0000,0
a-n60-k9.vrp,ga,1,1406.8370,2665.9292,1900.4939,276.2603,200,5407,0.9000,0.0500,10,10,0.0000,0
a-n60-k9.vrp,ga,1,1406.8370,2845.2959,1922.8682,299.8928,200,5408,0.9000,0.0500,10,10,0.0000,0
a-n60-k9.vrp,ga,1,1406.8370,2723.8518,1879.8510,298.8779,200,5409,0.9000,0.0500,10,10,0.0000,0
a-n60-k9.vrp,ga,1,1406.8370,2905.3425,1900.6304,308.0324,200,5410,0.9000,0.0500,10,10,0.0000,0
a-n60-k9.vrp,ga,1,1406.8370,2661.5288,1891.6201,299.2498,200,5411,0.9000,0.0500,10,10,0.0000,0
a-n60-k9.vrp,ga,1,1406.8370,2774.9128,1901.4413,295.0598,200,5412,0.9000,0.0500,10,10,0.0000,0
a-n60-k9.vrp,ga,1,1406.8370,2897.0483,1917.5891,308.5775,200,5413,0.9000,0.0500,10,10,0.0000,0
a-n60-k9.vrp,ga,1,1406.8370,2827.2612,1912.4407,326.8647,200,5414,0.9000,0.0500,10,10,0.0000,0
a-n60-k9.vrp,ga,1,1406.8370,3036.1555,1898.7073,342.6797,200,5415,0.9000,0.0500,10,10,0.0000,0
a-n60-k9.vrp,ga,1,1406.8370,2710.8135,1883.1158,295.0721,200,5416,0.9000,0.0500,10,10,0.0000,0
a-n60-k9.vrp,ga,1,1406.8370,2961.0710,1913.1267,295.2561,200,5417,0.9000,0.0500,10,10,0.0000,0
a-n60-k9.vrp,ga,1,1406.8370,3054.7161,1930.8663,303.3948,200,5418,0.9000,0.0500,10,10,0.0000,0
a-n60-k9.vrp,ga,1,1406.8370,2901.4932,1874.2360,327.0116,200,5419,0.9000,0.0500,10,10,0.0000,0
a-n60-k9.vrp,ga,1,1406.8370,2915.0732,1883.0724,302.8640,200,5420,0.9000,0.0500,10,10,0.0000,0
a-n60-k9.vrp,ga,1,1406.8370,2971.6208,1907.5720,311.7001,200,5421,0.9000,0.0500,10,10,0.0000,0
a-n60-k9.vrp,ga,1,1406.8370,3007.5925,1952.0240,316.3241,200,5422,0.9000,0.0500,10,10,0.0000,0
a-n60-k9.vrp,ga,1,1406.8370,3022.4824,1967.2101,354.0138,200,5423,0.9000,0.0500,10,10,0.0000,0
a-n60-k9.vrp,ga,1,1406.8370,2851.5554,1940.1827,293.0710,200,5424,0.9000,0.0500,10,10,0.0000,0
a-n60-k9.vrp,ga,1,1406.8370,2887.8083,1936.2283,331.0258,200,5425,0.9000,0.0500,10,10,0.0000,0
a-n60-k9.vrp,ga,1,1406.8370,2577.4248,1939.7655,295.2041,200,5426,0.9000,0.0500,10,10,0.0000,0
a-n60-k9.vrp,ga,1,1406.8370,2399.6179,1867.5334,259.0134,200,5427,0.9000,0.0500,10,10,0.0000,0
a-n60-k9.vrp,ga,1,1406.8370,2529.6443,1835.9680,276.7377,200,5428,0.9000,0.0500,10,10,0.0000,0
a-n60-k9.vrp,ga,1,1406.8370,2629.1062,1837.6003,288.4126,200,5429,0.9000,0.0500,10,10,0.0000,0
a-n60-k9.vrp,ga,1,1406.8370,2719.6667,1859.4869,273.7992,200,5430,0.9000,0.0500,10,10,0.0000,0
a-n60-k9.vrp,ga,1,1406.8370,2575.1533,1892.1847,279.7919,200,5431,0.9000,0.0500,10,10,0.0000,0
a-n60-k9.vrp,ga,1,1406.8370,2713.4885,1903.8849,267.9677,200,5432,0.9000,0.0500,10,10,0.0000,0
a-n60-k9.vrp,ga,1,1406.8370,2629.4282,1890.1528,294.1388,200,5433,0.9000,0.0500,10,10,0.0000,0
a-n60-k9.vrp,ga,1,1406.8370,2726.3845,1859.7230,294.9118,200,5434,0.9000,0.0500,10,10,0.0000,0
a-n60-k9.vrp,ga,1,1406.8370,2719.6667,1845.4336,280.6366,200,5435,0.9000,0.0500,10,10,0.0000,0
a-n60-k9.vrp,ga,1,1406.8370,2565.9143,1858.9395,266.8685,200,5436,0.9000,0.0500,10,10,0.0000,0
a-n60-k9.vrp,ga,1,1406.8370,2406.7434,1873.1656,248.3418,200,5437,0.9000,0.0500,10,10,0.0000,0
a-n60-k9.vrp,ga,1,1406.8370,2393.5417,1831.3655,271.2007,200,5438,0.9000,0.0500,10,10,0.0000,0
a-n60-k9.vrp,ga,1,1406.8370,2543.1719,1827.0052,280.0336,200,5439,0.9000,0.0500,10,10,0.0000,0
a-n60-k9.vrp,ga,1,1406.8370,2485.4509,1807.4498,265.6787,200,5440,0.9000,0.0500,10,10,0.0000,0
a-n60-k9.vrp,ga,1,1406.8370,2515.0371,1842.5466,262.2975,200,5441,0.9000,0.0500,10,10,0.0000,0
a-n60-k9.vrp,ga,1,1406.8370,2574.2007,1884.9735,283.3447,200,5442,0.9000,0.0500,10,10,0.0000,0
a-n60-k9.vrp,ga,1,1406.8370,2488.3784,1878.2356,262.6507,200,5443,0.9000,0.0500,10,10,0.0000,0
a-n60-k9.vrp,ga,1,1406.8370,2516.5889,1869.9491,260.7041,200,5444,0.9000,0.0500,10,10,0.0000,0
a-n60-k9.vrp,ga,1,1406.8370,2592.5688,1878.1061,284.4986,200,5445,0.9000,0.0500,10,10,0.0000,0
a-n60-k9.vrp,ga,1,1406.8370,2491.4543,1859.6614,266.9428,200,5446,0.9000,0.0500,10,10,0.0000,0
a-n60-k9.vrp,ga,1,1406.8370,2453.0510,1847.5808,270.1668,200,5447,0.9000,0.0500,10,10,0.0000,0
a-n60-k9.vrp,ga,1,1406.8370,2494.4709,1849.3009,279.6502,200,5448,0.9000,0.0500,10,10,0.0000,0
a-n60-k9.vrp,ga,1,1406.8370,2475.8738,1843.8246,255.6728,200,5449,0.9000,0.0500,10,10,0.0000,0
a-n60-k9.vrp,ga,1,1406.8370,2423.0745,1850.6703,253.0662,200,5450,0.9000,0.0500,10,10,0.0000,0
a-n60-k9.vrp,ga,1,1406.8370,2361.3711,1870.4919,252.5988,200,5451,0.9000,0.0500,10,10,0.0000,0
a-n60-k9.vrp,ga,1,1406.8370,2413.8955,1866.0463,241.9739,200,5452,0.9000,0.0500,10,10,0.0000,0
a-n60-k9.vrp,ga,1,1406.8370,2567.0144,1862.7207,263.0403,200,5453,0.9000,0.0500,10,10,0.0000,0
a-n60-k9.vrp,ga,1,1406.8370,2350.0310,1858.0947,249.7872,200,5454,0.9000,0.0500,10,10,0.0000,0
a-n60-k9.vrp,ga,1,1406.8370,2463.5850,1903.1171,267.1882,200,5455,0.9000,0.0500,10,10,0.0000,0
a-n60-k9.vrp,ga,1,1406.8370,2367.0913,1909.6284,247.1039,200,5456,0.9000,0.0500,10,10,0.0000,0
a-n60-k9.vrp,ga,1,1406.8370,2518.4436,1890.7203,255.4810,200,5457,0.9000,0.0500,10,10,0.0000,0
a-n60-k9.vrp,ga,1,1406.8370,2451.7258,1861.1708,257.7193,200,5458,0.9000,0.0500,10,10,0.0000,0
a-n60-k9.vrp,ga,1,1406.8370,2429.1746,1869.3610,266.9345,200,5459,0.9000,0.0500,10,10,0.0000,0
a-n60-k9.vrp,ga,1,1406.8370,2428.8853,1861.2782,269.1297,200,5460,0.9000,0.0500,10,10,0.0000,0
a-n60-k9.vrp,ga,1,1406.8370,2409.8955,1828.8412,264.7456,200,5461,0.9000,0.0500,10,10,0.0000,0
a-n60-k9.vrp,ga,1,1406.8370,2435.0269,1831.3870,266.7015,200,5462,0.9000,0.0500,10,10,0.0000,0
a-n60-k9.vrp,ga,1,1406.8370,2582.1328,1849.3354,269.3769,200,5463,0.9000,0.0500,10,10,0.0000,0
a-n60-k9.vrp,ga,1,1406.8370,2463.1016,1843.3088,277.9527,200,5464,0.9000,0.0500,10,10,0.0000,0
a-n60-k9.vrp,ga,1,1406.8370,2410.1963,1835.9597,270.4915,200,5465,0.9000,0.0500,10,10,0.0000,0
a-n60-k9.vrp,ga,1,1406.8370,2408.6577,1862.9573,256.1617,200,5466,0.9000,0.0500,10,10,0.0000,0
a-n60-k9.vrp,ga,1,1406.8370,2639.5527,1881.0195,260.8406,200,5467,0.9000,0.0500,10,10,0.0000,0
a-n60-k9.vrp,ga,1,1406.8370,2461.8286,1869.3535,249.2069,200,5468,0.9000,0.0500,10,10,0.0000,0
a-n60-k9.vrp,ga,1,1406.8370,2534.2056,1852.2588,279.1412,200,5469,0.9000,0.0500,10,10,0.0000,0
a-n60-k9.vrp,ga,1,1406.8370,2356.4868,1863.2765,262.2362,200,5470,0.9000,0.0500,10,10,0.0000,0
a-n60-k9.vrp,ga,1,1406.8370,2415.3525,1877.8508,264.8908,200,5471,0.9000,0.0500,10,10,0.0000,0
a-n60-k9.vrp,ga,1,1406.8370,2401.0854,1835.9663,253.4890,200,5472,0.9000,0.0500,10,10,0.0000,0
a-n60-k9.vrp,ga,1,1406.8370,2428.9990,1865.2061,257.5883,200,5473,0.9000,0.0500,10,10,0.0000,0
a-n60-k9.vrp,ga,1,1406.8370,2499.5444,1882.3408,270.3723,200,5474,0.9000,0.0500,10,10,0.0000,0
a-n60-k9.vrp,ga,1,1406.8370,2487.1799,1869.4575,273.4492,200,5475,0.9000,0.0500,10,10,0.0000,0
a-n60-k9.vrp,ga,1,1406.8370,2436.6130,1854.3497,268.9477,200,5476,0.9000,0.0500,10,10,0.0000,0
a-n60-k9.vrp,ga,1,1406.8370,2746.3845,1917.7021,279.5141,200,5477,0.9000,0.0500,10,10,0.0000,0
a-n60-k9.vrp,ga,1,1406.8370,2745.9358,1901.5658,289.2868,200,5478,0.9000,0.0500,10,10,0.0000,0
a-n60-k9.vrp,ga,1,1406.8370,2603.3826,1915.7299,258.7771,200,5479,0.9000,0.0500,10,10,0.0000,0
a-n60-k9.vrp,ga,1,1406.8370,2535.3384,1912.7825,262.5911,200,5480,0.9000,0.0500,10,10,0.0000,0
a-n60-k9.vrp,ga,1,1406.8370,2418.1743,1854.6829,269.3532,200,5481,0.9000,0.0500,10,10,0.0000,0
a-n60-k9.vrp,ga,1,1406.8370,2517.5337,1860.4392,270.8839,200,5482,0.9000,0.0500,10,10,0.0000,0
a-n60-k9.vrp,ga,1,1406.8370,2471.8921,1833.1262,271.7991,200,5483,0.9000,0.0500,10,10,0.0000,0
a-n60-k9.vrp,ga,1,1406.8370,2591.0908,1897.5095,276.7362,200,5484,0.9000,0.0500,10,10,0.0000,0
a-n60-k9.vrp,ga,1,1406.8370,2565.1763,1898.6333,278.0367,200,5485,0.9000,0.0500,10,10,0.0000,0
a-n60-k9.vrp,ga,1,1406.8370,2545.5762,1913.6484,252.9689,200,5486,0.9000,0.0500,10,10,0.0000,0
a-n60-k9.vrp,ga,1,1406.8370,2478.7061,1914.2334,286.7852,200,5487,0.9000,0.0500,10,10,0.0000,0
a-n60-k9.vrp,ga,1,1406.8370,2627.0681,1941.0359,304.1810,200,5488,0.9000,0.0500,10,10,0.0000,0
a-n60-k9.vrp,ga,1,1406.8370,2591.4717,1954.8918,281.1078,200,5489,0.9000,0.0500,10,10,0.0000,0
a-n60-k9.vrp,ga,1,1406.8370,2416.5283,1916.3212,275.8371,200,5490,0.9000,0.0500,10,10,0.0000,0
a-n60-k9.vrp,ga,1,1406.8370,2545.8958,1882.7493,276.0268,200,5491,0.9000,0.0500,10,10,0.0000,0
a-n60-k9.vrp,ga,1,1406.8370,2585.6104,1915.1367,290.6202,200,5492,0.9000,0.0500,10,10,0.0000,0
a-n60-k9.vrp,ga,1,1406.8370,2563.9810,1914.8278,277.6679,200,5493,0.9000,0.0500,10,10,0.0000,0
a-n60-k9.vrp,ga,1,1406.8370,2696.2751,1931.0409,272.1202,200,5494,0.9000,0.0500,10,10,0.0000,0
a-n60-k9.vrp,ga,1,1406.8370,2536.4761,1912.9285,291.9862,200,5495,0.9000,0.0500,10,10,0.0000,0
a-n60-k9.vrp,ga,1,1406.8370,2607.1636,1898.8505,277.0524,200,5496,0.9000,0.0500,10,10,0.0000,0
a-n60-k9.vrp,ga,1,1406.8370,2613.4580,1903.1332,282.9803,200,5497,0.9000,0.0500,10,10,0.0000,0
a-n60-k9.vrp,ga,1,1406.8370,2545.8958,1859.3715,286.5674,200,5498,0.9000,0.0500,10,10,0.0000,0
a-n60-k9.vrp,ga,1,1406.8370,2548.9216,1907.4991,293.7841,200,5499,0.9000,0.0500,10,10,0.0000,0
a-n60-k9.vrp,ga,1,1406.8370,2565.8105,1904.6703,252.0107,200,5500,0.9000,0.0500,10,10,0.0000,0
a-n60-k9.vrp,ga,1,1406.8370,2450.6511,1902.7230,273.9058,200,5501,0.9000,0.0500,10,10,0.0000,0
a-n60-k9.vrp,ga,1,1406.8370,2619.0647,1908.9633,288.6767,200,5502,0.9000,0.0500,10,10,0.0000,0
a-n60-k9.vrp,ga,1,1406.8370,2556.8994,1914.8844,292.3906,200,5503,0.9000,0.0500,10,10,0.0000,0
a-n60-k9.vrp,ga,1,1406.8370,2624.7817,1884.4805,315.2474,200,5504,0.9000,0.0500,10,10,0.0000,0
a-n60-k9.vrp,ga,1,1406.8370,2581.3499,1903.6772,284.2378,200,5505,0.9000,0.0500,10,10,0.0000,0
a-n60-k9.vrp,ga,1,1406.8370,2685.4500,1892.0259,295.0577,200,5506,0.9000,0.0500,10,10,0.0000,0
a-n60-k9.vrp,ga,1,1406.8370,2631.3604,1850.5593,295.1592,200,5507,0.9000,0.0500,10,10,0.0000,0
a-n60-k9.vrp,ga,1,1406.8370,2617.3459,1889.2008,296.4352,200,5508,0.9000,0.0500,10,10,0.0000,0
a-n60-k9.vrp,ga,1,1406.8370,2508.6416,1872.1783,286.5591,200,5509,0.9000,0.0500,10,10,0.0000,0
a-n60-k9.vrp,ga,1,1406.8370,2526.8098,1851.8308,274.7670,200,5510,0.9000,0.0500,10,10,0.0000,0
a-n60-k9.vrp,ga,1,1406.8370,2558.7205,1883.3835,278.4965,200,5511,0.9000,0.0500,10,10,0.0000,0
a-n60-k9.vrp,ga,1,1406.8370,2408.4897,1870.7094,257.7296,200,5512,0.9000,0.0500,10,10,0.0000,0
a-n60-k9.vrp,ga,1,1406.8370,2489.1938,1881.3767,282.0809,200,5513,0.9000,0.0500,10,10,0.0000,0
a-n60-k9.vrp,ga,1,1406.8370,2513.5232,1893.8602,274.0227,200,5514,0.9000,0.0500,10,10,0.0000,0
a-n60-k9.vrp,ga,1,1406.8370,2553.1841,1902.7043,285.8559,200,5515,0.9000,0.0500,10,10,0.0000,0
a-n60-k9.vrp,ga,1,1406.8370,2488.7126,1866.9960,266.7856,200,5516,0.9000,0.0500,10,10,0.0000,0
a-n60-k9.vrp,ga,1,1406.8370,2552.7949,1864.1471,278.8680,200,5517,0.9000,0.0500,10,10,0.0000,0
a-n60-k9.vrp,ga,1,1406.8370,2674.7366,1890.8151,283.9230,200,5518,0.9000,0.0500,10,10,0.0000,0
a-n60-k9.vrp,ga,1,1406.8370,2607.8579,1853.9347,309.8308,200,5519,0.9000,0.0500,10,10,0.0000,0
a-n60-k9.vrp,ga,1,1406.8370,2516.9771,1835.6019,277.9585,200,5520,0.9000,0.0500,10,10,0.0000,0
a-n60-k9.vrp,ga,1,1406.8370,2559.5266,1894.2161,271.5371,200,5521,0.9000,0.0500,10,10,0.0000,0
a-n60-k9.vrp,ga,1,1406.8370,2516.3044,1876.2104,275.7233,200,5522,0.9000,0.0500,10,10,0.0000,0
a-n60-k9.vrp,ga,1,1406.8370,2544.4978,1888.6349,273.0879,200,5523,0.9000,0.0500,10,10,0.0000,0
a-n60-k9.vrp,ga,1,1406.8370,2611.5889,1902.7280,288.6767,200,5524,0.9000,0.0500,10,10,0.0000,0
a-n60-k9.vrp,ga,1,1406.8370,2703.5630,1878.2566,282.7621,200,5525,0.9000,0.0500,10,10,0.0000,0
a-n60-k9.vrp,ga,1,1406.8370,2424.2458,1835.4702,266.1031,200,5526,0.9000,0.0500,10,10,0.0000,0
a-n60-k9.vrp,ga,1,1406.8370,2446.0002,1840.5428,263.5959,200,5527,0.9000,0.0500,10,10,0.0000,0
a-n60-k9.vrp,ga,1,1406.8370,2611.9993,1852.2303,268.8253,200,5528,0.9000,0.0500,10,10,0.0000,0
a-n60-k9.vrp,ga,1,1406.8370,2455.5510,1865.6498,277.1267,200,5529,0.9000,0.0500,10,10,0.0000,0
a-n60-k9.vrp,ga,1,1406.8370,2697.4871,1862.0948,287.4495,200,5530,0.9000,0.0500,10,10,0.0000,0
a-n60-k9.vrp,ga,1,1406.8370,2526.8105,1867.8058,291.8376,200,5531,0.9000,0.0500,10,10,0.0000,0
a-n60-k9.vrp,ga,1,1406.8370,2445.6777,1853.1993,282.4846,200,5532,0.9000,0.0500,10,10,0.0000,0
a-n60-k9.vrp,ga,1,1406.8370,2570.6116,1872.0420,261.3260,200,5533,0.9000,0.0500,10,10,0.0000,0
a-n60-k9.vrp,ga,1,1406.8370,2520.0046,1919.1256,273.8287,200,5534,0.9000,0.0500,10,10,0.0000,0
a-n60-k9.vrp,ga,1,1406.8370,2367.0913,1871.0465,246.9931,200,5535,0.9000,0.0500,10,10,0.0000,0
a-n60-k9.vrp,ga,1,1406.8370,2610.7852,1889.2766,284.9540,200,5536,0.9000,0.0500,10,10,0.0000,0
a-n60-k9.vrp,ga,1,1406.8370,2544.6306,1870.5668,278.1183,200,5537,0.9000,0.0500,10,10,0.0000,0
a-n60-k9.vrp,ga,1,1406.8370,2547.3745,1844.1097,274.5929,200,5538,0.9000,0.0500,10,10,0.0000,0
a-n60-k9.vrp,ga,1,1406.8370,2535.8621,1860.0990,268.4485,200,5539,0.9000,0.0500,10,10,0.0000,0
a-n60-k9.vrp,ga,1,1406.8370,2546.9351,1853.1229,280.4891,200,5540,0.9000,0.0500,10,10,0.0000,0
a-n60-k9.vrp,ga,1,1406.8370,2729.0615,1883.1129,269.4839,200,5541,0.9000,0.0500,10,10,0.0000,0
a-n60-k9.vrp,ga,1,1406.8370,2532.0491,1866.6459,288.0664,200,5542,0.9000,0.0500,10,10,0.0000,0
a-n60-k9.vrp,ga,1,1406.8370,2617.9209,1858.7860,284.1483,200,5543,0.9000,0.0500,10,10,0.0000,0
a-n60-k9.vrp,ga,1,1406.8370,2477.1970,1832.7246,260.7149,200,5544,0.9000,0.0500,10,10,0.0000,0
a-n60-k9.vrp,ga,1,1406.8370,2596.3630,1846.7336,299.3796,200,5545,0.9000,0.0500,10,10,0.0000,0
a-n60-k9.vrp,ga,1,1406.8370,2592.8208,1828.9454,283.3059,200,5546,0.9000,0.0500,10,10,0.0000,0
a-n60-k9.vrp,ga,1,1406.8370,2489.4824,1812.2472,269.9998,200,5547,0.9000,0.0500,10,10,0.0000,0
a-n60-k9.vrp,ga,1,1406.8370,2506.2910,1852.9167,279.7846,200,5548,0.9000,0.0500,10,10,0.0000,0
a-n60-k9.vrp,ga,1,1406.8370,2412.6504,1862.5947,270.3828,200,5549,0.9000,0.0500,10,10,0.0000,0
a-n60-k9.vrp,ga,1,1406.8370,2473.5842,1880.6104,274.0141,200,5550,0.9000,0.0500,10,10,0.0000,0
a-n60-k9.vrp,ga,1,1406.8370,2550.5310,1879.8203,266.8181,200,5551,0.9000,0.0500,10,10,0.0000,0
a-n60-k9.vrp,ga,1,1406.8370,2651.7622,1888.5198,284.2946,200,5552,0.9000,0.0500,10,10,0.0000,0
a-n60-k9.vrp,ga,1,1406.8370,2569.7275,1853.9756,294.3766,200,5553,0.9000,0.0500,10,10,0.0000,0
a-n60-k9.vrp,ga,1,1406.8370,2336.9890,1842.6720,262.0846,200,5554,0.9000,0.0500,10,10,0.0000,0
a-n60-k9.vrp,ga,1,1406.8370,2588.3730,1873.5719,271.5233,200,5555,0.9000,0.0500,10,10,0.0000,0
a-n60-k9.vrp,ga,1,1406.8370,2680.2966,1859.1073,266.2850,200,5556,0.9000,0.0500,10,10,0.0000,0
a-n60-k9.vrp,ga,1,1406.8370,2584.6663,1906.9016,274.9572,200,5557,0.9000,0.0500,10,10,0.0000,0
a-n60-k9.vrp,ga,1,1406.8370,2539.4661,1858.3386,281.3267,200,5558,0.9000,0.0500,10,10,0.0000,0
a-n60-k9.vrp,ga,1,1406.8370,2542.3120,1845.7335,296.0816,200,5559,0.9000,0.0500,10,10,0.0000,0
a-n60-k9.vrp,ga,1,1406.8370,2464.9705,1832.2157,286.2209,200,5560,0.9000,0.0500,10,10,0.0000,0
a-n60-k9.vrp,ga,1,1406.8370,2826.0688,1901.3893,296.7914,200,5561,0.9000,0.0500,10,10,0.0000,0
a-n60-k9.vrp,ga,1,1406.8370,2594.2969,1884.0875,285.6807,200,5562,0.9000,0.0500,10,10,0.0000,0
a-n60-k9.vrp,ga,1,1406.8370,2571.2778,1856.6689,297.4099,200,5563,0.9000,0.0500,10,10,0.0000,0
a-n60-k9.vrp,ga,1,1406.8370,2526.3909,1804.1967,275.4939,200,5564,0.9000,0.0500,10,10,0.0000,0
a-n60-k9.vrp,ga,1,1406.8370,2596.3630,1833.9504,281.2772,200,5565,0.9000,0.0500,10,10,0.0000,0
a-n60-k9.vrp,ga,1,1406.8370,2495.0400,1874.5846,268.6613,200,5566,0.9000,0.0500,10,10,0.0000,0
a-n60-k9.vrp,ga,1,1406.8370,2562.5642,1861.3733,292.2798,200,5567,0.9000,0.0500,10,10,0.0000,0
a-n60-k9.vrp,ga,1,1406.8370,2575.9282,1875.1294,277.8610,200,5568,0.9000,0.0500,10,10,0.0000,0
a-n60-k9.vrp,ga,1,1406.8370,2666.9917,1864.7148,288.8284,200,5569,0.9000,0.0500,10,10,0.0000,0
a-n60-k9.vrp,ga,1,1406.8370,2504.2590,1892.2018,269.9846,200,5570,0.9000,0.0500,10,10,0.0000,0
a-n60-k9.vrp,ga,1,1406.8370,2631.0205,1890.8379,276.4187,200,5571,0.9000,0.0500,10,10,0.0000,0
a-n60-k9.vrp,ga,1,1406.8370,2641.8367,1918.3075,296.0416,200,5572,0.9000,0.0500,10,10,0.0000,0
a-n60-k9.vrp,ga,1,1406.8370,2609.1121,1873.3281,277.2316,200,5573,0.9000,0.0500,10,10,0.0000,0
a-n60-k9.vrp,ga,1,1406.8370,2672.5603,1938.3193,293.6304,200,5574,0.9000,0.0500,10,10,0.0000,0
a-n60-k9.vrp,ga,1,1406.8370,2553.6582,1874.1471,283.0735,200,5575,0.9000,0.0500,10,10,0.0000,0
a-n60-k9.vrp,ga,1,1406.8370,2594.9253,1842.9089,291.8881,200,5576,0.9000,0.0500,10,10,0.0000,0
a-n60-k9.vrp,ga,1,1406.8370,2499.6201,1832.3212,268.0884,200,5577,0.9000,0.0500,10,10,0.0000,0
a-n60-k9.vrp,ga,1,1406.8370,2449.8967,1873.2400,268.1302,200,5578,0.9000,0.0500,10,10,0.0000,0
a-n60-k9.vrp,ga,1,1406.8370,2621.4927,1895.0543,275.1017,200,5579,0.9000,0.0500,10,10,0.0000,0
a-n60-k9.vrp,ga,1,1406.8370,2471.3433,1886.3700,276.7003,200,5580,0.9000,0.0500,10,10,0.0000,0
a-n60-k9.vrp,ga,1,1406.8370,2454.8081,1871.4348,277.6346,200,5581,0.9000,0.0500,10,10,0.0000,0
a-n60-k9.vrp,ga,1,1406.8370,2612.2480,1869.0800,284.0367,200,5582,0.9000,0.0500,10,10,0.0000,0
a-n60-k9.vrp,ga,1,1406.8370,2469.0999,1886.1914,269.9554,200,5583,0.9000,0.0500,10,10,0.0000,0
a-n60-k9.vrp,ga,1,1406.8370,2519.2800,1873.7440,280.7154,200,5584,0.9000,0.0500,10,10,0.0000,0
a-n60-k9.vrp,ga,1,1406.8370,2485.2507,1876.3943,266.5140,200,5585,0.9000,0.0500,10,10,0.0000,0
a-n60-k9.vrp,ga,1,1406.8370,2448.3994,1925.3160,267.1552,200,5586,0.9000,0.0500,10,10,0.0000,0
a-n60-k9.vrp,ga,1,1406.8370,2709.4602,1927.6978,269.4324,200,5587,0.9000,0.0500,10,10,0.0000,0
a-n60-k9.vrp,ga,1,1406.8370,2519.0996,1899.2694,273.5679,200,5588,0.9000,0.0500,10,10,0.0000,0
a-n60-k9.vrp,ga,1,1406.8370,2621.6375,1903.7499,269.3876,200,5589,0.9000,0.0500,10,10,0.0000,0
a-n60-k9.vrp,ga,1,1406.8370,2592.3936,1911.4091,272.8192,200,5590,0.9000,0.0500,10,10,0.0000,0
a-n60-k9.vrp,ga,1,1406.8370,2705.1702,1900.2712,282.5212,200,5591,0.9000,0.0500,10,10,0.0000,0
a-n60-k9.vrp,ga,1,1406.8370,2814.4456,1906.3545,282.0486,200,5592,0.9000,0.0500,10,10,0.0000,0
a-n60-k9.vrp,ga,1,1406.8370,2591.5725,1852.3944,281.2692,200,5593,0.9000,0.0500,10,10,0.0000,0
a-n60-k9.vrp,ga,1,1406.8370,2387.6125,1849.1600,273.4155,200,5594,0.9000,0.0500,10,10,0.0000,0
a-n60-k9.vrp,ga,1,1406.8370,2509.2178,1862.5323,280.0559,200,5595,0.9000,0.0500,10,10,0.0000,0
a-n60-k9.vrp,ga,1,1406.8370,2567.1643,1852.8971,287.0198,200,5596,0.9000,0.0500,10,10,0.0000,0
a-n60-k9.vrp,ga,1,1406.8370,2448.0977,1862.4337,274.7099,200,5597,0.9000,0.0500,10,10,0.0000,0
a-n60-k9.vrp,ga,1,1406.8370,2567.1294,1873.9596,273.2258,200,5598,0.9000,0.0500,10,10,0.0000,0
a-n60-k9.vrp,ga,1,1406.8370,2457.0806,1890.6451,264.4684,200,5599,0.9000,0.0500,10,10,0.0000,0
a-n60-k9.vrp,ga,1,1406.8370,2550.7898,1874.7822,282.5092,200,5600,0.9000,0.0500,10,10,0.0000,0
a-n60-k9.vrp,ga,1,1406.8370,2677.5405,1920.9841,289.6242,200,5601,0.9000,0.0500,10,10,0.0000,0
a-n60-k9.vrp,ga,1,1406.8370,2542.3484,1923.9803,266.8961,200,5602,0.9000,0.0500,10,10,0.0000,0
a-n60-k9.vrp,ga,1,1406.8370,2662.2856,1936.9005,294.1526,200,5603,0.9000,0.0500,10,10,0.0000,0
a-n60-k9.vrp,ga,1,1406.8370,2636.9534,1908.7583,269.3853,200,5604,0.9000,0.0500,10,10,0.0000,0
a-n60-k9.vrp,ga,1,1406.8370,2559.7185,1898.9050,264.8056,200,5605,0.9000,0.0500,10,10,0.0000,0
a-n60-k9.vrp,ga,1,1406.8370,2505.6719,1881.7738,283.8506,200,5606,0.9000,0.0500,10,10,0.0000,0
a-n60-k9.vrp,ga,1,1406.8370,2433.0503,1883.9922,257.8272,200,5607,0.9000,0.0500,10,10,0.0000,0
a-n60-k9.vrp,ga,1,1406.8370,2528.5854,1858.3204,273.9793,200,5608,0.9000,0.0500,10,10,0.0000,0
a-n60-k9.vrp,ga,1,1406.8370,2447.6282,1917.9386,279.9131,200,5609,0.9000,0.0500,10,10,0.0000,0
a-n60-k9.vrp,ga,1,1406.8370,2468.4924,1920.0889,265.0317,200,5610,0.9000,0.0500,10,10,0.0000,0
a-n60-k9.vrp,ga,1,1406.8370,2492.4973,1931.3214,259.1487,200,5611,0.9000,0.0500,10,10,0.0000,0
a-n60-k9.vrp,ga,1,1406.8370,2514.2378,1940.8734,263.4839,200,5612,0.9000,0.0500,10,10,0.0000,0
a-n60-k9.vrp,ga,1,1406.8370,2639.1279,1958.9695,274.8556,200,5613,0.9000,0.0500,10,10,0.0000,0
a-n60-k9.vrp,ga,1,1406.8370,2487.2737,1954.2904,292.0365,200,5614,0.9000,0.0500,10,10,0.0000,0
a-n60-k9.vrp,ga,1,1406.8370,2645.0608,1927.9603,279.2248,200,5615,0.9000,0.0500,10,10,0.0000,0
a-n60-k9.vrp,ga,1,1406.8370,2597.8818,1868.7781,300.1524,200,5616,0.9000,0.0500,10,10,0.0000,0
a-n60-k9.vrp,ga,1,1406.8370,2433.2703,1869.0477,291.5801,200,5617,0.9000,0.0500,10,10,0.0000,0
a-n60-k9.vrp,ga,1,1406.8370,2509.0493,1850.1816,274.2711,200,5618,0.9000,0.0500,10,10,0.0000,0
a-n60-k9.vrp,ga,1,1406.8370,2539.5063,1886.0342,283.9838,200,5619,0.9000,0.0500,10,10,0.0000,0
a-n60-k9.vrp,ga,1,1406.8370,2482.3176,1904.5253,279.0147,200,5620,0.9000,0.0500,10,10,0.0000,0
a-n60-k9.vrp,ga,1,1406.8370,2496.9404,1897.5077,273.3471,200,5621,0.9000,0.0500,10,10,0.0000,0
a-n60-k9.vrp,ga,1,1406.8370,2480.0227,1896.0293,286.2165,200,5622,0.9000,0.0500,10,10,0.0000,0
a-n60-k9.vrp,ga,1,1406.8370,2537.6692,1868.1659,285.5440,200,5623,0.9000,0.0500,10,10,0.0000,0
a-n60-k9.vrp,ga,1,1406.8370,2681.4592,1896.8064,282.6800,200,5624,0.9000,0.0500,10,10,0.0000,0
a-n60-k9.vrp,ga,1,1406.8370,2557.6401,1873.0918,256.4481,200,5625,0.9000,0.0500,10,10,0.0000,0
a-n60-k9.vrp,ga,1,1406.8370,2432.2346,1892.5082,270.2509,200,5626,0.9000,0.0500,10,10,0.0000,0
a-n60-k9.vrp,ga,1,1406.8370,2625.8647,1909.6564,278.0481,200,5627,0.9000,0.0500,10,10,0.0000,0
a-n60-k9.vrp,ga,1,1406.8370,2573.6616,1966.7489,266.5380,200,5628,0.9000,0.0500,10,10,0.0000,0
a-n60-k9.vrp,ga,1,1406.8370,2467.3335,1914.6217,255.8786,200,5629,0.9000,0.0500,10,10,0.0000,0
a-n60-k9.vrp,ga,1,1406.8370,2439.9397,1920.1407,273.2096,200,5630,0.9000,0.0500,10,10,0.0000,0
a-n60-k9.vrp,ga,1,1406.8370,2500.8030,1891.0819,281.7472,200,5631,0.9000,0.0500,10,10,0.0000,0
a-n60-k9.vrp,ga,1,1406.8370,2618.0889,1878.3311,283.1003,200,5632,0.9000,0.0500,10,10,0.0000,0
a-n60-k9.vrp,ga,1,1406.8370,2543.2866,1861.4753,279.6883,200,5633,0.9000,0.0500,10,10,0.0000,0
a-n60-k9.vrp,ga,1,1406.8370,2781.2527,1880.9779,279.6600,200,5634,0.9000,0.0500,10,10,0.0000,0
a-n60-k9.vrp,ga,1,1406.8370,2569.9019,1880.0602,268.4914,200,5635,0.9000,0.0500,10,10,0.0000,0
a-n60-k9.vrp,ga,1,1406.8370,2558.7822,1906.5603,285.3066,200,5636,0.9000,0.0500,10,10,0.0000,0
a-n60-k9.vrp,ga,1,1406.8370,2885.5769,1911.4856,279.3448,200,5637,0.9000,0.0500,10,10,0.0000,0
a-n60-k9.vrp,ga,1,1406.8370,2533.6956,1871.7711,297.5828,200,5638,0.9000,0.0500,10,10,0.0000,0
a-n60-k9.vrp,ga,1,1406.8370,2509.6450,1888.0187,288.0383,200,5639,0.9000,0.0500,10,10,0.0000,0
a-n60-k9.vrp,ga,1,1406.8370,2797.8313,1907.4229,265.8412,200,5640,0.9000,0.0500,10,10,0.0000,0
a-n60-k9.vrp,ga,1,1406.8370,2627.9043,1906.3016,287.5402,200,5641,0.9000,0.0500,10,10,0.0000,0
a-n60-k9.vrp,ga,1,1406.8370,2368.2588,1838.9094,279.2793,200,5642,0.9000,0.0500,10,10,0.0000,0
a-n60-k9.vrp,ga,1,1406.8370,2529.4089,1833.3805,298.7376,200,5643,0.9000,0.0500,10,10,0.0000,0
a-n60-k9.vrp,ga,1,1406.8370,2429.6277,1835.6497,269.0842,200,5644,0.9000,0.0500,10,10,0.0000,0
a-n60-k9.vrp,ga,1,1406.8370,2431.0171,1853.2174,282.3752,200,5645,0.9000,0.0500,10,10,0.0000,0
a-n60-k9.vrp,ga,1,1406.8370,2668.0676,1880.1339,276.4455,200,5646,0.9000,0.0500,10,10,0.0000,0
a-n60-k9.vrp,ga,1,1406.8370,2566.2371,1844.5037,281.4415,200,5647,0.9000,0.0500,10,10,0.0000,0
a-n60-k9.vrp,ga,1,1406.8370,2550.0825,1844.4055,262.4731,200,5648,0.9000,0.0500,10,10,0.0000,0
a-n60-k9.vrp,ga,1,1406.8370,2586.6519,1883.1902,276.8843,200,5649,0.9000,0.0500,10,10,0.0000,0
a-n60-k9.vrp,ga,1,1406.8370,2561.5630,1910.7810,284.0191,200,5650,0.9000,0.0500,10,10,0.0000,0
a-n60-k9.vrp,ga,1,1406.8370,2683.2441,1902.0144,283.6295,200,5651,0.9000,0.0500,10,10,0.0000,0
a-n60-k9.vrp,ga,1,1406.8370,2533.4241,1880.3655,291.7870,200,5652,0.9000,0.0500,10,10,0.0000,0
a-n60-k9.vrp,ga,1,1406.8370,2390.4329,1872.0504,281.5159,200,5653,0.9000,0.0500,10,10,0.0000,0
a-n60-k9.vrp,ga,1,1406.8370,2665.5977,1901.9700,263.2690,200,5654,0.9000,0.0500,10,10,0.0000,0
a-n60-k9.vrp,ga,1,1406.8370,2587.0017,1909.7035,269.0688,200,5655,0.9000,0.0500,10,10,0.0000,0
a-n60-k9.vrp,ga,1,1406.8370,2677.5383,1941.4091,274.1593,200,5656,0.9000,0.0500,10,10,0.0000,0
a-n60-k9.vrp,ga,1,1406.8370,2486.3257,1935.5745,287.3844,200,5657,0.9000,0.0500,10,10,0.0000,0
a-n60-k9.vrp,ga,1,1406.8370,2515.3384,1900.1305,274.0660,200,5658,0.9000,0.0500,10,10,0.0000,0
a-n60-k9.vrp,ga,1,1406.8370,2563.8970,1886.0375,267.7369,200,5659,0.9000,0.0500,10,10,0.0000,0
a-n60-k9.vrp,ga,1,1406.8370,2419.8918,1858.6077,258.3325,200,5660,0.9000,0.0500,10,10,0.0000,0
a-n60-k9.vrp,ga,1,1406.8370,2378.1885,1862.0510,249.0365,200,5661,0.9000,0.0500,10,10,0.0000,0
a-n60-k9.vrp,ga,1,1406.8370,2485.5508,1847.7275,270.4352,200,5662,0.9000,0.0500,10,10,0.0000,0
a-n60-k9.vrp,ga,1,1406.8370,2361.3455,1877.6621,263.2281,200,5663,0.9000,0.0500,10,10,0.0000,0
a-n60-k9.vrp,ga,1,1406.8370,2548.9011,1849.1708,247.4090,200,5664,0.9000,0.0500,10,10,0.0000,0
a-n60-k9.vrp,ga,1,1406.8370,2442.7905,1868.3430,263.3593,200,5665,0.9000,0.0500,10,10,0.0000,0
a-n60-k9.vrp,ga,1,1406.8370,2425.3926,1874.1235,265.2152,200,5666,0.9000,0.0500,10,10,0.0000,0
a-n60-k9.vrp,ga,1,1406.8370,2637.2551,1869.3547,262.9872,200,5667,0.9000,0.0500,10,10,0.0000,0
a-n60-k9.vrp,ga,1,1406.8370,2440.5728,1871.8810,260.4766,200,5668,0.9000,0.0500,10,10,0.0000,0
a-n60-k9.vrp,ga,1,1406.8370,2516.2983,1850.9147,267.7614,200,5669,0.9000,0.0500,10,10,0.0000,0
a-n60-k9.vrp,ga,1,1406.8370,2609.0935,1885.2408,289.3111,200,5670,0.9000,0.0500,10,10,0.0000,0
a-n60-k9.vrp,ga,1,1406.8370,2505.9016,1871.6859,281.5263,200,5671,0.9000,0.0500,10,10,0.0000,0
a-n60-k9.vrp,ga,1,1406.8370,2490.6462,1919.4607,247.9691,200,5672,0.9000,0.0500,10,10,0.0000,0
a-n60-k9.vrp,ga,1,1406.8370,2527.9333,1902.9475,269.2144,200,5673,0.9000,0.0500,10,10,0.0000,0
a-n60-k9.vrp,ga,1,1406.8370,2551.6914,1898.0929,266.5674,200,5674,0.9000,0.0500,10,10,0.0000,0
a-n60-k9.vrp,ga,1,1406.8370,2682.3804,1911.8407,300.8406,200,5675,0.9000,0.0500,10,10,0.0000,0
a-n60-k9.vrp,ga,1,1406.8370,2415.8230,1864.2396,290.2328,200,5676,0.9000,0.0500,10,10,0.0000,0
a-n60-k9.vrp,ga,1,1406.8370,2498.2588,1908.0017,304.9020,200,5677,0.9000,0.0500,10,10,0.0000,0
a-n60-k9.vrp,ga,1,1406.8370,2647.7979,1920.4813,275.9445,200,5678,0.9000,0.0500,10,10,0.0000,0
a-n60-k9.vrp,ga,1,1406.8370,2692.4260,1911.5131,280.0678,200,5679,0.9000,0.0500,10,10,0.0000,0
a-n60-k9.vrp,ga,1,1406.8370,2699.8389,1942.5634,284.6660,200,5680,0.9000,0.0500,10,10,0.0000,0
a-n60-k9.vrp,ga,1,1406.8370,2626.8555,1938.6757,301.0981,200,5681,0.9000,0.0500,10,10,0.0000,0
a-n60-k9.vrp,ga,1,1406.8370,2526.1809,1883.8917,291.7401,200,5682,0.9000,0.0500,10,10,0.0000,0
a-n60-k9.vrp,ga,1,1406.8370,2694.0623,1887.3444,290.2823,200,5683,0.9000,0.0500,10,10,0.0000,0
a-n60-k9.vrp,ga,1,1406.8370,2595.4956,1894.8407,281.8464,200,5684,0.9000,0.0500,10,10,0.0000,0
a-n60-k9.vrp,ga,1,1406.8370,2560.4338,1900.5120,296.2764,200,5685,0.9000,0.0500,10,10,0.0000,0
a-n60-k9.vrp,ga,1,1406.8370,2745.0205,1880.6614,280.4141,200,5686,0.9000,0.0500,10,10,0.0000,0
a-n60-k9.vrp,ga,1,1406.8370,2719.5076,1867.5062,293.8790,200,5687,0.9000,0.0500,10,10,0.0000,0
a-n60-k9.vrp,ga,1,1406.8370,2581.7324,1888.7903,278.7405,200,5688,0.9000,0.0500,10,10,0.0000,0
a-n60-k9.vrp,ga,1,1406.8370,2785.6450,1841.0138,288.6617,200,5689,0.9000,0.0500,10,10,0.0000,0
a-n60-k9.vrp,ga,1,1406.8370,2736.3689,1876.5848,286.5499,200,5690,0.9000,0.0500,10,10,0.0000,0
a-n60-k9.vrp,ga,1,1406.8370,2621.1604,1853.6121,281.8636,200,5691,0.9000,0.0500,10,10,0.0000,0
a-n60-k9.vrp,ga,1,1406.8370,2603.5266,1886.4945,299.6745,200,5692,0.9000,0.0500,10,10,0.0000,0
a-n60-k9.vrp,ga,1,1406.8370,2788.2388,1868.5404,303.0840,200,5693,0.9000,0.0500,10,10,0.0000,0
a-n60-k9.vrp,ga,1,1406.8370,2626.6453,1858.1855,277.8465,200,5694,0.9000,0.0500,10,10,0.0000,0
a-n60-k9.vrp,ga,1,1406.8370,2712.5496,1904.3765,302.0078,200,5695,0.9000,0.0500,10,10,0.0000,0
a-n60-k9.vrp,ga,1,1406.8370,2527.3896,1884.9116,267.1849,200,5696,0.9000,0.0500,10,10,0.0000,0
a-n60-k9.vrp,ga,1,1406.8370,2796.7292,1874.7460,282.1211,200,5697,0.9000,0.0500,10,10,0.0000,0
a-n60-k9.vrp,ga,1,1406.8370,2583.9854,1858.0154,285.6202,200,5698,0.9000,0.0500,10,10,0.0000,0
a-n60-k9.vrp,ga,1,1406.8370,2629.9570,1877.3044,282.7876,200,5699,0.9000,0.0500,10,10,0.0000,0
a-n60-k9.vrp,ga,1,1406.8370,2668.4187,1861.1259,278.2880,200,5700,0.9000,0.0500,10,10,0.0000,0
a-n60-k9.vrp,ga,1,1406.8370,2621.1328,1894.0326,301.2426,200,5701,0.9000,0.0500,10,10,0.0000,0
a-n60-k9.vrp,ga,1,1406.8370,2551.2017,1883.3689,288.0977,200,5702,0.9000,0.0500,10,10,0.0000,0
a-n60-k9.vrp,ga,1,1406.8370,2502.7275,1875.9885,288.2724,200,5703,0.9000,0.0500,10,10,0.0000,0
a-n60-k9.vrp,ga,1,1406.8370,2591.0396,1870.9628,280.5373,200,5704,0.9000,0.0500,10,10,0.0000,0
a-n60-k9.vrp,ga,1,1406.8370,2535.8101,1888.4979,269.8405,200,5705,0.9000,0.0500,10,10,0.0000,0
a-n60-k9.vrp,ga,1,1406.8370,2421.7747,1878.1274,248.3035,200,5706,0.9000,0.0500,10,10,0.0000,0
a-n60-k9.vrp,ga,1,1406.8370,2514.6411,1911.5448,244.2220,200,5707,0.9000,0.0500,10,10,0.0000,0
a-n60-k9.vrp,ga,1,1406.8370,2522.2603,1925.3989,259.5481,200,5708,0.9000,0.0500,10,10,0.0000,0
a-n60-k9.vrp,ga,1,1406.8370,2483.7341,1906.4668,262.6055,200,5709,0.9000,0.0500,10,10,0.0000,0
a-n60-k9.vrp,ga,1,1406.8370,2514.6411,1901.2393,275.6835,200,5710,0.9000,0.0500,10,10,0.0000,0
a-n60-k9.vrp,ga,1,1406.8370,2412.1455,1878.8987,267.1542,200,5711,0.9000,0.0500,10,10,0.0000,0
a-n60-k9.vrp,ga,1,1406.8370,2516.7371,1855.7163,270.7713,200,5712,0.9000,0.0500,10,10,0.0000,0
a-n60-k9.vrp,ga,1,1406.8370,2425.5730,1866.9954,260.0095,200,5713,0.9000,0.0500,10,10,0.0000,0
a-n60-k9.vrp,ga,1,1406.8370,2496.9160,1892.6085,283.7329,200,5714,0.9000,0.0500,10,10,0.0000,0
a-n60-k9.vrp,ga,1,1406.8370,2555.3098,1907.3732,260.7701,200,5715,0.9000,0.0500,10,10,0.0000,0
a-n60-k9.vrp,ga,1,1406.8370,2599.7871,1873.8689,274.9005,200,5716,0.9000,0.0500,10,10,0.0000,0
a-n60-k9.vrp,ga,1,1406.8370,2484.0015,1868.4095,275.2061,200,5717,0.9000,0.0500,10,10,0.0000,0
a-n60-k9.vrp,ga,1,1406.8370,2452.0957,1844.9155,269.2191,200,5718,0.9000,0.0500,10,10,0.0000,0
a-n60-k9.vrp,ga,1,1406.8370,2522.5134,1881.9534,274.0434,200,5719,0.9000,0.0500,10,10,0.0000,0
a-n60-k9.vrp,ga,1,1406.8370,2547.2751,1869.6597,275.2592,200,5720,0.9000,0.0500,10,10,0.0000,0
a-n60-k9.vrp,ga,1,1406.8370,2421.0884,1868.4785,253.7097,200,5721,0.9000,0.0500,10,10,0.0000,0
a-n60-k9.vrp,ga,1,1406.8370,2528.4795,1826.1714,272.3528,200,5722,0.9000,0.0500,10,10,0.0000,0
a-n60-k9.vrp,ga,1,1406.8370,2392.5144,1835.8649,273.9768,200,5723,0.9000,0.0500,10,10,0.0000,0
a-n60-k9.vrp,ga,1,1406.8370,2428.0615,1873.9370,275.4637,200,5724,0.9000,0.0500,10,10,0.0000,0
a-n60-k9.vrp,ga,1,1406.8370,2655.3247,1907.1620,279.0081,200,5725,0.9000,0.0500,10,10,0.0000,0
a-n60-k9.vrp,ga,1,1406.8370,2459.3284,1869.8153,268.7152,200,5726,0.9000,0.0500,10,10,0.0000,0
a-n60-k9.vrp,ga,1,1406.8370,2549.6106,1888.1659,292.9156,200,5727,0.9000,0.0500,10,10,0.0000,0
a-n60-k9.vrp,ga,1,1406.8370,2611.0046,1884.8098,283.8931,200,5728,0.9000,0.0500,10,10,0.0000,0
a-n60-k9.vrp,ga,1,1406.8370,2595.9717,1900.5245,281.9601,200,5729,0.9000,0.0500,10,10,0.0000,0
a-n60-k9.vrp,ga,1,1406.8370,2560.3682,1889.6299,289.7547,200,5730,0.9000,0.0500,10,10,0.0000,0
a-n60-k9.vrp,ga,1,1406.8370,2565.0649,1880.6488,278.7897,200,5731,0.9000,0.0500,10,10,0.0000,0
a-n60-k9.vrp,ga,1,1406.8370,2525.3738,1867.8979,276.4653,200,5732,0.9000,0.0500,10,10,0.0000,0
a-n60-k9.vrp,ga,1,1406.8370,2520.5920,1879.6288,280.6960,200,5733,0.9000,0.0500,10,10,0.0000,0
a-n60-k9.vrp,ga,1,1406.8370,2596.4363,1876.6702,277.4140,200,5734,0.9000,0.0500,10,10,0.0000,0
a-n60-k9.vrp,ga,1,1406.8370,2542.7300,1870.2826,285.1754,200,5735,0.9000,0.0500,10,10,0.0000,0
a-n60-k9.vrp,ga,1,1406.8370,2463.7585,1850.5701,284.9667,200,5736,0.9000,0.0500,10,10,0.0000,0
a-n60-k9.vrp,ga,1,1406.8370,2686.8730,1851.8687,274.6591,200,5737,0.9000,0.0500,10,10,0.0000,0
a-n60-k9.vrp,ga,1,1406.8370,2511.7209,1843.4390,253.0496,200,5738,0.9000,0.0500,10,10,0.0000,0
a-n60-k9.vrp,ga,1,1406.8370,2443.6458,1850.6089,282.4437,200,5739,0.9000,0.0500,10,10,0.0000,0
a-n60-k9.vrp,ga,1,1406.8370,2485.7507,1829.5153,257.4978,200,5740,0.9000,0.0500,10,10,0.0000,0
a-n60-k9.vrp,ga,1,1406.8370,2408.5908,1828.7521,280.5405,200,5741,0.9000,0.0500,10,10,0.0000,0
a-n60-k9.vrp,ga,1,1406.8370,2403.3787,1846.5250,255.4582,200,5742,0.9000,0.0500,10,10,0.0000,0
a-n60-k9.vrp,ga,1,1406.8370,2470.0413,1878.4487,267.3564,200,5743,0.9000,0.0500,10,10,0.0000,0
a-n60-k9.vrp,ga,1,1406.8370,2494.9595,1821.9780,262.9148,200,5744,0.9000,0.0500,10,10,0.0000,0
a-n60-k9.vrp,ga,1,1406.8370,2422.9109,1853.7974,255.9587,200,5745,0.9000,0.0500,10,10,0.0000,0
a-n60-k9.vrp,ga,1,1406.8370,2472.1831,1867.5311,269.0603,200,5746,0.9000,0.0500,10,10,0.0000,0
a-n60-k9.vrp,ga,1,1406.8370,2716.7222,1872.7111,269.4893,200,5747,0.9000,0.0500,10,10,0.0000,0
a-n60-k9.vrp,ga,1,1406.8370,2396.6072,1848.2609,269.8093,200,5748,0.9000,0.0500,10,10,0.0000,0
a-n60-k9.vrp,ga,1,1406.8370,2341.4905,1813.8668,258.1990,200,5749,0.9000,0.0500,10,10,0.0000,0
a-n60-k9.vrp,ga,1,1406.8370,2478.4180,1845.4337,274.4392,200,5750,0.9000,0.0500,10,10,0.0000,0
a-n60-k9.vrp,ga,1,1406.8370,2417.2122,1849.9026,279.9435,200,5751,0.9000,0.0500,10,10,0.0000,0
a-n60-k9.vrp,ga,1,1406.8370,2471.3770,1849.6451,268.8890,200,5752,0.9000,0.0500,10,10,0.0000,0
a-n60-k9.vrp,ga,1,1406.8370,2445.7063,1885.2913,272.2536,200,5753,0.9000,0.0500,10,10,0.0000,0
a-n60-k9.vrp,ga,1,1406.8370,2414.0366,1859.8665,269.1142,200,5754,0.9000,0.0500,10,10,0.0000,0
a-n60-k9.vrp,ga,1,1406.8370,2459.8501,1860.4131,273.9154,200,5755,0.9000,0.0500,10,10,0.0000,0
a-n60-k9.vrp,ga,1,1406.8370,2403.6021,1894.5575,279.1301,200,5756,0.9000,0.0500,10,10,0.0000,0
a-n60-k9.vrp,ga,1,1406.8370,2473.9434,1877.5198,268.0244,200,5757,0.9000,0.0500,10,10,0.0000,0
a-n60-k9.vrp,ga,1,1406.8370,2592.2275,1855.6807,274.8028,200,5758,0.9000,0.0500,10,10,0.0000,0
a-n60-k9.vrp,ga,1,1406.8370,2416.8616,1871.0077,263.5905,200,5759,0.9000,0.0500,10,10,0.0000,0
a-n60-k9.vrp,ga,1,1406.8370,2530.0850,1887.2809,290.4469,200,5760,0.9000,0.0500,10,10,0.0000,0
a-n60-k9.vrp,ga,1,1406.8370,2506.5571,1874.0487,273.3447,200,5761,0.9000,0.0500,10,10,0.0000,0
a-n60-k9.vrp,ga,1,1406.8370,2595.8071,1908.6340,279.8575,200,5762,0.9000,0.0500,10,10,0.0000,0
a-n60-k9.vrp,ga,1,1406.8370,2412.7935,1892.9430,260.5099,200,5763,0.9000,0.0500,10,10,0.0000,0
a-n60-k9.vrp,ga,1,1406.8370,2510.3792,1870.3342,255.1729,200,5764,0.9000,0.0500,10,10,0.0000,0
a-n60-k9.vrp,ga,1,1406.8370,2465.0205,1887.3002,267.8711,200,5765,0.9000,0.0500,10,10,0.0000,0
a-n60-k9.vrp,ga,1,1406.8370,2587.2537,1901.1069,287.8383,200,5766,0.9000,0.0500,10,10,0.0000,0
a-n60-k9.vrp,ga,1,1406.8370,2505.5444,1871.4009,297.5636,200,5767,0.9000,0.0500,10,10,0.0000,0
a-n60-k9.vrp,ga,1,1406.8370,2412.1250,1847.2407,265.9503,200,5768,0.9000,0.0500,10,10,0.0000,0
a-n60-k9.vrp,ga,1,1406.8370,2426.9666,1866.5421,265.3103,200,5769,0.9000,0.0500,10,10,0.0000,0
a-n60-k9.vrp,ga,1,1406.8370,2507.3821,1854.4924,282.4294,200,5770,0.9000,0.0500,10,10,0.0000,0
a-n60-k9.vrp,ga,1,1406.8370,2446.7964,1868.4719,274.6046,200,5771,0.9000,0.0500,10,10,0.0000,0
a-n60-k9.vrp,ga,1,1406.8370,2486.0464,1885.2957,279.6339,200,5772,0.9000,0.0500,10,10,0.0000,0
a-n60-k9.vrp,ga,1,1406.8370,2491.0339,1895.5461,247.1030,200,5773,0.9000,0.0500,10,10,0.0000,0
a-n60-k9.vrp,ga,1,1406.8370,2520.1040,1893.3212,280.7888,200,5774,0.9000,0.0500,10,10,0.0000,0
a-n60-k9.vrp,ga,1,1406.8370,2546.2549,1906.2885,287.6971,200,5775,0.9000,0.0500,10,10,0.0000,0
a-n60-k9.vrp,ga,1,1406.8370,2427.6101,1882.9816,273.7255,200,5776,0.9000,0.0500,10,10,0.0000,0
a-n60-k9.vrp,ga,1,1406.8370,2691.3901,1873.5112,302.6635,200,5777,0.9000,0.0500,10,10,0.0000,0
a-n60-k9.vrp,ga,1,1406.8370,2653.8374,1870.3398,295.9387,200,5778,0.9000,0.0500,10,10,0.0000,0
a-n60-k9.vrp,ga,1,1406.8370,2555.5442,1935.9463,290.0297,200,5779,0.9000,0.0500,10,10,0.0000,0
a-n60-k9.vrp,ga,1,1406.8370,2718.5305,1920.3015,293.3495,200,5780,0.9000,0.0500,10,10,0.0000,0
a-n60-k9.vrp,ga,1,1406.8370,2769.0901,1900.8881,288.3732,200,5781,0.9000,0.0500,10,10,0.0000,0
a-n60-k9.vrp,ga,1,1406.8370,2740.0625,1911.5048,283.0486,200,5782,0.9000,0.0500,10,10,0.0000,0
a-n60-k9.vrp,ga,1,1406.8370,2714.1243,1938.0469,296.5164,200,5783,0.9000,0.0500,10,10,0.0000,0
a-n60-k9.vrp,ga,1,1406.8370,2656.2454,1939.4207,317.6938,200,5784,0.9000,0.0500,10,10,0.0000,0
a-n60-k9.vrp,ga,1,1406.8370,2759.5554,1907.0437,300.4820,200,5785,0.9000,0.0500,10,10,0.0000,0
a-n60-k9.vrp,ga,1,1406.8370,2763.0308,1867.5375,303.0001,200,5786,0.9000,0.0500,10,10,0.0000,0
a-n60-k9.vrp,ga,1,1406.8370,2816.9148,1883.8734,292.6777,200,5787,0.9000,0.0500,10,10,0.0000,0
a-n60-k9.vrp,ga,1,1406.8370,2535.0696,1877.8248,283.0602,200,5788,0.9000,0.0500,10,10,0.0000,0
a-n60-k9.vrp,ga,1,1406.8370,2544.7676,1906.6471,278.0243,200,5789,0.9000,0.0500,10,10,0.0000,0
a-n60-k9.vrp,ga,1,1406.8370,2578.6978,1903.9763,284.8307,200,5790,0.9000,0.0500,10,10,0.0000,0
a-n60-k9.vrp,ga,1,1406.8370,2531.1118,1898.0831,286.5830,200,5791,0.9000,0.0500,10,10,0.0000,0
a-n60-k9.vrp,ga,1,1406.8370,2530.7334,1893.8418,296.7211,200,5792,0.9000,0.0500,10,10,0.0000,0
a-n60-k9.vrp,ga,1,1406.8370,2406.5708,1862.0771,270.6474,200,5793,0.9000,0.0500,10,10,0.0000,0
a-n60-k9.vrp,ga,1,1406.8370,2549.6431,1872.0614,264.3109,200,5794,0.9000,0.0500,10,10,0.0000,0
a-n60-k9.vrp,ga,1,1406.8370,2469.4932,1853.2551,275.3002,200,5795,0.9000,0.0500,10,10,0.0000,0
a-n60-k9.vrp,ga,1,1406.8370,2511.5544,1866.0677,279.1457,200,5796,0.9000,0.0500,10,10,0.0000,0
a-n60-k9.vrp,ga,1,1406.8370,2541.3369,1854.1377,260.3755,200,5797,0.9000,0.0500,10,10,0.0000,0
a-n60-k9.vrp,ga,1,1406.8370,2539.4199,1886.9885,284.0756,200,5798,0.9000,0.0500,10,10,0.0000,0
a-n60-k9.vrp,ga,1,1406.8370,2655.6069,1857.1772,291.9776,200,5799,0.9000,0.0500,10,10,0.0000,0
a-n60-k9.vrp,ga,1,1406.8370,2509.4111,1874.6498,284.6451,200,5800,0.9000,0.0500,10,10,0.0000,0
a-n60-k9.vrp,ga,1,1406.8370,2518.6318,1864.5912,274.4036,200,5801,0.9000,0.0500,10,10,0.0000,0
a-n60-k9.vrp,ga,1,1406.8370,2652.0381,1885.5010,286.3390,200,5802,0.9000,0.0500,10,10,0.0000,0
a-n60-k9.vrp,ga,1,1406.8370,2411.3843,1841.8960,251.3541,200,5803,0.9000,0.0500,10,10,0.0000,0
a-n60-k9.vrp,ga,1,1406.8370,2657.1567,1857.2770,286.3553,200,5804,0.9000,0.0500,10,10,0.0000,0
a-n60-k9.vrp,ga,1,1406.8370,2660.8396,1854.0258,292.5639,200,5805,0.9000,0.0500,10,10,0.0000,0
a-n60-k9.vrp,ga,1,1406.8370,2652.7549,1854.3557,291.8343,200,5806,0.9000,0.0500,10,10,0.0000,0
a-n60-k9.vrp,ga,1,1406.8370,2823.2632,1823.8610,281.6864,200,5807,0.9000,0.0500,10,10,0.0000,0
a-n60-k9.vrp,ga,1,1406.8370,2870.0562,1846.3540,278.9852,200,5808,0.9000,0.0500,10,10,0.0000,0
a-n60-k9.vrp,ga,1,1406.8370,2773.6697,1875.7480,273.9544,200,5809,0.9000,0.0500,10,10,0.0000,0
a-n60-k9.vrp,ga,1,1406.8370,2848.9441,1867.3739,312.1846,200,5810,0.9000,0.0500,10,10,0.0000,0
a-n60-k9.vrp,ga,1,1406.8370,2746.2661,1864.1738,275.8053,200,5811,0.9000,0.0500,10,10,0.0000,0
a-n60-k9.vrp,ga,1,1406.8370,2755.1523,1888.3729,297.5960,200,5812,0.9000,0.0500,10,10,0.0000,0
a-n60-k9.vrp,ga,1,1406.8370,2488.3491,1836.5525,278.1410,200,5813,0.9000,0.0500,10,10,0.0000,0
a-n60-k9.vrp,ga,1,1406.8370,2552.6755,1857.1807,284.4198,200,5814,0.9000,0.0500,10,10,0.0000,0
a-n60-k9.vrp,ga,1,1406.8370,2773.0759,1855.3457,301.4220,200,5815,0.9000,0.0500,10,10,0.0000,0
a-n60-k9.vrp,ga,1,1406.8370,2713.4597,1870.5690,298.7553,200,5816,0.9000,0.0500,10,10,0.0000,0
a-n60-k9.vrp,ga,1,1406.8370,2692.5752,1874.5414,303.3875,200,5817,0.9000,0.0500,10,10,0.0000,0
a-n60-k9.vrp,ga,1,1406.8370,2560.7368,1831.9967,283.2278,200,5818,0.9000,0.0500,10,10,0.0000,0
a-n60-k9.vrp,ga,1,1406.8370,2736.9355,1855.2214,319.0560,200,5819,0.9000,0.0500,10,10,0.0000,0
a-n60-k9.vrp,ga,1,1406.8370,2626.1204,1821.9622,282.1933,200,5820,0.9000,0.0500,10,10,0.0000,0
a-n60-k9.vrp,ga,1,1406.8370,2721.8835,1864.4683,302.5746,200,5821,0.9000,0.0500,10,10,0.0000,0
a-n60-k9.vrp,ga,1,1406.8370,2804.4231,1842.0637,303.3612,200,5822,0.9000,0.0500,10,10,0.0000,0
a-n60-k9.vrp,ga,1,1406.8370,2629.0471,1837.0094,294.3423,200,5823,0.9000,0.0500,10,10,0.0000,0
a-n60-k9.vrp,ga,1,1406.8370,2924.1201,1839.1133,300.7622,200,5824,0.9000,0.0500,10,10,0.0000,0
a-n60-k9.vrp,ga,1,1406.8370,2819.1243,1890.9391,301.2284,200,5825,0.9000,0.0500,10,10,0.0000,0
a-n60-k9.vrp,ga,1,1406.8370,2627.3892,1856.7806,307.7022,200,5826,0.9000,0.0500,10,10,0.0000,0
a-n60-k9.vrp,ga,1,1406.8370,2552.6755,1815.3771,284.7841,200,5827,0.9000,0.0500,10,10,0.0000,0
a-n60-k9.vrp,ga,1,1406.8370,2612.8821,1842.8107,294.0339,200,5828,0.9000,0.0500,10,10,0.0000,0
a-n60-k9.vrp,ga,1,1406.8370,2758.3030,1866.4153,284.1747,200,5829,0.9000,0.0500,10,10,0.0000,0
a-n60-k9.vrp,ga,1,1406.8370,2859.6775,1887.8042,292.4246,200,5830,0.9000,0.0500,10,10,0.0000,0
a-n60-k9.vrp,ga,1,1406.8370,2722.2739,1863.7642,310.5570,200,5831,0.9000,0.0500,10,10,0.0000,0
a-n60-k9.vrp,ga,1,1406.8370,2616.6133,1829.4189,290.1945,200,5832,0.9000,0.0500,10,10,0.0000,0
a-n60-k9.vrp,ga,1,1406.8370,2806.8892,1850.6464,302.0377,200,5833,0.9000,0.0500,10,10,0.0000,0
a-n60-k9.vrp,ga,1,1406.8370,2788.6084,1855.4590,296.4077,200,5834,0.9000,0.0500,10,10,0.0000,0
a-n60-k9.vrp,ga,1,1406.8370,2703.4331,1910.3745,281.0103,200,5835,0.9000,0.0500,10,10,0.0000,0
a-n60-k9.vrp,ga,1,1406.8370,2883.5840,1941.5474,311.2296,200,5836,0.9000,0.0500,10,10,0.0000,0
a-n60-k9.vrp,ga,1,1406.8370,2870.0203,1896.5139,274.6656,200,5837,0.9000,0.0500,10,10,0.0000,0
a-n60-k9.vrp,ga,1,1406.8370,2743.4788,1899.4926,316.4133,200,5838,0.9000,0.0500,10,10,0.0000,0
a-n60-k9.vrp,ga,1,1406.8370,2569.7698,1872.7863,273.4489,200,5839,0.9000,0.0500,10,10,0.0000,0
a-n60-k9.vrp,ga,1,1406.8370,2882.4172,1867.4785,280.5318,200,5840,0.9000,0.0500,10,10,0.0000,0
a-n60-k9.vrp,ga,1,1406.8370,2912.9963,1887.3132,305.3265,200,5841,0.9000,0.0500,10,10,0.0000,0
a-n60-k9.vrp,ga,1,1406.8370,2673.9736,1858.5320,284.5901,200,5842,0.9000,0.0500,10,10,0.0000,0
a-n60-k9.vrp,ga,1,1406.8370,2679.9841,1870.3203,299.3470,200,5843,0.9000,0.0500,10,10,0.0000,0
a-n60-k9.vrp,ga,1,1406.8370,2898.7051,1888.0599,286.9739,200,5844,0.9000,0.0500,10,10,0.0000,0
a-n60-k9.vrp,ga,1,1406.8370,2604.5854,1853.7365,262.3156,200,5845,0.9000,0.0500,10,10,0.0000,0
a-n60-k9.vrp,ga,1,1406.8370,2652.0188,1911.0350,294.7896,200,5846,0.9000,0.0500,10,10,0.0000,0
a-n60-k9.vrp,ga,1,1406.8370,2611.2297,1852.4968,285.4149,200,5847,0.9000,0.0500,10,10,0.0000,0
a-n60-k9.vrp,ga,1,1406.8370,2607.1799,1873.0260,271.7816,200,5848,0.9000,0.0500,10,10,0.0000,0
a-n60-k9.vrp,ga,1,1406.8370,2612.3547,1874.4044,302.1515,200,5849,0.9000,0.0500,10,10,0.0000,0
a-n60-k9.vrp,ga,1,1406.8370,2537.2263,1877.3564,289.9936,200,5850,0.9000,0.0500,10,10,0.0000,0
a-n60-k9.vrp,ga,1,1406.8370,2807.2739,1868.5609,303.0279,200,5851,0.9000,0.0500,10,10,0.0000,0
a-n60-k9.vrp,ga,1,1406.8370,2637.2241,1888.6144,285.1149,200,5852,0.9000,0.0500,10,10,0.0000,0
a-n60-k9.vrp,ga,1,1406.8370,2646.3508,1906.3490,266.6158,200,5853,0.9000,0.0500,10,10,0.0000,0
a-n60-k9.vrp,ga,1,1406.8370,2541.3843,1936.1027,282.8944,200,5854,0.9000,0.0500,10,10,0.0000,0
a-n60-k9.vrp,ga,1,1406.8370,2506.8281,1914.0906,282.9188,200,5855,0.9000,0.0500,10,10,0.0000,0
a-n60-k9.vrp,ga,1,1406.8370,2590.7014,1893.5383,266.0630,200,5856,0.9000,0.0500,10,10,0.0000,0
a-n60-k9.vrp,ga,1,1406.8370,2576.9917,1894.6520,303.8714,200,5857,0.9000,0.0500,10,10,0.0000,0
a-n60-k9.vrp,ga,1,1406.8370,2617.5222,1861.3503,272.0638,200,5858,0.9000,0.0500,10,10,0.0000,0
a-n60-k9.vrp,ga,1,1406.8370,2680.7588,1916.0074,289.6287,200,5859,0.9000,0.0500,10,10,0.0000,0
a-n60-k9.vrp,ga,1,1406.8370,2526.1565,1944.7666,285.0718,200,5860,0.9000,0.0500,10,10,0.0000,0
a-n60-k9.vrp,ga,1,1406.8370,2687.1973,1970.3862,297.2861,200,5861,0.9000,0.0500,10,10,0.0000,0
a-n60-k9.vrp,ga,1,1406.8370,2561.8120,1950.6854,280.6953,200,5862,0.9000,0.0500,10,10,0.0000,0
a-n60-k9.vrp,ga,1,1406.8370,2625.8760,1937.1093,298.1028,200,5863,0.9000,0.0500,10,10,0.0000,0
a-n60-k9.vrp,ga,1,1406.8370,2500.8574,1888.6627,271.7205,200,5864,0.9000,0.0500,10,10,0.0000,0
a-n60-k9.vrp,ga,1,1406.8370,2822.0371,1883.3799,288.3094,200,5865,0.9000,0.0500,10,10,0.0000,0
a-n60-k9.vrp,ga,1,1406.8370,2704.9954,1882.2878,286.9615,200,5866,0.9000,0.0500,10,10,0.0000,0
a-n60-k9.vrp,ga,1,1406.8370,2590.3389,1876.0203,284.0592,200,5867,0.9000,0.0500,10,10,0.0000,0
a-n60-k9.vrp,ga,1,1406.8370,2613.2986,1821.7632,296.8417,200,5868,0.9000,0.0500,10,10,0.0000,0
a-n60-k9.vrp,ga,1,1406.8370,2321.4233,1857.4800,251.5352,200,5869,0.9000,0.0500,10,10,0.0000,0
a-n60-k9.vrp,ga,1,1406.8370,2463.3518,1883.6152,274.8748,200,5870,0.9000,0.0500,10,10,0.0000,0
a-n60-k9.vrp,ga,1,1406.8370,2492.8472,1858.9990,269.1893,200,5871,0.9000,0.0500,10,10,0.0000,0
a-n60-k9.vrp,ga,1,1406.8370,2475.1660,1877.2729,272.0251,200,5872,0.9000,0.0500,10,10,0.0000,0
a-n60-k9.vrp,ga,1,1406.8370,2416.0862,1930.8251,248.7828,200,5873,0.9000,0.0500,10,10,0.0000,0
a-n60-k9.vrp,ga,1,1406.8370,2515.7168,1875.6792,280.2059,200,5874,0.9000,0.0500,10,10,0.0000,0
a-n60-k9.vrp,ga,1,1406.8370,2668.2646,1880.5831,293.8229,200,5875,0.9000,0.0500,10,10,0.0000,0
a-n60-k9.vrp,ga,1,1406.8370,2498.5962,1905.8289,282.4951,200,5876,0.9000,0.0500,10,10,0.0000,0
a-n60-k9.vrp,ga,1,1406.8370,2446.9575,1870.0918,277.4073,200,5877,0.9000,0.0500,10,10,0.0000,0
a-n60-k9.vrp,ga,1,1406.8370,2586.3120,1887.1169,274.4215,200,5878,0.9000,0.0500,10,10,0.0000,0
a-n60-k9.vrp,ga,1,1406.8370,2662.9409,1881.3395,307.1411,200,5879,0.9000,0.0500,10,10,0.0000,0
a-n60-k9.vrp,ga,1,1406.8370,2572.0332,1844.7299,272.5509,200,5880,0.9000,0.0500,10,10,0.0000,0
a-n60-k9.vrp,ga,1,1406.8370,2524.0015,1833.6135,275.7728,200,5881,0.9000,0.0500,10,10,0.0000,0
a-n60-k9.vrp,ga,1,1406.8370,2489.8066,1877.0690,258.6385,200,5882,0.9000,0.0500,10,10,0.0000,0
a-n60-k9.vrp,ga,1,1406.8370,2762.0146,1889.4977,284.7784,200,5883,0.9000,0.0500,10,10,0.0000,0
a-n60-k9.vrp,ga,1,1406.8370,2529.0718,1841.0540,269.4953,200,5884,0.9000,0.0500,10,10,0.0000,0
a-n60-k9.vrp,ga,1,1406.8370,2606.5701,1856.7778,283.8278,200,5885,0.9000,0.0500,10,10,0.0000,0
a-n60-k9.vrp,ga,1,1406.8370,2617.4722,1866.2335,274.2830,200,5886,0.9000,0.0500,10,10,0.0000,0
a-n60-k9.vrp,ga,1,1406.8370,2573.7988,1848.4950,279.3962,200,5887,0.9000,0.0500,10,10,0.0000,0
a-n60-k9.vrp,ga,1,1406.8370,2609.3418,1850.1208,277.6227,200,5888,0.9000,0.0500,10,10,0.0000,0
a-n60-k9.vrp,ga,1,1406.8370,2437.9871,1844.1583,272.0346,200,5889,0.9000,0.0500,10,10,0.0000,0
a-n60-k9.vrp,ga,1,1406.8370,2509.3967,1856.4327,272.1015,200,5890,0.9000,0.0500,10,10,0.0000,0
a-n60-k9.vrp,ga,1,1406.8370,2628.2717,1882.9789,276.4513,200,5891,0.9000,0.0500,10,10,0.0000,0
a-n60-k9.vrp,ga,1,1406.8370,2741.1716,1918.8417,285.9337,200,5892,0.9000,0.0500,10,10,0.0000,0
a-n60-k9.vrp,ga,1,1406.8370,2491.6592,1881.9559,283.3115,200,5893,0.9000,0.0500,10,10,0.0000,0
a-n60-k9.vrp,ga,1,1406.8370,2686.7058,1841.0621,303.2803,200,5894,0.9000,0.0500,10,10,0.0000,0
a-n60-k9.vrp,ga,1,1406.8370,2683.2148,1855.4080,280.0032,200,5895,0.9000,0.0500,10,10,0.0000,0
a-n60-k9.vrp,ga,1,1406.8370,2622.7058,1854.3309,286.4306,200,5896,0.9000,0.0500,10,10,0.0000,0
a-n60-k9.vrp,ga,1,1406.8370,2683.2148,1880.7023,288.9074,200,5897,0.9000,0.0500,10,10,0.0000,0
a-n60-k9.vrp,ga,1,1406.8370,2755.9094,1889.4434,292.5996,200,5898,0.9000,0.0500,10,10,0.0000,0
a-n60-k9.vrp,ga,1,1406.8370,2629.5161,1943.0175,294.6110,200,5899,0.9000,0.0500,10,10,0.0000,0
a-n60-k9.vrp,ga,1,1406.8370,2915.8601,1946.3594,292.4834,200,5900,0.9000,0.0500,10,10,0.0000,0
a-n60-k9.vrp,ga,1,1406.8370,2603.9424,1896.4392,286.6302,200,5901,0.9000,0.0500,10,10,0.0000,0
a-n60-k9.vrp,ga,1,1406.8370,2666.1594,1899.4590,300.5577,200,5902,0.9000,0.0500,10,10,0.0000,0
a-n60-k9.vrp,ga,1,1406.8370,2615.9189,1862.7539,278.2200,200,5903,0.9000,0.0500,10,10,0.0000,0
a-n60-k9.vrp,ga,1,1406.8370,2698.5032,1849.3159,280.6674,200,5904,0.9000,0.0500,10,10,0.0000,0
a-n60-k9.vrp,ga,1,1406.8370,2871.5356,1879.0255,287.3293,200,5905,0.9000,0.0500,10,10,0.0000,0
a-n60-k9.vrp,ga,1,1406.8370,2608.1665,1843.4048,269.3595,200,5906,0.9000,0.0500,10,10,0.0000,0
a-n60-k9.vrp,ga,1,1406.8370,2499.4519,1863.9268,266.9380,200,5907,0.9000,0.0500,10,10,0.0000,0
a-n60-k9.vrp,ga,1,1406.8370,2742.3848,1846.4891,274.8115,200,5908,0.9000,0.0500,10,10,0.0000,0
a-n60-k9.vrp,ga,1,1406.8370,2679.3491,1842.2032,262.9581,200,5909,0.9000,0.0500,10,10,0.0000,0
a-n60-k9.vrp,ga,1,1406.8370,2624.0879,1856.2312,290.5324,200,5910,0.9000,0.0500,10,10,0.0000,0
a-n60-k9.vrp,ga,1,1406.8370,2640.4141,1873.1537,261.6465,200,5911,0.9000,0.0500,10,10,0.0000,0
a-n60-k9.vrp,ga,1,1406.8370,2612.9373,1875.0649,286.6038,200,5912,0.9000,0.0500,10,10,0.0000,0
a-n60-k9.vrp,ga,1,1406.8370,2727.1172,1888.7299,259.9177,200,5913,0.9000,0.0500,10,10,0.0000,0
a-n60-k9.vrp,ga,1,1406.8370,2645.5911,1877.1501,276.6875,200,5914,0.9000,0.0500,10,10,0.0000,0
a-n60-k9.vrp,ga,1,1406.8370,2664.4858,1909.4551,277.5970,200,5915,0.9000,0.0500,10,10,0.0000,0
a-n60-k9.vrp,ga,1,1406.8370,2493.4890,1909.0392,277.2199,200,5916,0.9000,0.0500,10,10,0.0000,0
a-n60-k9.vrp,ga,1,1406.8370,2432.7192,1873.9329,264.5147,200,5917,0.9000,0.0500,10,10,0.0000,0
a-n60-k9.vrp,ga,1,1406.8370,2496.8806,1882.9946,276.9441,200,5918,0.9000,0.0500,10,10,0.0000,0
a-n60-k9.vrp,ga,1,1406.8370,2386.8740,1893.7821,255.7561,200,5919,0.9000,0.0500,10,10,0.0000,0
a-n60-k9.vrp,ga,1,1406.8370,2510.2952,1904.2544,265.6658,200,5920,0.9000,0.0500,10,10,0.0000,0
a-n60-k9.vrp,ga,1,1406.8370,2415.2937,1885.1526,273.0028,200,5921,0.9000,0.0500,10,10,0.0000,0
a-n60-k9.vrp,ga,1,1406.8370,2492.8169,1883.6687,267.1073,200,5922,0.9000,0.0500,10,10,0.0000,0
a-n60-k9.vrp,ga,1,1406.8370,2647.7449,1862.2368,265.4561,200,5923,0.9000,0.0500,10,10,0.0000,0
a-n60-k9.vrp,ga,1,1406.8370,2440.2991,1865.9169,273.2764,200,5924,0.9000,0.0500,10,10,0.0000,0
a-n60-k9.vrp,ga,1,1406.8370,2422.1030,1842.2002,268.0875,200,5925,0.9000,0.0500,10,10,0.0000,0
a-n60-k9.vrp,ga,1,1406.8370,2556.8604,1886.7300,240.7845,200,5926,0.9000,0.0500,10,10,0.0000,0
a-n60-k9.vrp,ga,1,1406.8370,2432.7954,1899.7689,268.0679,200,5927,0.9000,0.0500,10,10,0.0000,0
a-n60-k9.vrp,ga,1,1406.8370,2508.8938,1881.9493,253.4706,200,5928,0.9000,0.0500,10,10,0.0000,0
a-n60-k9.vrp,ga,1,1406.8370,2519.4607,1884.1226,268.9539,200,5929,0.9000,0.0500,10,10,0.0000,0
a-n60-k9.vrp,ga,1,1406.8370,2566.1860,1873.2732,272.9588,200,5930,0.9000,0.0500,10,10,0.0000,0
a-n60-k9.vrp,ga,1,1406.8370,2429.6277,1878.2627,253.1949,200,5931,0.9000,0.0500,10,10,0.0000,0
a-n60-k9.vrp,ga,1,1406.8370,2530.3228,1838.3215,277.5591,200,5932,0.9000,0.0500,10,10,0.0000,0
a-n60-k9.vrp,ga,1,1406.8370,2329.1504,1811.5107,253.6598,200,5933,0.9000,0.0500,10,10,0.0000,0
a-n60-k9.vrp,ga,1,1406.8370,2444.1543,1841.5073,267.2625,200,5934,0.9000,0.0500,10,10,0.0000,0
a-n60-k9.vrp,ga,1,1406.8370,2507.9143,1845.2390,270.5287,200,5935,0.9000,0.0500,10,10,0.0000,0
a-n60-k9.vrp,ga,1,1406.8370,2545.9294,1878.4335,254.4357,200,5936,0.9000,0.0500,10,10,0.0000,0
a-n60-k9.vrp,ga,1,1406.8370,2554.2251,1882.2468,245.0004,200,5937,0.9000,0.0500,10,10,0.0000,0
a-n60-k9.vrp,ga,1,1406.8370,2529.7703,1881.2611,273.7423,200,5938,0.9000,0.0500,10,10,0.0000,0
a-n60-k9.vrp,ga,1,1406.8370,2540.5801,1893.0499,244.2187,200,5939,0.9000,0.0500,10,10,0.0000,0
a-n60-k9.vrp,ga,1,1406.8370,2657.1260,1864.2450,279.0168,200,5940,0.9000,0.0500,10,10,0.0000,0
a-n60-k9.vrp,ga,1,1406.8370,2539.6289,1871.4552,283.9445,200,5941,0.9000,0.0500,10,10,0.0000,0
a-n60-k9.vrp,ga,1,1406.8370,2517.9822,1901.6860,276.9880,200,5942,0.9000,0.0500,10,10,0.0000,0
a-n60-k9.vrp,ga,1,1406.8370,2441.9116,1873.6390,267.6024,200,5943,0.9000,0.0500,10,10,0.0000,0
a-n60-k9.vrp,ga,1,1406.8370,2463.9436,1890.8666,257.3258,200,5944,0.9000,0.0500,10,10,0.0000,0
a-n60-k9.vrp,ga,1,1406.8370,2633.7812,1919.3551,266.2848,200,5945,0.9000,0.0500,10,10,0.0000,0
a-n60-k9.vrp,ga,1,1406.8370,2611.6426,1865.4979,279.8583,200,5946,0.9000,0.0500,10,10,0.0000,0
a-n60-k9.vrp,ga,1,1406.8370,2550.2847,1870.3052,284.8674,200,5947,0.9000,0.0500,10,10,0.0000,0
a-n60-k9.vrp,ga,1,1406.8370,2434.1265,1872.2549,272.6871,200,5948,0.9000,0.0500,10,10,0.0000,0
a-n60-k9.vrp,ga,1,1406.8370,2594.1050,1887.7775,274.8498,200,5949,0.9000,0.0500,10,10,0.0000,0
a-n60-k9.vrp,ga,1,1406.8370,2462.5352,1904.0530,279.2671,200,5950,0.9000,0.0500,10,10,0.0000,0
a-n60-k9.vrp,ga,1,1406.8370,2444.2007,1879.6990,274.4716,200,5951,0.9000,0.0500,10,10,0.0000,0
a-n60-k9.vrp,ga,1,1406.8370,2459.3599,1878.3759,273.1020,200,5952,0.9000,0.0500,10,10,0.0000,0
a-n60-k9.vrp,ga,1,1406.8370,2611.5234,1878.8409,311.5663,200,5953,0.9000,0.0500,10,10,0.0000,0
a-n60-k9.vrp,ga,1,1406.8370,2726.8279,1830.7334,273.2907,200,5954,0.9000,0.0500,10,10,0.0000,0
a-n60-k9.vrp,ga,1,1406.8370,2612.0630,1823.0345,275.5851,200,5955,0.9000,0.0500,10,10,0.0000,0
a-n60-k9.vrp,ga,1,1406.8370,2638.3506,1906.8267,279.3539,200,5956,0.9000,0.0500,10,10,0.0000,0
a-n60-k9.vrp,ga,1,1406.8370,2633.1121,1925.8164,282.8110,200,5957,0.9000,0.0500,10,10,0.0000,0
a-n60-k9.vrp,ga,1,1406.8370,2754.7146,1883.4681,282.7268,200,5958,0.9000,0.0500,10,10,0.0000,0
a-n60-k9.vrp,ga,1,1406.8370,2674.1892,1912.9832,317.2258,200,5959,0.9000,0.0500,10,10,0.0000,0
a-n60-k9.vrp,ga,1,1406.8370,2693.0259,1870.0695,290.4244,200,5960,0.9000,0.0500,10,10,0.0000,0
a-n60-k9.vrp,ga,1,1406.8370,2818.0322,1897.7349,296.0984,200,5961,0.9000,0.0500,10,10,0.0000,0
a-n60-k9.vrp,ga,1,1406.8370,2518.5864,1878.6731,290.2695,200,5962,0.9000,0.0500,10,10,0.0000,0
a-n60-k9.vrp,ga,1,1406.8370,2378.2688,1870.2439,271.4208,200,5963,0.9000,0.0500,10,10,0.0000,0
a-n60-k9.vrp,ga,1,1406.8370,2665.6140,1899.0630,295.4929,200,5964,0.9000,0.0500,10,10,0.0000,0
a-n60-k9.vrp,ga,1,1406.8370,2751.6931,1863.9485,297.5743,200,5965,0.9000,0.0500,10,10,0.0000,0
a-n60-k9.vrp,ga,1,1406.8370,2747.9993,1887.0189,291.9736,200,5966,0.9000,0.0500,10,10,0.0000,0
a-n60-k9.vrp,ga,1,1406.8370,2617.6189,1893.6895,277.1627,200,5967,0.9000,0.0500,10,10,0.0000,0
a-n60-k9.vrp,ga,1,1406.8370,2610.1052,1874.1207,272.0238,200,5968,0.9000,0.0500,10,10,0.0000,0
a-n60-k9.vrp,ga,1,1406.8370,2486.9170,1866.1206,269.5911,200,5969,0.9000,0.0500,10,10,0.0000,0
a-n60-k9.vrp,ga,1,1406.8370,2630.9683,1907.6902,294.9705,200,5970,0.9000,0.0500,10,10,0.0000,0
a-n60-k9.vrp,ga,1,1406.8370,2678.9307,1874.5103,313.1832,200,5971,0.9000,0.0500,10,10,0.0000,0
a-n60-k9.vrp,ga,1,1406.8370,2719.5720,1862.2706,310.4106,200,5972,0.9000,0.0500,10,10,0.0000,0
a-n60-k9.vrp,ga,1,1406.8370,2671.4675,1873.6969,307.2441,200,5973,0.9000,0.0500,10,10,0.0000,0
a-n60-k9.vrp,ga,1,1406.8370,2771.3923,1897.0530,300.6897,200,5974,0.9000,0.0500,10,10,0.0000,0
a-n60-k9.vrp,ga,1,1406.8370,2788.2791,1884.1841,291.0924,200,5975,0.9000,0.0500,10,10,0.0000,0
a-n60-k9.vrp,ga,1,1406.8370,2756.1343,1897.7124,304.8053,200,5976,0.9000,0.0500,10,10,0.0000,0
a-n60-k9.vrp,ga,1,1406.8370,2700.0913,1879.2158,305.6736,200,5977,0.9000,0.0500,10,10,0.0000,0
a-n60-k9.vrp,ga,1,1406.8370,2719.2141,1899.1526,278.2733,200,5978,0.9000,0.0500,10,10,0.0000,0
a-n60-k9.vrp,ga,1,1406.8370,2778.6650,1918.2682,291.7325,200,5979,0.9000,0.0500,10,10,0.0000,0
a-n60-k9.vrp,ga,1,1406.8370,2831.5613,1930.4319,291.5281,200,5980,0.9000,0.0500,10,10,0.0000,0
a-n60-k9.vrp,ga,1,1406.8370,2693.5005,1927.2103,296.7285,200,5981,0.9000,0.0500,10,10,0.0000,0
a-n60-k9.vrp,ga,1,1406.8370,2662.1040,1918.7937,292.5142,200,5982,0.9000,0.0500,10,10,0.0000,0
a-n60-k9.vrp,ga,1,1406.8370,2758.1980,1926.5775,307.5675,200,5983,0.9000,0.0500,10,10,0.0000,0
a-n60-k9.vrp,ga,1,1406.8370,2584.9275,1903.0853,296.4939,200,5984,0.9000,0.0500,10,10,0.0000,0
a-n60-k9.vrp,ga,1,1406.8370,2557.5288,1925.9872,285.5201,200,5985,0.9000,0.0500,10,10,0.0000,0
a-n60-k9.vrp,ga,1,1406.8370,2650.2805,1939.1754,312.2646,200,5986,0.9000,0.0500,10,10,0.0000,0
a-n60-k9.vrp,ga,1,1406.8370,2717.0994,1919.2375,281.0242,200,5987,0.9000,0.0500,10,10,0.0000,0
a-n60-k9.vrp,ga,1,1406.8370,2644.4114,1914.2128,289.8271,200,5988,0.9000,0.0500,10,10,0.0000,0
a-n60-k9.vrp,ga,1,1406.8370,2691.4412,1894.7531,302.4860,200,5989,0.9000,0.0500,10,10,0.0000,0
a-n60-k9.vrp,ga,1,1406.8370,2850.7554,1873.6653,290.0548,200,5990,0.9000,0.0500,10,10,0.0000,0
a-n60-k9.vrp,ga,1,1406.8370,2802.3335,1873.8147,314.3916,200,5991,0.9000,0.0500,10,10,0.0000,0
a-n60-k9.vrp,ga,1,1406.8370,2638.6753,1853.7601,302.8466,200,5992,0.9000,0.0500,10,10,0.0000,0
a-n60-k9.vrp,ga,1,1406.8370,2513.1875,1874.0730,299.7835,200,5993,0.9000,0.0500,10,10,0.0000,0
a-n60-k9.vrp,ga,1,1406.8370,2686.0920,1886.3145,301.8367,200,5994,0.9000,0.0500,10,10,0.0000,0
a-n60-k9.vrp,ga,1,1406.8370,2813.6699,1870.5538,299.6043,200,5995,0.9000,0.0500,10,10,0.0000,0
a-n60-k9.vrp,ga,1,1406.8370,2711.8452,1854.1091,292.5549,200,5996,0.9000,0.0500,10,10,0.0000,0
a-n60-k9.vrp,ga,1,1406.8370,2717.7480,1890.5255,299.6037,200,5997,0.9000,0.0500,10,10,0.0000,0
a-n60-k9.vrp,ga,1,1406.8370,2741.1006,1917.3090,318.1100,200,5998,0.9000,0.0500,10,10,0.0000,0
a-n60-k9.vrp,ga,1,1406.8370,2610.1052,1885.4176,289.4522,200,5999,0.9000,0.0500,10,10,0.0000,0
a-n60-k9.vrp,ga,1,1406.8370,2760.6465,1921.1877,301.8595,200,6000,0.9000,0.0500,10,10,0.0000,0
a-n60-k9.vrp,ga,1,1406.8370,2769.1597,1902.7444,309.9034,200,6001,0.9000,0.0500,10,10,0.0000,0
a-n60-k9.vrp,ga,1,1406.8370,2610.1052,1885.7982,282.6545,200,6002,0.9000,0.0500,10,10,0.0000,0
a-n60-k9.vrp,ga,1,1406.8370,2741.7593,1914.3430,312.7976,200,6003,0.9000,0.0500,10,10,0.0000,0
a-n60-k9.vrp,ga,1,1406.8370,2632.4275,1921.3103,297.4514,200,6004,0.9000,0.0500,10,10,0.0000,0
a-n60-k9.vrp,ga,1,1406.8370,2833.3083,1895.3385,279.6054,200,6005,0.9000,0.0500,10,10,0.0000,0
a-n60-k9.vrp,ga,1,1406.8370,2881.1375,1892.6115,299.4210,200,6006,0.9000,0.0500,10,10,0.0000,0
a-n60-k9.vrp,ga,1,1406.8370,2663.0449,1905.5140,285.3912,200,6007,0.9000,0.0500,10,10,0.0000,0
a-n60-k9.vrp,ga,1,1406.8370,2765.5991,1872.9537,287.6637,200,6008,0.9000,0.0500,10,10,0.0000,0
a-n60-k9.vrp,ga,1,1406.8370,2765.0859,1900.9271,293.3930,200,6009,0.9000,0.0500,10,10,0.0000,0
a-n60-k9.vrp,ga,1,1406.8370,2699.8894,1922.7448,315.0291,200,6010,0.9000,0.0500,10,10,0.0000,0
a-n60-k9.vrp,ga,1,1406.8370,2610.1052,1876.3893,283.9840,200,6011,0.9000,0.0500,10,10,0.0000,0
a-n60-k9.vrp,ga,1,1406.8370,2679.3147,1859.3173,303.0861,200,6012,0.9000,0.0500,10,10,0.0000,0
a-n60-k9.vrp,ga,1,1406.8370,2610.1052,1847.9778,290.3519,200,6013,0.9000,0.0500,10,10,0.0000,0
a-n60-k9.vrp,ga,1,1406.8370,2626.9626,1893.6528,265.5945,200,6014,0.9000,0.0500,10,10,0.0000,0
a-n60-k9.vrp,ga,1,1406.8370,3083.8066,1898.3872,330.6507,200,6015,0.9000,0.0500,10,10,0.0000,0
a-n60-k9.vrp,ga,1,1406.8370,2575.5337,1895.0731,283.0075,200,6016,0.9000,0.0500,10,10,0.0000,0
a-n60-k9.vrp,ga,1,1406.8370,2650.8513,1867.5420,277.0183,200,6017,0.9000,0.0500,10,10,0.0000,0
a-n60-k9.vrp,ga,1,1406.8370,2587.7876,1865.4160,281.2450,200,6018,0.9000,0.0500,10,10,0.0000,0
a-n60-k9.vrp,ga,1,1406.8370,2531.5046,1851.8717,256.7427,200,6019,0.9000,0.0500,10,10,0.0000,0
a-n60-k9.vrp,ga,1,1406.8370,2499.0044,1866.6411,270.7758,200,6020,0.9000,0.0500,10,10,0.0000,0
a-n60-k9.vrp,ga,1,1406.8370,2559.3123,1868.2513,281.9156,200,6021,0.9000,0.0500,10,10,0.0000,0
a-n60-k9.vrp,ga,1,1406.8370,2527.9214,1871.4825,261.2250,200,6022,0.9000,0.0500,10,10,0.0000,0
a-n60-k9.vrp,ga,1,1406.8370,2574.9353,1887.6440,247.1016,200,6023,0.9000,0.0500,10,10,0.0000,0
a-n60-k9.vrp,ga,1,1406.8370,2578.3198,1904.1370,285.3520,200,6024,0.9000,0.0500,10,10,0.0000,0
a-n60-k9.vrp,ga,1,1406.8370,2763.5852,1867.7845,265.6581,200,6025,0.9000,0.0500,10,10,0.0000,0
a-n60-k9.vrp,ga,1,1406.8370,2630.0596,1847.4514,275.1970,200,6026,0.9000,0.0500,10,10,0.0000,0
a-n60-k9.vrp,ga,1,1406.8370,2641.1733,1910.0747,271.3552,200,6027,0.9000,0.0500,10,10,0.0000,0
a-n60-k9.vrp,ga,1,1406.8370,2591.0557,1921.3693,265.8285,200,6028,0.9000,0.0500,10,10,0.0000,0
a-n60-k9.vrp,ga,1,1406.8370,2713.7268,1932.6708,295.2357,200,6029,0.9000,0.0500,10,10,0.0000,0
a-n60-k9.vrp,ga,1,1406.8370,2558.3354,1914.2634,275.8230,200,6030,0.9000,0.0500,10,10,0.0000,0
a-n60-k9.vrp,ga,1,1406.8370,2688.6550,1883.0151,264.4156,200,6031,0.9000,0.0500,10,10,0.0000,0
a-n60-k9.vrp,ga,1,1406.8370,2672.0374,1903.7998,284.6747,200,6032,0.9000,0.0500,10,10,0.0000,0
a-n60-k9.vrp,ga,1,1406.8370,2591.0557,1858.5811,265.4260,200,6033,0.9000,0.0500,10,10,0.0000,0
a-n60-k9.vrp,ga,1,1406.8370,2625.4167,1859.2435,286.1170,200,6034,0.9000,0.0500,10,10,0.0000,0
a-n60-k9.vrp,ga,1,1406.8370,2776.4819,1870.8203,282.9596,200,6035,0.9000,0.0500,10,10,0.0000,0
a-n60-k9.vrp,ga,1,1406.8370,2616.6946,1896.1421,271.7154,200,6036,0.9000,0.0500,10,10,0.0000,0
a-n60-k9.vrp,ga,1,1406.8370,2543.6807,1907.6846,289.3725,200,6037,0.9000,0.0500,10,10,0.0000,0
a-n60-k9.vrp,ga,1,1406.8370,2566.2612,1883.3723,295.0290,200,6038,0.9000,0.0500,10,10,0.0000,0
a-n60-k9.vrp,ga,1,1406.8370,2645.0974,1853.4873,285.4551,200,6039,0.9000,0.0500,10,10,0.0000,0
a-n60-k9.vrp,ga,1,1406.8370,2600.1055,1857.7808,298.2892,200,6040,0.9000,0.0500,10,10,0.0000,0
a-n60-k9.vrp,ga,1,1406.8370,2599.2004,1830.7471,267.8167,200,6041,0.9000,0.0500,10,10,0.0000,0
a-n60-k9.vrp,ga,1,1406.8370,2497.1562,1858.5955,249.8001,200,6042,0.9000,0.0500,10,10,0.0000,0
a-n60-k9.vrp,ga,1,1406.8370,2735.3816,1870.8564,279.2007,200,6043,0.9000,0.0500,10,10,0.0000,0
a-n60-k9.vrp,ga,1,1406.8370,2461.1531,1859.2800,262.2489,200,6044,0.9000,0.0500,10,10,0.0000,0
a-n60-k9.vrp,ga,1,1406.8370,2423.4336,1824.5931,266.5986,200,6045,0.9000,0.0500,10,10,0.0000,0
a-n60-k9.vrp,ga,1,1406.8370,2439.0881,1851.4390,271.8403,200,6046,0.9000,0.0500,10,10,0.0000,0
a-n60-k9.vrp,ga,1,1406.8370,2705.4597,1860.2443,294.0754,200,6047,0.9000,0.0500,10,10,0.0000,0
a-n60-k9.vrp,ga,1,1406.8370,2591.3813,1832.8939,280.0035,200,6048,0.9000,0.0500,10,10,0.0000,0
a-n60-k9.vrp,ga,1,1406.8370,2432.6711,1849.7048,257.2520,200,6049,0.9000,0.0500,10,10,0.0000,0
a-n60-k9.vrp,ga,1,1406.8370,2561.9404,1819.7433,278.0303,200,6050,0.9000,0.0500,10,10,0.0000,0
a-n60-k9.vrp,ga,1,1406.8370,2464.7156,1842.0833,282.2548,200,6051,0.9000,0.0500,10,10,0.0000,0
a-n60-k9.vrp,ga,1,1406.8370,2512.2466,1858.7446,277.9189,200,6052,0.9000,0.0500,10,10,0.0000,0
a-n60-k9.vrp,ga,1,1406.8370,2632.4290,1860.4496,269.5576,200,6053,0.9000,0.0500,10,10,0.0000,0
a-n60-k9.vrp,ga,1,1406.8370,2475.0129,1881.0023,260.1266,200,6054,0.9000,0.0500,10,10,0.0000,0
a-n60-k9.vrp,ga,1,1406.8370,2650.6882,1867.8605,259.8610,200,6055,0.9000,0.0500,10,10,0.0000,0
a-n60-k9.vrp,ga,1,1406.8370,2767.9321,1884.5056,273.8893,200,6056,0.9000,0.0500,10,10,0.0000,0
a-n60-k9.vrp,ga,1,1406.8370,2394.1050,1844.6100,260.7142,200,6057,0.9000,0.0500,10,10,0.0000,0
a-n60-k9.vrp,ga,1,1406.8370,2486.7842,1838.7366,276.5433,200,6058,0.9000,0.0500,10,10,0.0000,0
a-n60-k9.vrp,ga,1,1406.8370,2580.0359,1835.7424,277.9690,200,6059,0.9000,0.0500,10,10,0.0000,0
a-n60-k9.vrp,ga,1,1406.8370,2817.2998,1871.1349,287.7029,200,6060,0.9000,0.0500,10,10,0.0000,0
a-n60-k9.vrp,ga,1,1406.8370,2716.0911,1866.9950,282.1588,200,6061,0.9000,0.0500,10,10,0.0000,0
a-n60-k9.vrp,ga,1,1406.8370,2729.6479,1883.9663,278.1334,200,6062,0.9000,0.0500,10,10,0.0000,0
a-n60-k9.vrp,ga,1,1406.8370,2664.7334,1855.9280,287.9980,200,6063,0.9000,0.0500,10,10,0.0000,0
a-n60-k9.vrp,ga,1,1406.8370,2439.0881,1857.4435,270.6451,200,6064,0.9000,0.0500,10,10,0.0000,0
a-n60-k9.vrp,ga,1,1406.8370,2438.3130,1832.0533,257.2693,200,6065,0.9000,0.0500,10,10,0.0000,0
a-n60-k9.vrp,ga,1,1406.8370,2645.0974,1846.2878,271.9689,200,6066,0.9000,0.0500,10,10,0.0000,0
a-n60-k9.vrp,ga,1,1406.8370,2530.4568,1886.1021,271.6644,200,6067,0.9000,0.0500,10,10,0.0000,0
a-n60-k9.vrp,ga,1,1406.8370,2530.7180,1875.5922,265.1879,200,6068,0.9000,0.0500,10,10,0.0000,0
a-n60-k9.vrp,ga,1,1406.8370,2558.4663,1865.0333,285.4408,200,6069,0.9000,0.0500,10,10,0.0000,0
a-n60-k9.vrp,ga,1,1406.8370,2495.9495,1866.9535,277.4529,200,6070,0.9000,0.0500,10,10,0.0000,0
a-n60-k9.vrp,ga,1,1406.8370,2693.3916,1833.8663,288.4106,200,6071,0.9000,0.0500,10,10,0.0000,0
a-n60-k9.vrp,ga,1,1406.8370,2535.6541,1868.4850,273.6612,200,6072,0.9000,0.0500,10,10,0.0000,0
a-n60-k9.vrp,ga,1,1406.8370,2741.0090,1880.3207,293.9776,200,6073,0.9000,0.0500,10,10,0.0000,0
a-n60-k9.vrp,ga,1,1406.8370,2562.9346,1889.3246,262.1253,200,6074,0.9000,0.0500,10,10,0.0000,0
a-n60-k9.vrp,ga,1,1406.8370,2636.4397,1884.2892,286.0872,200,6075,0.9000,0.0500,10,10,0.0000,0
a-n60-k9.vrp,ga,1,1406.8370,2598.8694,1895.5225,286.4365,200,6076,0.9000,0.0500,10,10,0.0000,0
a-n60-k9.vrp,ga,1,1406.8370,2473.9697,1823.6722,280.3976,200,6077,0.9000,0.0500,10,10,0.0000,0
a-n60-k9.vrp,ga,1,1406.8370,2505.9673,1857.5784,265.3212,200,6078,0.9000,0.0500,10,10,0.0000,0
a-n60-k9.vrp,ga,1,1406.8370,2445.7468,1860.4130,271.8237,200,6079,0.9000,0.0500,10,10,0.0000,0
a-n60-k9.vrp,ga,1,1406.8370,2627.4329,1846.1310,265.3962,200,6080,0.9000,0.0500,10,10,0.0000,0
a-n60-k9.vrp,ga,1,1406.8370,2566.2612,1848.9603,261.2404,200,6081,0.9000,0.0500,10,10,0.0000,0
a-n60-k9.vrp,ga,1,1406.8370,2531.8767,1857.9254,263.6242,200,6082,0.9000,0.0500,10,10,0.0000,0
a-n60-k9.vrp,ga,1,1406.8370,2481.4915,1841.3132,255.8825,200,6083,0.9000,0.0500,10,10,0.0000,0
a-n60-k9.vrp,ga,1,1406.8370,2621.1169,1854.9987,254.7438,200,6084,0.9000,0.0500,10,10,0.0000,0
a-n60-k9.vrp,ga,1,1406.8370,2682.5151,1876.1190,285.3051,200,6085,0.9000,0.0500,10,10,0.0000,0
a-n60-k9.vrp,ga,1,1406.8370,2439.0881,1816.2271,270.6396,200,6086,0.9000,0.0500,10,10,0.0000,0
a-n60-k9.vrp,ga,1,1406.8370,2577.2510,1856.9534,286.1469,200,6087,0.9000,0.0500,10,10,0.0000,0
a-n60-k9.vrp,ga,1,1406.8370,2768.1860,1848.7356,288.3872,200,6088,0.9000,0.0500,10,10,0.0000,0
a-n60-k9.vrp,ga,1,1406.8370,2475.3262,1837.8456,278.5998,200,6089,0.9000,0.0500,10,10,0.0000,0
a-n60-k9.vrp,ga,1,1406.8370,2527.7463,1852.5958,274.0467,200,6090,0.9000,0.0500,10,10,0.0000,0
a-n60-k9.vrp,ga,1,1406.8370,2470.4658,1847.7531,286.4549,200,6091,0.9000,0.0500,10,10,0.0000,0
a-n60-k9.vrp,ga,1,1406.8370,2390.0125,1861.8629,270.0083,200,6092,0.9000,0.0500,10,10,0.0000,0
a-n60-k9.vrp,ga,1,1406.8370,2625.4167,1880.4524,283.7038,200,6093,0.9000,0.0500,10,10,0.0000,0
a-n60-k9.vrp,ga,1,1406.8370,2605.8179,1904.0677,280.8298,200,6094,0.9000,0.0500,10,10,0.0000,0
a-n60-k9.vrp,ga,1,1406.8370,2625.3540,1921.1349,294.6755,200,6095,0.9000,0.0500,10,10,0.0000,0
a-n60-k9.vrp,ga,1,1406.8370,2484.7703,1895.7936,279.0074,200,6096,0.9000,0.0500,10,10,0.0000,0
a-n60-k9.vrp,ga,1,1406.8370,2427.2878,1856.4839,274.2982,200,6097,0.9000,0.0500,10,10,0.0000,0
a-n60-k9.vrp,ga,1,1406.8370,2614.6018,1885.3317,281.1564,200,6098,0.9000,0.0500,10,10,0.0000,0
a-n60-k9.vrp,ga,1,1406.8370,2702.1287,1874.4113,260.8076,200,6099,0.9000,0.0500,10,10,0.0000,0
a-n60-k9.vrp,ga,1,1406.8370,2506.8674,1879.0366,274.7781,200,6100,0.9000,0.0500,10,10,0.0000,0
a-n60-k9.vrp,ga,1,1406.8370,2512.9937,1885.8274,277.6465,200,6101,0.9000,0.0500,10,10,0.0000,0
a-n60-k9.vrp,ga,1,1406.8370,2606.1003,1896.2366,272.0740,200,6102,0.9000,0.0500,10,10,0.0000,0
a-n60-k9.vrp,ga,1,1406.8370,2542.0957,1901.7909,272.5907,200,6103,0.9000,0.0500,10,10,0.0000,0
a-n60-k9.vrp,ga,1,1406.8370,2471.8606,1903.6245,284.5870,200,6104,0.9000,0.0500,10,10,0.0000,0
a-n60-k9.vrp,ga,1,1406.8370,2515.5642,1857.3785,271.8306,200,6105,0.9000,0.0500,10,10,0.0000,0
a-n60-k9.vrp,ga,1,1406.8370,2564.2336,1852.4634,293.1635,200,6106,0.9000,0.0500,10,10,0.0000,0
a-n60-k9.vrp,ga,1,1406.8370,2756.2087,1908.3047,270.5610,200,6107,0.9000,0.0500,10,10,0.0000,0
a-n60-k9.vrp,ga,1,1406.8370,2625.3083,1920.4663,284.9732,200,6108,0.9000,0.0500,10,10,0.0000,0
a-n60-k9.vrp,ga,1,1406.8370,2575.2229,1918.7900,307.6340,200,6109,0.9000,0.0500,10,10,0.0000,0
a-n60-k9.vrp,ga,1,1406.8370,2490.3499,1902.3417,264.1966,200,6110,0.9000,0.0500,10,10,0.0000,0
a-n60-k9.vrp,ga,1,1406.8370,2630.0413,1891.9860,292.6611,200,6111,0.9000,0.0500,10,10,0.0000,0
a-n60-k9.vrp,ga,1,1406.8370,2642.4111,1894.6322,295.8053,200,6112,0.9000,0.0500,10,10,0.0000,0
a-n60-k9.vrp,ga,1,1406.8370,2615.6155,1881.9307,300.8980,200,6113,0.9000,0.0500,10,10,0.0000,0
a-n60-k9.vrp,ga,1,1406.8370,2553.8425,1876.0748,290.0333,200,6114,0.9000,0.0500,10,10,0.0000,0
a-n60-k9.vrp,ga,1,1406.8370,2573.6523,1887.6952,276.1969,200,6115,0.9000,0.0500,10,10,0.0000,0
a-n60-k9.vrp,ga,1,1406.8370,2632.5933,1920.8561,286.8869,200,6116,0.9000,0.0500,10,10,0.0000,0
a-n60-k9.vrp,ga,1,1406.8370,2463.1851,1833.3506,261.8261,200,6117,0.9000,0.0500,10,10,0.0000,0
a-n60-k9.vrp,ga,1,1406.8370,2710.1592,1864.9536,288.6170,200,6118,0.9000,0.0500,10,10,0.0000,0
a-n60-k9.vrp,ga,1,1406.8370,2711.4617,1888.3145,293.1696,200,6119,0.9000,0.0500,10,10,0.0000,0
a-n60-k9.vrp,ga,1,1406.8370,2734.2983,1847.2065,264.3161,200,6120,0.9000,0.0500,10,10,0.0000,0
a-n60-k9.vrp,ga,1,1406.8370,2416.4326,1859.7352,269.9188,200,6121,0.9000,0.0500,10,10,0.0000,0
a-n60-k9.vrp,ga,1,1406.8370,2892.4072,1883.5222,323.2642,200,6122,0.9000,0.0500,10,10,0.0000,0
a-n60-k9.vrp,ga,1,1406.8370,2799.8259,1909.0875,325.6572,200,6123,0.9000,0.0500,10,10,0.0000,0
a-n60-k9.vrp,ga,1,1406.8370,2725.4209,1893.4971,280.7012,200,6124,0.9000,0.0500,10,10,0.0000,0
a-n60-k9.vrp,ga,1,1406.8370,2714.5457,1872.5435,294.5289,200,6125,0.9000,0.0500,10,10,0.0000,0
a-n60-k9.vrp,ga,1,1406.8370,2718.0120,1906.8910,307.4635,200,6126,0.9000,0.0500,10,10,0.0000,0
a-n60-k9.vrp,ga,1,1406.8370,2710.1592,1875.9592,264.4573,200,6127,0.9000,0.0500,10,10,0.0000,0
a-n60-k9.vrp,ga,1,1406.8370,2710.1592,1911.7246,286.4733,200,6128,0.9000,0.0500,10,10,0.0000,0
a-n60-k9.vrp,ga,1,1406.8370,2710.1592,1956.2156,266.1992,200,6129,0.9000,0.0500,10,10,0.0000,0
a-n60-k9.vrp,ga,1,1406.8370,2850.3533,1931.2045,304.2972,200,6130,0.9000,0.0500,10,10,0.0000,0
a-n60-k9.vrp,ga,1,1406.8370,2984.3159,1923.7164,296.1051,200,6131,0.9000,0.0500,10,10,0.0000,0
a-n60-k9.vrp,ga,1,1406.8370,2714.3728,1917.4371,310.7525,200,6132,0.9000,0.0500,10,10,0.0000,0
a-n60-k9.vrp,ga,1,1406.8370,2720.2971,1921.4387,315.3361,200,6133,0.9000,0.0500,10,10,0.0000,0
a-n60-k9.vrp,ga,1,1406.8370,2774.9028,1924.3602,333.0605,200,6134,0.9000,0.0500,10,10,0.0000,0
a-n60-k9.vrp,ga,1,1406.8370,2774.3748,1891.3267,310.7361,200,6135,0.9000,0.0500,10,10,0.0000,0
a-n60-k9.vrp,ga,1,1406.8370,2710.1592,1897.7104,274.9008,200,6136,0.9000,0.0500,10,10,0.0000,0
a-n60-k9.vrp,ga,1,1406.8370,2850.1892,1912.8778,332.8303,200,6137,0.9000,0.0500,10,10,0.0000,0
a-n60-k9.vrp,ga,1,1406.8370,2846.5613,1904.9849,324.0912,200,6138,0.9000,0.0500,10,10,0.0000,0
a-n60-k9.vrp,ga,1,1406.8370,2642.2317,1853.8666,287.2138,200,6139,0.9000,0.0500,10,10,0.0000,0
a-n60-k9.vrp,ga,1,1406.8370,2671.0388,1898.1542,291.6030,200,6140,0.9000,0.0500,10,10,0.0000,0
a-n60-k9.vrp,ga,1,1406.8370,2683.6982,1870.0425,309.8462,200,6141,0.9000,0.0500,10,10,0.0000,0
a-n60-k9.vrp,ga,1,1406.8370,2774.9028,1831.9481,312.0229,200,6142,0.9000,0.0500,10,10,0.0000,0
a-n60-k9.vrp,ga,1,1406.8370,2708.0781,1930.4922,296.9097,200,6143,0.9000,0.0500,10,10,0.0000,0
a-n60-k9.vrp,ga,1,1406.8370,2720.0479,1878.5427,266.6195,200,6144,0.9000,0.0500,10,10,0.0000,0
a-n60-k9.vrp,ga,1,1406.8370,2573.7004,1888.7960,282.3900,200,6145,0.9000,0.0500,10,10,0.0000,0
a-n60-k9.vrp,ga,1,1406.8370,2755.3101,1884.5637,284.4718,200,6146,0.9000,0.0500,10,10,0.0000,0
a-n60-k9.vrp,ga,1,1406.8370,2630.3940,1897.7932,249.7959,200,6147,0.9000,0.0500,10,10,0.0000,0
a-n60-k9.vrp,ga,1,1406.8370,2719.4519,1930.9143,293.6696,200,6148,0.9000,0.0500,10,10,0.0000,0
a-n60-k9.vrp,ga,1,1406.8370,2888.8606,1886.8904,310.9283,200,6149,0.9000,0.0500,10,10,0.0000,0
a-n60-k9.vrp,ga,1,1406.8370,2710.1592,1869.0695,288.9030,200,6150,0.9000,0.0500,10,10,0.0000,0
a-n60-k9.vrp,ga,1,1406.8370,2674.8770,1844.7074,266.7935,200,6151,0.9000,0.0500,10,10,0.0000,0
a-n60-k9.vrp,ga,1,1406.8370,2710.1592,1872.8053,319.1024,200,6152,0.9000,0.0500,10,10,0.0000,0
a-n60-k9.vrp,ga,1,1406.8370,2747.8770,1925.3186,308.8640,200,6153,0.9000,0.0500,10,10,0.0000,0
a-n60-k9.vrp,ga,1,1406.8370,2710.1592,1895.6932,288.5648,200,6154,0.9000,0.0500,10,10,0.0000,0
a-n60-k9.vrp,ga,1,1406.8370,2852.9709,1904.7397,292.0944,200,6155,0.9000,0.0500,10,10,0.0000,0
a-n60-k9.vrp,ga,1,1406.8370,2977.6001,1901.7631,272.4594,200,6156,0.9000,0.0500,10,10,0.0000,0
a-n60-k9.vrp,ga,1,1406.8370,2629.7856,1863.9363,283.9053,200,6157,0.9000,0.0500,10,10,0.0000,0
a-n60-k9.vrp,ga,1,1406.8370,2710.1592,1853.5632,306.0413,200,6158,0.9000,0.0500,10,10,0.0000,0
a-n60-k9.vrp,ga,1,1406.8370,2710.1592,1852.8247,275.3097,200,6159,0.9000,0.0500,10,10,0.0000,0
a-n60-k9.vrp,ga,1,1406.8370,2670.1553,1850.9860,287.2972,200,6160,0.9000,0.0500,10,10,0.0000,0
a-n60-k9.vrp,ga,1,1406.8370,2710.1592,1875.2631,282.2987,200,6161,0.9000,0.0500,10,10,0.0000,0
a-n60-k9.vrp,ga,1,1406.8370,2892.4072,1881.5182,285.2845,200,6162,0.9000,0.0500,10,10,0.0000,0
a-n60-k9.vrp,ga,1,1406.8370,2873.4331,1880.9469,260.9367,200,6163,0.9000,0.0500,10,10,0.0000,0
a-n60-k9.vrp,ga,1,1406.8370,2710.1592,1893.1383,321.9883,200,6164,0.9000,0.0500,10,10,0.0000,0
a-n60-k9.vrp,ga,1,1406.8370,2755.1255,1828.7399,286.4188,200,6165,0.9000,0.0500,10,10,0.0000,0
a-n60-k9.vrp,ga,1,1406.8370,2624.6155,1855.3209,290.1929,200,6166,0.9000,0.0500,10,10,0.0000,0
a-n60-k9.vrp,ga,1,1406.8370,2710.1592,1897.7183,281.9343,200,6167,0.9000,0.0500,10,10,0.0000,0
a-n60-k9.vrp,ga,1,1406.8370,2788.5520,1900.3827,303.2449,200,6168,0.9000,0.0500,10,10,0.0000,0
a-n60-k9.vrp,ga,1,1406.8370,2679.8845,1844.3785,265.9407,200,6169,0.9000,0.0500,10,10,0.0000,0
a-n60-k9.vrp,ga,1,1406.8370,2844.3086,1903.6893,304.5986,200,6170,0.9000,0.0500,10,10,0.0000,0
a-n60-k9.vrp,ga,1,1406.8370,2464.2246,1867.5388,277.1611,200,6171,0.9000,0.0500,10,10,0.0000,0
a-n60-k9.vrp,ga,1,1406.8370,2762.8247,1879.2343,290.3004,200,6172,0.9000,0.0500,10,10,0.0000,0
a-n60-k9.vrp,ga,1,1406.8370,2800.9673,1880.5635,295.3003,200,6173,0.9000,0.0500,10,10,0.0000,0
a-n60-k9.vrp,ga,1,1406.8370,2666.4187,1878.9532,266.9621,200,6174,0.9000,0.0500,10,10,0.0000,0
a-n60-k9.vrp,ga,1,1406.8370,2710.1592,1885.6399,303.1574,200,6175,0.9000,0.0500,10,10,0.0000,0
a-n60-k9.vrp,ga,1,1406.8370,2682.3291,1921.0352,281.8953,200,6176,0.9000,0.0500,10,10,0.0000,0
a-n60-k9.vrp,ga,1,1406.8370,2790.8867,1870.0156,289.1188,200,6177,0.9000,0.0500,10,10,0.0000,0
a-n60-k9.vrp,ga,1,1406.8370,2587.2490,1858.4104,290.3102,200,6178,0.9000,0.0500,10,10,0.0000,0
a-n60-k9.vrp,ga,1,1406.8370,2710.1592,1907.7214,287.2959,200,6179,0.9000,0.0500,10,10,0.0000,0
a-n60-k9.vrp,ga,1,1406.8370,2727.5408,1901.5378,304.1598,200,6180,0.9000,0.0500,10,10,0.0000,0
a-n60-k9.vrp,ga,1,1406.8370,2765.1345,1879.2804,308.9698,200,6181,0.9000,0.0500,10,10,0.0000,0
a-n60-k9.vrp,ga,1,1406.8370,2870.9519,1904.6998,322.9656,200,6182,0.9000,0.0500,10,10,0.0000,0
a-n60-k9.vrp,ga,1,1406.8370,2710.0068,1910.3484,280.3211,200,6183,0.9000,0.0500,10,10,0.0000,0
a-n60-k9.vrp,ga,1,1406.8370,2689.6418,1873.8097,252.5393,200,6184,0.9000,0.0500,10,10,0.0000,0
a-n60-k9.vrp,ga,1,1406.8370,2867.9092,1932.1069,305.6304,200,6185,0.9000,0.0500,10,10,0.0000,0
a-n60-k9.vrp,ga,1,1406.8370,2721.4053,1880.1515,291.6489,200,6186,0.9000,0.0500,10,10,0.0000,0
a-n60-k9.vrp,ga,1,1406.8370,2688.2161,1872.5800,279.8802,200,6187,0.9000,0.0500,10,10,0.0000,0
a-n60-k9.vrp,ga,1,1406.8370,2990.5132,1903.5409,295.3098,200,6188,0.9000,0.0500,10,10,0.0000,0
a-n60-k9.vrp,ga,1,1406.8370,2710.1592,1920.5135,290.7311,200,6189,0.9000,0.0500,10,10,0.0000,0
a-n60-k9.vrp,ga,1,1406.8370,2710.1592,1910.9275,300.2784,200,6190,0.9000,0.0500,10,10,0.0000,0
a-n60-k9.vrp,ga,1,1406.8370,2710.1592,1848.3840,282.4623,200,6191,0.9000,0.0500,10,10,0.0000,0
a-n60-k9.vrp,ga,1,1406.8370,2759.2715,1867.2202,293.3648,200,6192,0.9000,0.0500,10,10,0.0000,0
a-n60-k9.vrp,ga,1,1406.8370,2880.9094,1904.2252,299.8751,200,6193,0.9000,0.0500,10,10,0.0000,0
a-n60-k9.vrp,ga,1,1406.8370,2725.4209,1882.0262,301.6544,200,6194,0.9000,0.0500,10,10,0.0000,0
a-n60-k9.vrp,ga,1,1406.8370,2713.4607,1901.6536,289.9772,200,6195,0.9000,0.0500,10,10,0.0000,0
a-n60-k9.vrp,ga,1,1406.8370,2859.7490,1868.8793,297.8113,200,6196,0.9000,0.0500,10,10,0.0000,0
a-n60-k9.vrp,ga,1,1406.8370,2877.1484,1849.9850,295.6892,200,6197,0.9000,0.0500,10,10,0.0000,0
a-n60-k9.vrp,ga,1,1406.8370,2393.8223,1847.6136,262.1031,200,6198,0.9000,0.0500,10,10,0.0000,0
a-n60-k9.vrp,ga,1,1406.8370,2883.6221,1869.6282,305.7430,200,6199,0.9000,0.0500,10,10,0.0000,0
a-n60-k9.vrp,ga,1,1406.8370,2868.9932,1893.6113,310.7911,200,6200,0.9000,0.0500,10,10,0.0000,0
a-n60-k9.vrp,ga,1,1406.8370,2710.1592,1928.3969,321.4070,200,6201,0.9000,0.0500,10,10,0.0000,0
a-n60-k9.vrp,ga,1,1406.8370,2745.6492,1897.2557,299.6787,200,6202,0.9000,0.0500,10,10,0.0000,0
a-n60-k9.vrp,ga,1,1406.8370,2724.7024,1876.5348,302.3709,200,6203,0.9000,0.0500,10,10,0.0000,0
a-n60-k9.vrp,ga,1,1406.8370,2730.9624,1870.9114,275.1595,200,6204,0.9000,0.0500,10,10,0.0000,0
a-n60-k9.vrp,ga,1,1406.8370,2540.9199,1858.5265,293.9384,200,6205,0.9000,0.0500,10,10,0.0000,0
a-n60-k9.vrp,ga,1,1406.8370,2452.5132,1867.4697,276.4362,200,6206,0.9000,0.0500,10,10,0.0000,0
a-n60-k9.vrp,ga,1,1406.8370,2710.1592,1872.6879,289.8027,200,6207,0.9000,0.0500,10,10,0.0000,0
a-n60-k9.vrp,ga,1,1406.8370,2622.6912,1868.2371,271.0864,200,6208,0.9000,0.0500,10,10,0.0000,0
a-n60-k9.vrp,ga,1,1406.8370,2664.6218,1842.1531,290.6529,200,6209,0.9000,0.0500,10,10,0.0000,0
a-n60-k9.vrp,ga,1,1406.8370,2719.1543,1834.5084,291.5550,200,6210,0.9000,0.0500,10,10,0.0000,0
a-n60-k9.vrp,ga,1,1406.8370,2674.6470,1828.0420,287.0937,200,6211,0.9000,0.0500,10,10,0.0000,0
a-n60-k9.vrp,ga,1,1406.8370,2586.8259,1848.1089,271.5172,200,6212,0.9000,0.0500,10,10,0.0000,0
a-n60-k9.vrp,ga,1,1406.8370,2823.7751,1871.1852,269.8589,200,6213,0.9000,0.0500,10,10,0.0000,0
a-n60-k9.vrp,ga,1,1406.8370,2787.7302,1871.3877,282.1639,200,6214,0.9000,0.0500,10,10,0.0000,0
a-n60-k9.vrp,ga,1,1406.8370,2778.0254,1850.4598,295.5000,200,6215,0.9000,0.0500,10,10,0.0000,0
a-n60-k9.vrp,ga,1,1406.8370,2544.7231,1828.2784,275.9605,200,6216,0.9000,0.0500,10,10,0.0000,0
a-n60-k9.vrp,ga,1,1406.8370,2578.8093,1863.1766,280.7155,200,6217,0.9000,0.0500,10,10,0.0000,0
a-n60-k9.vrp,ga,1,1406.8370,2710.1592,1837.7467,292.0798,200,6218,0.9000,0.0500,10,10,0.0000,0
a-n60-k9.vrp,ga,1,1406.8370,2629.5315,1858.0660,283.8217,200,6219,0.9000,0.0500,10,10,0.0000,0
a-n60-k9.vrp,ga,1,1406.8370,2878.6460,1853.4075,303.6480,200,6220,0.9000,0.0500,10,10,0.0000,0
a-n60-k9.vrp,ga,1,1406.8370,2727.3601,1870.3909,276.0154,200,6221,0.9000,0.0500,10,10,0.0000,0
a-n60-k9.vrp,ga,1,1406.8370,2768.7466,1872.1423,295.3575,200,6222,0.9000,0.0500,10,10,0.0000,0
a-n60-k9.vrp,ga,1,1406.8370,2751.8552,1882.1544,293.6658,200,6223,0.9000,0.0500,10,10,0.0000,0
a-n60-k9.vrp,ga,1,1406.8370,2798.9719,1854.0675,296.4223,200,6224,0.9000,0.0500,10,10,0.0000,0
a-n60-k9.vrp,ga,1,1406.8370,2710.1592,1868.2524,297.9463,200,6225,0.9000,0.0500,10,10,0.0000,0
a-n60-k9.vrp,ga,1,1406.8370,2710.1592,1886.2892,300.0301,200,6226,0.9000,0.0500,10,10,0.0000,0
a-n60-k9.vrp,ga,1,1406.8370,2773.8779,1898.4084,300.0685,200,6227,0.9000,0.0500,10,10,0.0000,0
a-n60-k9.vrp,ga,1,1406.8370,2710.1592,1859.7908,309.0262,200,6228,0.9000,0.0500,10,10,0.0000,0
a-n60-k9.vrp,ga,1,1406.8370,2599.3726,1833.9126,272.1751,200,6229,0.9000,0.0500,10,10,0.0000,0
a-n60-k9.vrp,ga,1,1406.8370,2828.5208,1890.6184,307.6972,200,6230,0.9000,0.0500,10,10,0.0000,0
a-n60-k9.vrp,ga,1,1406.8370,2798.8254,1855.2878,314.1109,200,6231,0.9000,0.0500,10,10,0.0000,0
a-n60-k9.vrp,ga,1,1406.8370,2734.4028,1903.9061,291.7288,200,6232,0.9000,0.0500,10,10,0.0000,0
a-n60-k9.vrp,ga,1,1406.8370,2710.1592,1900.6920,289.9955,200,6233,0.9000,0.0500,10,10,0.0000,0
a-n60-k9.vrp,ga,1,1406.8370,2673.5117,1918.3420,283.2437,200,6234,0.9000,0.0500,10,10,0.0000,0
a-n60-k9.vrp,ga,1,1406.8370,2787.5845,1890.6370,303.6863,200,6235,0.9000,0.0500,10,10,0.0000,0
a-n60-k9.vrp,ga,1,1406.8370,2969.9058,1870.3879,326.8247,200,6236,0.9000,0.0500,10,10,0.0000,0
a-n60-k9.vrp,ga,1,1406.8370,2654.1707,1885.4565,308.9556,200,6237,0.9000,0.0500,10,10,0.0000,0
a-n60-k9.vrp,ga,1,1406.8370,2870.9961,1901.5007,314.3268,200,6238,0.9000,0.0500,10,10,0.0000,0
a-n60-k9.vrp,ga,1,1406.8370,2710.1592,1881.3567,291.2122,200,6239,0.9000,0.0500,10,10,0.0000,0
a-n60-k9.vrp,ga,1,1406.8370,2998.8044,1908.9310,292.4784,200,6240,0.9000,0.0500,10,10,0.0000,0
a-n60-k9.vrp,ga,1,1406.8370,2930.0474,1938.0514,298.3351,200,6241,0.9000,0.0500,10,10,0.0000,0
a-n60-k9.vrp,ga,1,1406.8370,2752.9409,1919.9445,316.8514,200,6242,0.9000,0.0500,10,10,0.0000,0
a-n60-k9.vrp,ga,1,1406.8370,2783.7747,1925.2606,299.4242,200,6243,0.9000,0.0500,10,10,0.0000,0
a-n60-k9.vrp,ga,1,1406.8370,2812.6777,1874.1865,290.1443,200,6244,0.9000,0.0500,10,10,0.0000,0
a-n60-k9.vrp,ga,1,1406.8370,2803.4583,1856.6697,289.7353,200,6245,0.9000,0.0500,10,10,0.0000,0
a-n60-k9.vrp,ga,1,1406.8370,2930.0474,1848.9961,310.4324,200,6246,0.9000,0.0500,10,10,0.0000,0
a-n60-k9.vrp,ga,1,1406.8370,2638.5627,1825.6973,288.3298,200,6247,0.9000,0.0500,10,10,0.0000,0
a-n60-k9.vrp,ga,1,1406.8370,2802.8467,1868.4430,292.8058,200,6248,0.9000,0.0500,10,10,0.0000,0
a-n60-k9.vrp,ga,1,1406.8370,2565.6182,1844.3173,285.1416,200,6249,0.9000,0.0500,10,10,0.0000,0
a-n60-k9.vrp,ga,1,1406.8370,2535.3188,1868.0740,265.6863,200,6250,0.9000,0.0500,10,10,0.0000,0
a-n60-k9.vrp,ga,1,1406.8370,2639.2966,1859.0596,278.9136,200,6251,0.9000,0.0500,10,10,0.0000,0
a-n60-k9.vrp,ga,1,1406.8370,2644.2544,1835.1151,294.0086,200,6252,0.9000,0.0500,10,10,0.0000,0
a-n60-k9.vrp,ga,1,1406.8370,2841.5337,1889.4454,292.8785,200,6253,0.9000,0.0500,10,10,0.0000,0
a-n60-k9.vrp,ga,1,1406.8370,2760.4949,1915.6113,311.7313,200,6254,0.9000,0.0500,10,10,0.0000,0
a-n60-k9.vrp,ga,1,1406.8370,2710.1592,1887.4810,292.2800,200,6255,0.9000,0.0500,10,10,0.0000,0
a-n60-k9.vrp,ga,1,1406.8370,2862.2490,1895.4043,323.6844,200,6256,0.9000,0.0500,10,10,0.0000,0
a-n60-k9.vrp,ga,1,1406.8370,2864.2063,1870.0514,311.8281,200,6257,0.9000,0.0500,10,10,0.0000,0
a-n60-k9.vrp,ga,1,1406.8370,2845.6155,1903.3177,270.2458,200,6258,0.9000,0.0500,10,10,0.0000,0
a-n60-k9.vrp,ga,1,1406.8370,2919.6963,1932.1750,311.3842,200,6259,0.9000,0.0500,10,10,0.0000,0
a-n60-k9.vrp,ga,1,1406.8370,2845.6155,1907.4846,311.7284,200,6260,0.9000,0.0500,10,10,0.0000,0
a-n60-k9.vrp,ga,1,1406.8370,2706.5076,1882.2766,283.0930,200,6261,0.9000,0.0500,10,10,0.0000,0
a-n60-k9.vrp,ga,1,1406.8370,2928.3857,1896.1699,290.2095,200,6262,0.9000,0.0500,10,10,0.0000,0
a-n60-k9.vrp,ga,1,1406.8370,2845.6155,1888.4594,302.1960,200,6263,0.9000,0.0500,10,10,0.0000,0
a-n60-k9.vrp,ga,1,1406.8370,2910.2734,1867.7017,307.6651,200,6264,0.9000,0.0500,10,10,0.0000,0
a-n60-k9.vrp,ga,1,1406.8370,2897.7612,1883.2815,290.2236,200,6265,0.9000,0.0500,10,10,0.0000,0
a-n60-k9.vrp,ga,1,1406.8370,2453.6763,1892.3696,257.0482,200,6266,0.9000,0.0500,10,10,0.0000,0
a-n60-k9.vrp,ga,1,1406.8370,2845.6155,1926.6913,322.1376,200,6267,0.9000,0.0500,10,10,0.0000,0
a-n60-k9.vrp,ga,1,1406.8370,2927.3459,1905.3247,310.7206,200,6268,0.9000,0.0500,10,10,0.0000,0
a-n60-k9.vrp,ga,1,1406.8370,2602.0593,1891.8965,312.6128,200,6269,0.9000,0.0500,10,10,0.0000,0
a-n60-k9.vrp,ga,1,1406.8370,2845.6155,1910.0078,321.0549,200,6270,0.9000,0.0500,10,10,0.0000,0
a-n60-k9.vrp,ga,1,1406.8370,2845.6155,1882.9290,301.7809,200,6271,0.9000,0.0500,10,10,0.0000,0
a-n60-k9.vrp,ga,1,1406.8370,2874.7407,1887.3723,297.2460,200,6272,0.9000,0.0500,10,10,0.0000,0
a-n60-k9.vrp,ga,1,1406.8370,2845.6155,1928.6542,299.4991,200,6273,0.9000,0.0500,10,10,0.0000,0
a-n60-k9.vrp,ga,1,1406.8370,2845.6155,1963.4080,292.7456,200,6274,0.9000,0.0500,10,10,0.0000,0
a-n60-k9.vrp,ga,1,1406.8370,2794.1301,1981.6550,289.4298,200,6275,0.9000,0.0500,10,10,0.0000,0
a-n60-k9.vrp,ga,1,1406.8370,2737.0452,1960.8467,308.1385,200,6276,0.9000,0.0500,10,10,0.0000,0
a-n60-k9.vrp,ga,1,1406.8370,2709.4849,1941.3407,303.9291,200,6277,0.9000,0.0500,10,10,0.0000,0
a-n60-k9.vrp,ga,1,1406.8370,2697.1892,1962.0747,303.4007,200,6278,0.9000,0.0500,10,10,0.0000,0
a-n60-k9.vrp,ga,1,1406.8370,2788.5200,1933.2025,322.3736,200,6279,0.9000,0.0500,10,10,0.0000,0
a-n60-k9.vrp,ga,1,1406.8370,2845.6155,1998.7242,295.9576,200,6280,0.9000,0.0500,10,10,0.0000,0
a-n60-k9.vrp,ga,1,1406.8370,2845.6155,1972.7988,312.9516,200,6281,0.9000,0.0500,10,10,0.0000,0
a-n60-k9.vrp,ga,1,1406.8370,2867.2358,1945.4728,338.2005,200,6282,0.9000,0.0500,10,10,0.0000,0
a-n60-k9.vrp,ga,1,1406.8370,2845.6155,1910.6371,309.4744,200,6283,0.9000,0.0500,10,10,0.0000,0
a-n60-k9.vrp,ga,1,1406.8370,2927.5415,1921.9047,335.2180,200,6284,0.9000,0.0500,10,10,0.0000,0
a-n60-k9.vrp,ga,1,1406.8370,2874.7407,1915.5659,290.1492,200,6285,0.9000,0.0500,10,10,0.0000,0
a-n60-k9.vrp,ga,1,1406.8370,2845.6155,1941.0179,306.5219,200,6286,0.9000,0.0500,10,10,0.0000,0
a-n60-k9.vrp,ga,1,1406.8370,2812.3113,1968.0573,327.9790,200,6287,0.9000,0.0500,10,10,0.0000,0
a-n60-k9.vrp,ga,1,1406.8370,2845.6155,1931.6954,300.3839,200,6288,0.9000,0.0500,10,10,0.0000,0
a-n60-k9.vrp,ga,1,1406.8370,2886.4402,1903.5765,300.5177,200,6289,0.9000,0.0500,10,10,0.0000,0
a-n60-k9.vrp,ga,1,1406.8370,2746.7947,1885.7186,310.6584,200,6290,0.9000,0.0500,10,10,0.0000,0
a-n60-k9.vrp,ga,1,1406.8370,2930.2319,1904.8380,284.3074,200,6291,0.9000,0.0500,10,10,0.0000,0
a-n60-k9.vrp,ga,1,1406.8370,2875.5166,1943.1293,325.9443,200,6292,0.9000,0.0500,10,10,0.0000,0
a-n60-k9.vrp,ga,1,1406.8370,2482.5134,1909.4611,278.3305,200,6293,0.9000,0.0500,10,10,0.0000,0
a-n60-k9.vrp,ga,1,1406.8370,2738.7395,1905.4243,300.3703,200,6294,0.9000,0.0500,10,10,0.0000,0
a-n60-k9.vrp,ga,1,1406.8370,2840.4290,1950.1019,300.3060,200,6295,0.9000,0.0500,10,10,0.0000,0
a-n60-k9.vrp,ga,1,1406.8370,2612.7122,1938.3361,310.7541,200,6296,0.9000,0.0500,10,10,0.0000,0
a-n60-k9.vrp,ga,1,1406.8370,2577.2913,1922.4561,294.6700,200,6297,0.9000,0.0500,10,10,0.0000,0
a-n60-k9.vrp,ga,1,1406.8370,2632.5298,1916.7875,279.1479,200,6298,0.9000,0.0500,10,10,0.0000,0
a-n60-k9.vrp,ga,1,1406.8370,2624.0457,1900.5029,271.9107,200,6299,0.9000,0.0500,10,10,0.0000,0
a-n60-k9.vrp,ga,1,1406.8370,2519.5569,1899.8096,282.7990,200,6300,0.9000,0.0500,10,10,0.0000,0
a-n60-k9.vrp,ga,1,1406.8370,2643.4692,1921.6974,291.4777,200,6301,0.9000,0.0500,10,10,0.0000,0
a-n60-k9.vrp,ga,1,1406.8370,2614.9514,1946.2214,288.0717,200,6302,0.9000,0.0500,10,10,0.0000,0
a-n60-k9.vrp,ga,1,1406.8370,2631.3289,1936.0331,299.2677,200,6303,0.9000,0.0500,10,10,0.0000,0
a-n60-k9.vrp,ga,1,1406.8370,2739.2117,1940.5277,309.8780,200,6304,0.9000,0.0500,10,10,0.0000,0
a-n60-k9.vrp,ga,1,1406.8370,2538.6079,1908.5663,298.5509,200,6305,0.9000,0.0500,10,10,0.0000,0
a-n60-k9.vrp,ga,1,1406.8370,2710.1165,1890.3691,281.2240,200,6306,0.9000,0.0500,10,10,0.0000,0
a-n60-k9.vrp,ga,1,1406.8370,2528.8296,1886.1438,285.9664,200,6307,0.9000,0.0500,10,10,0.0000,0
a-n60-k9.vrp,ga,1,1406.8370,2445.8057,1861.2875,284.5240,200,6308,0.9000,0.0500,10,10,0.0000,0
a-n60-k9.vrp,ga,1,1406.8370,2464.9421,1823.4257,261.6010,200,6309,0.9000,0.0500,10,10,0.0000,0
a-n60-k9.vrp,ga,1,1406.8370,2411.7288,1835.6168,255.7824,200,6310,0.9000,0.0500,10,10,0.0000,0
a-n60-k9.vrp,ga,1,1406.8370,2440.3708,1849.6342,283.2387,200,6311,0.9000,0.0500,10,10,0.0000,0
a-n60-k9.vrp,ga,1,1406.8370,2413.8955,1878.7628,242.7897,200,6312,0.9000,0.0500,10,10,0.0000,0
a-n60-k9.vrp,ga,1,1406.8370,2507.9214,1852.9669,277.5381,200,6313,0.9000,0.0500,10,10,0.0000,0
a-n60-k9.vrp,ga,1,1406.8370,2499.1499,1860.4570,275.1881,200,6314,0.9000,0.0500,10,10,0.0000,0
a-n60-k9.vrp,ga,1,1406.8370,2372.4780,1838.6995,254.4316,200,6315,0.9000,0.0500,10,10,0.0000,0
a-n60-k9.vrp,ga,1,1406.8370,2624.6230,1883.3652,273.7449,200,6316,0.9000,0.0500,10,10,0.0000,0
a-n60-k9.vrp,ga,1,1406.8370,2601.8762,1864.0660,262.2245,200,6317,0.9000,0.0500,10,10,0.0000,0
a-n60-k9.vrp,ga,1,1406.8370,2506.8311,1847.3983,261.4955,200,6318,0.9000,0.0500,10,10,0.0000,0
a-n60-k9.vrp,ga,1,1406.8370,2625.9900,1883.1492,295.2838,200,6319,0.9000,0.0500,10,10,0.0000,0
a-n60-k9.vrp,ga,1,1406.8370,2493.3689,1844.2955,276.6996,200,6320,0.9000,0.0500,10,10,0.0000,0
a-n60-k9.vrp,ga,1,1406.8370,2583.1902,1866.0773,285.6077,200,6321,0.9000,0.0500,10,10,0.0000,0
a-n60-k9.vrp,ga,1,1406.8370,2471.2563,1852.2274,277.8060,200,6322,0.9000,0.0500,10,10,0.0000,0
a-n60-k9.vrp,ga,1,1406.8370,2581.0308,1871.3992,263.8213,200,6323,0.9000,0.0500,10,10,0.0000,0
a-n60-k9.vrp,ga,1,1406.8370,2577.3318,1901.0956,271.8495,200,6324,0.9000,0.0500,10,10,0.0000,0
a-n60-k9.vrp,ga,1,1406.8370,2495.9417,1868.1680,285.3778,200,6325,0.9000,0.0500,10,10,0.0000,0
a-n60-k9.vrp,ga,1,1406.8370,2653.9675,1905.5575,304.4183,200,6326,0.9000,0.0500,10,10,0.0000,0
a-n60-k9.vrp,ga,1,1406.8370,2512.1116,1838.8757,289.3681,200,6327,0.9000,0.0500,10,10,0.0000,0
a-n60-k9.vrp,ga,1,1406.8370,2622.2546,1868.7366,272.0763,200,6328,0.9000,0.0500,10,10,0.0000,0
a-n60-k9.vrp,ga,1,1406.8370,2584.7456,1877.5659,294.1557,200,6329,0.9000,0.0500,10,10,0.0000,0
a-n60-k9.vrp,ga,1,1406.8370,2768.3447,1867.3964,308.7193,200,6330,0.9000,0.0500,10,10,0.0000,0
a-n60-k9.vrp,ga,1,1406.8370,2536.3250,1858.3781,286.0593,200,6331,0.9000,0.0500,10,10,0.0000,0
a-n60-k9.vrp,ga,1,1406.8370,2549.8594,1869.4706,289.2950,200,6332,0.9000,0.0500,10,10,0.0000,0
a-n60-k9.vrp,ga,1,1406.8370,2431.2310,1848.7885,271.6518,200,6333,0.9000,0.0500,10,10,0.0000,0
a-n60-k9.vrp,ga,1,1406.8370,2531.1355,1867.6340,277.1078,200,6334,0.9000,0.0500,10,10,0.0000,0
a-n60-k9.vrp,ga,1,1406.8370,2722.8308,1886.2618,295.8545,200,6335,0.9000,0.0500,10,10,0.0000,0
a-n60-k9.vrp,ga,1,1406.8370,2427.3184,1869.1422,275.2564,200,6336,0.9000,0.0500,10,10,0.0000,0
a-n60-k9.vrp,ga,1,1406.8370,2629.9995,1919.2074,283.2664,200,6337,0.9000,0.0500,10,10,0.0000,0
a-n60-k9.vrp,ga,1,1406.8370,2571.0347,1915.6923,279.7339,200,6338,0.9000,0.0500,10,10,0.0000,0
a-n60-k9.vrp,ga,1,1406.8370,2638.9697,1902.3881,290.8707,200,6339,0.9000,0.0500,10,10,0.0000,0
a-n60-k9.vrp,ga,1,1406.8370,2498.9895,1897.8888,291.2740,200,6340,0.9000,0.0500,10,10,0.0000,0
a-n60-k9.vrp,ga,1,1406.8370,2551.3359,1867.3669,272.8830,200,6341,0.9000,0.0500,10,10,0.0000,0
a-n60-k9.vrp,ga,1,1406.8370,2636.7654,1916.0601,285.2672,200,6342,0.9000,0.0500,10,10,0.0000,0
a-n60-k9.vrp,ga,1,1406.8370,2674.2986,1864.6915,278.1251,200,6343,0.9000,0.0500,10,10,0.0000,0
a-n60-k9.vrp,ga,1,1406.8370,3005.3286,1862.0679,265.9167,200,6344,0.9000,0.0500,10,10,0.0000,0
a-n60-k9.vrp,ga,1,1406.8370,2644.8386,1853.7213,275.0895,200,6345,0.9000,0.0500,10,10,0.0000,0
a-n60-k9.vrp,ga,1,1406.8370,2507.3862,1823.4141,284.4206,200,6346,0.9000,0.0500,10,10,0.0000,0
a-n60-k9.vrp,ga,1,1406.8370,2565.3987,1867.0452,294.4200,200,6347,0.9000,0.0500,10,10,0.0000,0
a-n60-k9.vrp,ga,1,1406.8370,2356.9680,1838.4215,250.3459,200,6348,0.9000,0.0500,10,10,0.0000,0
a-n60-k9.vrp,ga,1,1406.8370,2592.2197,1859.3190,269.9638,200,6349,0.9000,0.0500,10,10,0.0000,0
a-n60-k9.vrp,ga,1,1406.8370,2555.4360,1864.3878,295.1683,200,6350,0.9000,0.0500,10,10,0.0000,0
a-n60-k9.vrp,ga,1,1406.8370,2442.3652,1852.3914,274.7893,200,6351,0.9000,0.0500,10,10,0.0000,0
a-n60-k9.vrp,ga,1,1406.8370,2597.1353,1906.6376,287.1570,200,6352,0.9000,0.0500,10,10,0.0000,0
a-n60-k9.vrp,ga,1,1406.8370,2647.4856,1868.4696,293.5918,200,6353,0.9000,0.0500,10,10,0.0000,0
a-n60-k9.vrp,ga,1,1406.8370,2568.5896,1886.7101,296.5421,200,6354,0.9000,0.0500,10,10,0.0000,0
a-n60-k9.vrp,ga,1,1406.8370,2642.1257,1876.5436,286.0068,200,6355,0.9000,0.0500,10,10,0.0000,0
a-n60-k9.vrp,ga,1,1406.8370,2415.9946,1865.1958,289.9977,200,6356,0.9000,0.0500,10,10,0.0000,0
a-n60-k9.vrp,ga,1,1406.8370,2804.8450,1886.7207,302.3143,200,6357,0.9000,0.0500,10,10,0.0000,0
a-n60-k9.vrp,ga,1,1406.8370,2517.2585,1886.0503,283.7227,200,6358,0.9000,0.0500,10,10,0.0000,0
a-n60-k9.vrp,ga,1,1406.8370,2583.7087,1877.8486,297.8492,200,6359,0.9000,0.0500,10,10,0.0000,0
a-n60-k9.vrp,ga,1,1406.8370,2584.1824,1871.8037,260.2244,200,6360,0.9000,0.0500,10,10,0.0000,0
a-n60-k9.vrp,ga,1,1406.8370,2515.5317,1921.6832,276.2762,200,6361,0.9000,0.0500,10,10,0.0000,0
a-n60-k9.vrp,ga,1,1406.8370,2829.7048,1946.1544,289.6820,200,6362,0.9000,0.0500,10,10,0.0000,0
a-n60-k9.vrp,ga,1,1406.8370,2596.1089,1896.1593,289.9493,200,6363,0.9000,0.0500,10,10,0.0000,0
a-n60-k9.vrp,ga,1,1406.8370,2444.5608,1888.2677,262.9644,200,6364,0.9000,0.0500,10,10,0.0000,0
a-n60-k9.vrp,ga,1,1406.8370,2562.4661,1916.4041,258.3693,200,6365,0.9000,0.0500,10,10,0.0000,0
a-n60-k9.vrp,ga,1,1406.8370,2597.8716,1890.3484,283.9750,200,6366,0.9000,0.0500,10,10,0.0000,0
a-n60-k9.vrp,ga,1,1406.8370,2446.2085,1853.1815,272.4844,200,6367,0.9000,0.0500,10,10,0.0000,0
a-n60-k9.vrp,ga,1,1406.8370,2423.5085,1858.2168,265.4808,200,6368,0.9000,0.0500,10,10,0.0000,0
a-n60-k9.vrp,ga,1,1406.8370,2570.8342,1877.9438,284.9552,200,6369,0.9000,0.0500,10,10,0.0000,0
a-n60-k9.vrp,ga,1,1406.8370,2562.2534,1864.9109,278.4362,200,6370,0.9000,0.0500,10,10,0.0000,0
a-n60-k9.vrp,ga,1,1406.8370,2811.0603,1858.2026,300.9363,200,6371,0.9000,0.0500,10,10,0.0000,0
a-n60-k9.vrp,ga,1,1406.8370,2481.2444,1894.4266,261.6055,200,6372,0.9000,0.0500,10,10,0.0000,0
a-n60-k9.vrp,ga,1,1406.8370,2703.0225,1937.7107,253.3494,200,6373,0.9000,0.0500,10,10,0.0000,0
a-n60-k9.vrp,ga,1,1406.8370,2617.3628,1926.7894,285.0331,200,6374,0.9000,0.0500,10,10,0.0000,0
a-n60-k9.vrp,ga,1,1406.8370,2597.6704,1916.3259,279.8458,200,6375,0.9000,0.0500,10,10,0.0000,0
a-n60-k9.vrp,ga,1,1406.8370,2644.6831,1880.7422,288.8224,200,6376,0.9000,0.0500,10,10,0.0000,0
a-n60-k9.vrp,ga,1,1406.8370,2457.8787,1853.6255,270.4511,200,6377,0.9000,0.0500,10,10,0.0000,0
a-n60-k9.vrp,ga,1,1406.8370,2538.0415,1873.7468,293.3342,200,6378,0.9000,0.0500,10,10,0.0000,0
a-n60-k9.vrp,ga,1,1406.8370,2676.8433,1826.6166,279.1116,200,6379,0.9000,0.0500,10,10,0.0000,0
a-n60-k9.vrp,ga,1,1406.8370,2512.8574,1850.6235,257.8667,200,6380,0.9000,0.0500,10,10,0.0000,0
a-n60-k9.vrp,ga,1,1406.8370,2515.6687,1891.5311,277.4775,200,6381,0.9000,0.0500,10,10,0.0000,0
a-n60-k9.vrp,ga,1,1406.8370,2514.6558,1883.0421,278.9881,200,6382,0.9000,0.0500,10,10,0.0000,0
a-n60-k9.vrp,ga,1,1406.8370,2813.9458,1846.7996,293.6572,200,6383,0.9000,0.0500,10,10,0.0000,0
a-n60-k9.vrp,ga,1,1406.8370,2563.3586,1845.2717,274.7845,200,6384,0.9000,0.0500,10,10,0.0000,0
a-n60-k9.vrp,ga,1,1406.8370,2537.3333,1862.4900,263.4674,200,6385,0.9000,0.0500,10,10,0.0000,0
a-n60-k9.vrp,ga,1,1406.8370,2683.8440,1853.5302,281.6307,200,6386,0.9000,0.0500,10,10,0.0000,0
a-n60-k9.vrp,ga,1,1406.8370,2478.5444,1811.6567,270.5890,200,6387,0.9000,0.0500,10,10,0.0000,0
a-n60-k9.vrp,ga,1,1406.8370,2443.0503,1876.4941,259.1201,200,6388,0.9000,0.0500,10,10,0.0000,0
a-n60-k9.vrp,ga,1,1406.8370,2757.0820,1881.5719,279.4101,200,6389,0.9000,0.0500,10,10,0.0000,0
a-n60-k9.vrp,ga,1,1406.8370,2550.0166,1871.1669,275.6608,200,6390,0.9000,0.0500,10,10,0.0000,0
a-n60-k9.vrp,ga,1,1406.8370,2580.1787,1875.4017,264.0851,200,6391,0.9000,0.0500,10,10,0.0000,0
a-n60-k9.vrp,ga,1,1406.8370,2490.1294,1859.7035,261.8306,200,6392,0.9000,0.0500,10,10,0.0000,0
a-n60-k9.vrp,ga,1,1406.8370,2494.3540,1872.0247,264.4102,200,6393,0.9000,0.0500,10,10,0.0000,0
a-n60-k9.vrp,ga,1,1406.8370,2463.9326,1834.9482,265.0074,200,6394,0.9000,0.0500,10,10,0.0000,0
a-n60-k9.vrp,ga,1,1406.8370,2657.3127,1842.0947,261.9321,200,6395,0.9000,0.0500,10,10,0.0000,0
a-n60-k9.vrp,ga,1,1406.8370,2617.3628,1886.6652,268.9616,200,6396,0.9000,0.0500,10,10,0.0000,0
a-n60-k9.vrp,ga,1,1406.8370,2442.4517,1851.5151,278.3484,200,6397,0.9000,0.0500,10,10,0.0000,0
a-n60-k9.vrp,ga,1,1406.8370,2412.7112,1830.8248,246.2918,200,6398,0.9000,0.0500,10,10,0.0000,0
a-n60-k9.vrp,ga,1,1406.8370,2396.7544,1853.1158,277.1320,200,6399,0.9000,0.0500,10,10,0.0000,0
a-n60-k9.vrp,ga,1,1406.8370,2351.3865,1839.2916,244.9277,200,6400,0.9000,0.0500,10,10,0.0000,0
a-n60-k9.vrp,ga,1,1406.8370,2413.4556,1828.8997,275.0906,200,6401,0.9000,0.0500,10,10,0.0000,0
a-n60-k9.vrp,ga,1,1406.8370,2341.4905,1840.4258,267.8830,200,6402,0.9000,0.0500,10,10,0.0000,0
a-n60-k9.vrp,ga,1,1406.8370,2404.7390,1838.3567,256.7137,200,6403,0.9000,0.0500,10,10,0.0000,0
a-n60-k9.vrp,ga,1,1406.8370,2393.6636,1870.0150,264.2864,200,6404,0.9000,0.0500,10,10,0.0000,0
a-n60-k9.vrp,ga,1,1406.8370,2471.1748,1846.5964,257.1930,200,6405,0.9000,0.0500,10,10,0.0000,0
a-n60-k9.vrp,ga,1,1406.8370,2423.1814,1844.3701,246.7449,200,6406,0.9000,0.0500,10,10,0.0000,0
a-n60-k9.vrp,ga,1,1406.8370,2402.5698,1849.5026,253.3544,200,6407,0.9000,0.0500,10,10,0.0000,0
a-n60-k9.vrp,ga,1,1406.8370,2394.6824,1862.7670,255.2283,200,6408,0.9000,0.0500,10,10,0.0000,0
a-n60-k9.vrp,ga,1,1406.8370,2459.6848,1839.4672,253.3275,200,6409,0.9000,0.0500,10,10,0.0000,0
a-n60-k9.vrp,ga,1,1406.8370,2499.4006,1855.3029,262.1847,200,6410,0.9000,0.0500,10,10,0.0000,0
a-n60-k9.vrp,ga,1,1406.8370,2469.0586,1850.6035,277.1265,200,6411,0.9000,0.0500,10,10,0.0000,0
a-n60-k9.vrp,ga,1,1406.8370,2422.1824,1837.4407,266.1964,200,6412,0.9000,0.0500,10,10,0.0000,0
a-n60-k9.vrp,ga,1,1406.8370,2414.2476,1838.1407,274.9523,200,6413,0.9000,0.0500,10,10,0.0000,0
a-n60-k9.vrp,ga,1,1406.8370,2262.6172,1818.8125,266.1221,200,6414,0.9000,0.0500,10,10,0.0000,0
a-n60-k9.vrp,ga,1,1406.8370,2424.5938,1861.9615,261.8156,200,6415,0.9000,0.0500,10,10,0.0000,0
a-n60-k9.vrp,ga,1,1406.8370,2429.6277,1845.3806,263.0744,200,6416,0.9000,0.0500,10,10,0.0000,0
a-n60-k9.vrp,ga,1,1406.8370,2481.1133,1833.8705,269.3474,200,6417,0.9000,0.0500,10,10,0.0000,0
a-n60-k9.vrp,ga,1,1406.8370,2384.7568,1836.8112,259.6321,200,6418,0.9000,0.0500,10,10,0.0000,0
a-n60-k9.vrp,ga,1,1406.8370,2483.7629,1807.8984,267.9486,200,6419,0.9000,0.0500,10,10,0.0000,0
a-n60-k9.vrp,ga,1,1406.8370,2353.5598,1812.7302,266.8742,200,6420,0.9000,0.0500,10,10,0.0000,0
a-n60-k9.vrp,ga,1,1406.8370,2477.8826,1818.5739,267.7810,200,6421,0.9000,0.0500,10,10,0.0000,0
a-n60-k9.vrp,ga,1,1406.8370,2341.4905,1820.7479,260.5381,200,6422,0.9000,0.0500,10,10,0.0000,0
a-n60-k9.vrp,ga,1,1406.8370,2398.0842,1820.6562,277.7651,200,6423,0.9000,0.0500,10,10,0.0000,0
a-n60-k9.vrp,ga,1,1406.8370,2429.6277,1841.2772,265.8618,200,6424,0.9000,0.0500,10,10,0.0000,0
a-n60-k9.vrp,ga,1,1406.8370,2372.3967,1836.9027,263.4710,200,6425,0.9000,0.0500,10,10,0.0000,0
a-n60-k9.vrp,ga,1,1406.8370,2363.7144,1826.2518,254.9763,200,6426,0.9000,0.0500,10,10,0.0000,0
a-n60-k9.vrp,ga,1,1406.8370,2402.7544,1866.3441,262.3135,200,6427,0.9000,0.0500,10,10,0.0000,0
a-n60-k9.vrp,ga,1,1406.8370,2541.4260,1827.0841,278.3380,200,6428,0.9000,0.0500,10,10,0.0000,0
a-n60-k9.vrp,ga,1,1406.8370,2523.7444,1853.3392,277.6586,200,6429,0.9000,0.0500,10,10,0.0000,0
a-n60-k9.vrp,ga,1,1406.8370,2537.0298,1838.7493,277.1432,200,6430,0.9000,0.0500,10,10,0.0000,0
a-n60-k9.vrp,ga,1,1406.8370,2463.0022,1833.3458,238.9278,200,6431,0.9000,0.0500,10,10,0.0000,0
a-n60-k9.vrp,ga,1,1406.8370,2594.9336,1867.5557,250.5872,200,6432,0.9000,0.0500,10,10,0.0000,0
a-n60-k9.vrp,ga,1,1406.8370,2676.2927,1863.4171,281.4421,200,6433,0.9000,0.0500,10,10,0.0000,0
a-n60-k9.vrp,ga,1,1406.8370,2399.6206,1825.6526,261.2890,200,6434,0.9000,0.0500,10,10,0.0000,0
a-n60-k9.vrp,ga,1,1406.8370,2392.9578,1838.7191,265.3985,200,6435,0.9000,0.0500,10,10,0.0000,0
a-n60-k9.vrp,ga,1,1406.8370,2503.9746,1818.0562,268.5870,200,6436,0.9000,0.0500,10,10,0.0000,0
a-n60-k9.vrp,ga,1,1406.8370,2503.3962,1845.9094,274.4507,200,6437,0.9000,0.0500,10,10,0.0000,0
a-n60-k9.vrp,ga,1,1406.8370,2474.9312,1846.1191,269.1571,200,6438,0.9000,0.0500,10,10,0.0000,0
a-n60-k9.vrp,ga,1,1406.8370,2437.5950,1847.4098,268.7268,200,6439,0.9000,0.0500,10,10,0.0000,0
a-n60-k9.vrp,ga,1,1406.8370,2389.6499,1848.0710,278.3282,200,6440,0.9000,0.0500,10,10,0.0000,0
a-n60-k9.vrp,ga,1,1406.8370,2408.0679,1850.0262,254.4833,200,6441,0.9000,0.0500,10,10,0.0000,0
a-n60-k9.vrp,ga,1,1406.8370,2483.9197,1903.0828,270.7534,200,6442,0.9000,0.0500,10,10,0.0000,0
a-n60-k9.vrp,ga,1,1406.8370,2584.7659,1892.7920,266.8526,200,6443,0.9000,0.0500,10,10,0.0000,0
a-n60-k9.vrp,ga,1,1406.8370,2528.1267,1873.1583,262.3062,200,6444,0.9000,0.0500,10,10,0.0000,0
a-n60-k9.vrp,ga,1,1406.8370,2529.9912,1945.9211,259.0274,200,6445,0.9000,0.0500,10,10,0.0000,0
a-n60-k9.vrp,ga,1,1406.8370,2547.9871,1964.6104,274.0901,200,6446,0.9000,0.0500,10,10,0.0000,0
a-n60-k9.vrp,ga,1,1406.8370,2542.3025,1916.5764,276.9091,200,6447,0.9000,0.0500,10,10,0.0000,0
a-n60-k9.vrp,ga,1,1406.8370,2638.6809,1931.4905,282.3671,200,6448,0.9000,0.0500,10,10,0.0000,0
a-n60-k9.vrp,ga,1,1406.8370,2552.7996,1935.9326,263.9010,200,6449,0.9000,0.0500,10,10,0.0000,0
a-n60-k9.vrp,ga,1,1406.8370,2538.3174,1938.5978,271.8445,200,6450,0.9000,0.0500,10,10,0.0000,0
a-n60-k9.vrp,ga,1,1406.8370,2682.6165,1947.1641,283.6495,200,6451,0.9000,0.0500,10,10,0.0000,0
a-n60-k9.vrp,ga,1,1406.8370,2544.4775,1915.3894,271.0520,200,6452,0.9000,0.0500,10,10,0.0000,0
a-n60-k9.vrp,ga,1,1406.8370,2726.3525,1949.5437,284.2150,200,6453,0.9000,0.0500,10,10,0.0000,0
a-n60-k9.vrp,ga,1,1406.8370,2548.5444,1919.4292,269.1803,200,6454,0.9000,0.0500,10,10,0.0000,0
a-n60-k9.vrp,ga,1,1406.8370,2548.5164,1944.0837,286.1798,200,6455,0.9000,0.0500,10,10,0.0000,0
a-n60-k9.vrp,ga,1,1406.8370,2724.4153,1913.7578,292.2332,200,6456,0.9000,0.0500,10,10,0.0000,0
a-n60-k9.vrp,ga,1,1406.8370,2463.3665,1895.3734,283.2062,200,6457,0.9000,0.0500,10,10,0.0000,0
a-n60-k9.vrp,ga,1,1406.8370,2661.2188,1905.1619,311.9596,200,6458,0.9000,0.0500,10,10,0.0000,0
a-n60-k9.vrp,ga,1,1406.8370,2536.8228,1866.5204,276.6799,200,6459,0.9000,0.0500,10,10,0.0000,0
a-n60-k9.vrp,ga,1,1406.8370,2518.5852,1886.9340,285.7118,200,6460,0.9000,0.0500,10,10,0.0000,0
a-n60-k9.vrp,ga,1,1406.8370,2663.0249,1910.5031,273.9947,200,6461,0.9000,0.0500,10,10,0.0000,0
a-n60-k9.vrp,ga,1,1406.8370,2504.7061,1911.2444,271.1778,200,6462,0.9000,0.0500,10,10,0.0000,0
a-n60-k9.vrp,ga,1,1406.8370,2624.8552,1908.0385,283.9600,200,6463,0.9000,0.0500,10,10,0.0000,0
a-n60-k9.vrp,ga,1,1406.8370,2557.5361,1901.0023,290.8874,200,6464,0.9000,0.0500,10,10,0.0000,0
a-n60-k9.vrp,ga,1,1406.8370,2479.8467,1866.9119,272.4561,200,6465,0.9000,0.0500,10,10,0.0000,0
a-n60-k9.vrp,ga,1,1406.8370,2485.4780,1859.9181,271.7177,200,6466,0.9000,0.0500,10,10,0.0000,0
a-n60-k9.vrp,ga,1,1406.8370,2409.6401,1900.0300,261.5442,200,6467,0.9000,0.0500,10,10,0.0000,0
a-n60-k9.vrp,ga,1,1406.8370,2523.4021,1868.5591,254.0643,200,6468,0.9000,0.0500,10,10,0.0000,0
a-n60-k9.vrp,ga,1,1406.8370,2624.1235,1868.8558,276.9819,200,6469,0.9000,0.0500,10,10,0.0000,0
a-n60-k9.vrp,ga,1,1406.8370,2474.1975,1879.4794,268.4338,200,6470,0.9000,0.0500,10,10,0.0000,0
a-n60-k9.vrp,ga,1,1406.8370,2523.1946,1878.5674,270.3089,200,6471,0.9000,0.0500,10,10,0.0000,0
a-n60-k9.vrp,ga,1,1406.8370,2554.9922,1887.1798,272.9865,200,6472,0.9000,0.0500,10,10,0.0000,0
a-n60-k9.vrp,ga,1,1406.8370,2606.2114,1875.1803,281.6670,200,6473,0.9000,0.0500,10,10,0.0000,0
a-n60-k9.vrp,ga,1,1406.8370,2494.9390,1874.2836,270.7942,200,6474,0.9000,0.0500,10,10,0.0000,0
a-n60-k9.vrp,ga,1,1406.8370,2454.9324,1890.5387,290.7089,200,6475,0.9000,0.0500,10,10,0.0000,0
a-n60-k9.vrp,ga,1,1406.8370,2676.2927,1897.2721,279.3075,200,6476,0.9000,0.0500,10,10,0.0000,0
a-n60-k9.vrp,ga,1,1406.8370,2565.9041,1887.8679,266.9924,200,6477,0.9000,0.0500,10,10,0.0000,0
a-n60-k9.vrp,ga,1,1406.8370,2469.5771,1871.7841,279.4687,200,6478,0.9000,0.0500,10,10,0.0000,0
a-n60-k9.vrp,ga,1,1406.8370,2440.8455,1882.6086,263.3504,200,6479,0.9000,0.0500,10,10,0.0000,0
a-n60-k9.vrp,ga,1,1406.8370,2453.4573,1889.5917,271.3553,200,6480,0.9000,0.0500,10,10,0.0000,0
a-n60-k9.vrp,ga,1,1406.8370,2584.5874,1874.2723,277.3572,200,6481,0.9000,0.0500,10,10,0.0000,0
a-n60-k9.vrp,ga,1,1406.8370,2331.8252,1852.1647,265.1228,200,6482,0.9000,0.0500,10,10,0.0000,0
a-n60-k9.vrp,ga,1,1406.8370,2421.0918,1897.3939,257.6986,200,6483,0.9000,0.0500,10,10,0.0000,0
a-n60-k9.vrp,ga,1,1406.8370,2616.3850,1939.4077,292.8299,200,6484,0.9000,0.0500,10,10,0.0000,0
a-n60-k9.vrp,ga,1,1406.8370,2529.7688,1917.5870,274.3763,200,6485,0.9000,0.0500,10,10,0.0000,0
a-n60-k9.vrp,ga,1,1406.8370,2508.2324,1893.5594,259.2117,200,6486,0.9000,0.0500,10,10,0.0000,0
a-n60-k9.vrp,ga,1,1406.8370,2483.3489,1877.4943,288.7155,200,6487,0.9000,0.0500,10,10,0.0000,0
a-n60-k9.vrp,ga,1,1406.8370,2505.4336,1841.4183,294.2238,200,6488,0.9000,0.0500,10,10,0.0000,0
a-n60-k9.vrp,ga,1,1406.8370,2447.8582,1857.1577,284.8385,200,6489,0.9000,0.0500,10,10,0.0000,0
a-n60-k9.vrp,ga,1,1406.8370,2452.0898,1874.6926,277.4192,200,6490,0.9000,0.0500,10,10,0.0000,0
a-n60-k9.vrp,ga,1,1406.8370,2514.6121,1835.8341,280.2248,200,6491,0.9000,0.0500,10,10,0.0000,0
a-n60-k9.vrp,ga,1,1406.8370,2532.1404,1854.9310,284.2231,200,6492,0.9000,0.0500,10,10,0.0000,0
a-n60-k9.vrp,ga,1,1406.8370,2409.9353,1846.6635,281.8612,200,6493,0.9000,0.0500,10,10,0.0000,0
a-n60-k9.vrp,ga,1,1406.8370,2464.9177,1845.5894,273.2242,200,6494,0.9000,0.0500,10,10,0.0000,0
a-n60-k9.vrp,ga,1,1406.8370,2484.6479,1835.7866,274.6296,200,6495,0.9000,0.0500,10,10,0.0000,0
a-n60-k9.vrp,ga,1,1406.8370,2455.4375,1854.8477,279.6273,200,6496,0.9000,0.0500,10,10,0.0000,0
a-n60-k9.vrp,ga,1,1406.8370,2403.6272,1881.1976,269.6027,200,6497,0.9000,0.0500,10,10,0.0000,0
a-n60-k9.vrp,ga,1,1406.8370,2592.2205,1873.4153,269.3579,200,6498,0.9000,0.0500,10,10,0.0000,0
a-n60-k9.vrp,ga,1,1406.8370,2556.9722,1845.4790,262.1097,200,6499,0.9000,0.0500,10,10,0.0000,0
a-n60-k9.vrp,ga,1,1406.8370,2502.3594,1870.6228,283.1812,200,6500,0.9000,0.0500,10,10,0.0000,0
a-n60-k9.vrp,ga,1,1406.8370,2659.1638,1860.6166,280.2283,200,6501,0.9000,0.0500,10,10,0.0000,0
a-n60-k9.vrp,ga,1,1406.8370,2528.8867,1905.8790,264.2101,200,6502,0.9000,0.0500,10,10,0.0000,0
a-n60-k9.vrp,ga,1,1406.8370,2430.0959,1878.0656,268.7133,200,6503,0.9000,0.0500,10,10,0.0000,0
a-n60-k9.vrp,ga,1,1406.8370,2554.1050,1862.1483,268.8518,200,6504,0.9000,0.0500,10,10,0.0000,0
a-n60-k9.vrp,ga,1,1406.8370,2573.3887,1851.1157,288.7543,200,6505,0.9000,0.0500,10,10,0.0000,0
a-n60-k9.vrp,ga,1,1406.8370,2442.5525,1829.0908,255.8828,200,6506,0.9000,0.0500,10,10,0.0000,0
a-n60-k9.vrp,ga,1,1406.8370,2417.2122,1877.9454,267.6990,200,6507,0.9000,0.0500,10,10,0.0000,0
a-n60-k9.vrp,ga,1,1406.8370,2541.7566,1892.9755,281.2224,200,6508,0.9000,0.0500,10,10,0.0000,0
a-n60-k9.vrp,ga,1,1406.8370,2576.0449,1892.5999,298.0016,200,6509,0.9000,0.0500,10,10,0.0000,0
a-n60-k9.vrp,ga,1,1406.8370,2484.4185,1893.2791,287.5074,200,6510,0.9000,0.0500,10,10,0.0000,0
a-n60-k9.vrp,ga,1,1406.8370,2444.0696,1894.2808,278.3432,200,6511,0.9000,0.0500,10,10,0.0000,0
a-n60-k9.vrp,ga,1,1406.8370,2503.6628,1847.4774,276.1938,200,6512,0.9000,0.0500,10,10,0.0000,0
a-n60-k9.vrp,ga,1,1406.8370,2519.7334,1834.4036,281.1211,200,6513,0.9000,0.0500,10,10,0.0000,0
a-n60-k9.vrp,ga,1,1406.8370,2487.5679,1830.8704,273.3941,200,6514,0.9000,0.0500,10,10,0.0000,0
a-n60-k9.vrp,ga,1,1406.8370,2589.8577,1879.0966,270.2978,200,6515,0.9000,0.0500,10,10,0.0000,0
a-n60-k9.vrp,ga,1,1406.8370,2516.9387,1863.6941,282.0928,200,6516,0.9000,0.0500,10,10,0.0000,0
a-n60-k9.vrp,ga,1,1406.8370,2384.3074,1868.8970,245.8935,200,6517,0.9000,0.0500,10,10,0.0000,0
a-n60-k9.vrp,ga,1,1406.8370,2536.1055,1856.4811,274.6654,200,6518,0.9000,0.0500,10,10,0.0000,0
a-n60-k9.vrp,ga,1,1406.8370,2550.1943,1900.4055,276.7371,200,6519,0.9000,0.0500,10,10,0.0000,0
a-n60-k9.vrp,ga,1,1406.8370,2462.3054,1870.6685,269.5028,200,6520,0.9000,0.0500,10,10,0.0000,0
a-n60-k9.vrp,ga,1,1406.8370,2620.3130,1863.9185,270.5363,200,6521,0.9000,0.0500,10,10,0.0000,0
a-n60-k9.vrp,ga,1,1406.8370,2546.1848,1887.2167,274.6862,200,6522,0.9000,0.0500,10,10,0.0000,0
a-n60-k9.vrp,ga,1,1406.8370,2427.6843,1846.3162,281.3425,200,6523,0.9000,0.0500,10,10,0.0000,0
a-n60-k9.vrp,ga,1,1406.8370,2478.4487,1859.4685,256.6531,200,6524,0.9000,0.0500,10,10,0.0000,0
a-n60-k9.vrp,ga,1,1406.8370,2557.1946,1841.7859,285.7661,200,6525,0.9000,0.0500,10,10,0.0000,0
a-n60-k9.vrp,ga,1,1406.8370,2626.2102,1869.5183,279.2117,200,6526,0.9000,0.0500,10,10,0.0000,0
a-n60-k9.vrp,ga,1,1406.8370,2449.6064,1892.4208,254.7305,200,6527,0.9000,0.0500,10,10,0.0000,0
a-n60-k9.vrp,ga,1,1406.8370,2515.3730,1925.5695,270.4496,200,6528,0.9000,0.0500,10,10,0.0000,0
a-n60-k9.vrp,ga,1,1406.8370,2685.0269,1935.8073,282.4041,200,6529,0.9000,0.0500,10,10,0.0000,0
a-n60-k9.vrp,ga,1,1406.8370,2517.1458,1895.8429,283.0628,200,6530,0.9000,0.0500,10,10,0.0000,0
a-n60-k9.vrp,ga,1,1406.8370,2593.9744,1928.5881,292.6718,200,6531,0.9000,0.0500,10,10,0.0000,0
a-n60-k9.vrp,ga,1,1406.8370,2447.4800,1897.3907,269.8933,200,6532,0.9000,0.0500,10,10,0.0000,0
a-n60-k9.vrp,ga,1,1406.8370,2566.8381,1907.0044,281.4240,200,6533,0.9000,0.0500,10,10,0.0000,0
a-n60-k9.vrp,ga,1,1406.8370,2516.2119,1915.4385,278.3719,200,6534,0.9000,0.0500,10,10,0.0000,0
a-n60-k9.vrp,ga,1,1406.8370,2614.9753,1863.0114,305.9098,200,6535,0.9000,0.0500,10,10,0.0000,0
a-n60-k9.vrp,ga,1,1406.8370,2687.9148,1877.5613,311.9633,200,6536,0.9000,0.0500,10,10,0.0000,0
a-n60-k9.vrp,ga,1,1406.8370,2651.2847,1873.6687,278.1487,200,6537,0.9000,0.0500,10,10,0.0000,0
a-n60-k9.vrp,ga,1,1406.8370,2533.8640,1871.3040,281.8461,200,6538,0.9000,0.0500,10,10,0.0000,0
a-n60-k9.vrp,ga,1,1406.8370,2531.8469,1878.8005,285.7931,200,6539,0.9000,0.0500,10,10,0.0000,0
a-n60-k9.vrp,ga,1,1406.8370,2591.3511,1875.2651,287.4924,200,6540,0.9000,0.0500,10,10,0.0000,0
a-n60-k9.vrp,ga,1,1406.8370,2616.3564,1873.6250,303.1194,200,6541,0.9000,0.0500,10,10,0.0000,0
a-n60-k9.vrp,ga,1,1406.8370,2456.6602,1865.2512,280.7847,200,6542,0.9000,0.0500,10,10,0.0000,0
a-n60-k9.vrp,ga,1,1406.8370,2415.5151,1848.3121,264.5022,200,6543,0.9000,0.0500,10,10,0.0000,0
a-n60-k9.vrp,ga,1,1406.8370,2563.6113,1844.7345,272.5163,200,6544,0.9000,0.0500,10,10,0.0000,0
a-n60-k9.vrp,ga,1,1406.8370,2636.0300,1895.8524,288.3947,200,6545,0.9000,0.0500,10,10,0.0000,0
a-n60-k9.vrp,ga,1,1406.8370,2612.4199,1865.3804,271.7878,200,6546,0.9000,0.0500,10,10,0.0000,0
a-n60-k9.vrp,ga,1,1406.8370,2542.4565,1878.7114,287.2608,200,6547,0.9000,0.0500,10,10,0.0000,0
a-n60-k9.vrp,ga,1,1406.8370,2521.9810,1839.1089,285.1129,200,6548,0.9000,0.0500,10,10,0.0000,0
a-n60-k9.vrp,ga,1,1406.8370,2359.5811,1835.9039,267.9556,200,6549,0.9000,0.0500,10,10,0.0000,0
a-n60-k9.vrp,ga,1,1406.8370,2474.5859,1887.4047,272.7915,200,6550,0.9000,0.0500,10,10,0.0000,0
a-n60-k9.vrp,ga,1,1406.8370,2613.7400,1826.2087,275.8017,200,6551,0.9000,0.0500,10,10,0.0000,0
a-n60-k9.vrp,ga,1,1406.8370,2531.8821,1816.5955,284.2260,200,6552,0.9000,0.0500,10,10,0.0000,0
a-n60-k9.vrp,ga,1,1406.8370,2595.0864,1851.3850,275.9190,200,6553,0.9000,0.0500,10,10,0.0000,0
a-n60-k9.vrp,ga,1,1406.8370,2625.3931,1860.0504,296.3053,200,6554,0.9000,0.0500,10,10,0.0000,0
a-n60-k9.vrp,ga,1,1406.8370,2667.9048,1913.1062,288.3790,200,6555,0.9000,0.0500,10,10,0.0000,0
a-n60-k9.vrp,ga,1,1406.8370,2799.4121,1892.0916,291.0363,200,6556,0.9000,0.0500,10,10,0.0000,0
a-n60-k9.vrp,ga,1,1406.8370,2583.5046,1851.3292,292.6454,200,6557,0.9000,0.0500,10,10,0.0000,0
a-n60-k9.vrp,ga,1,1406.8370,2554.7644,1851.3635,282.1295,200,6558,0.9000,0.0500,10,10,0.0000,0
a-n60-k9.vrp,ga,1,1406.8370,2765.7427,1884.5027,280.7662,200,6559,0.9000,0.0500,10,10,0.0000,0
a-n60-k9.vrp,ga,1,1406.8370,2599.9270,1863.9722,273.1310,200,6560,0.9000,0.0500,10,10,0.0000,0
a-n60-k9.vrp,ga,1,1406.8370,2487.3188,1863.5360,275.2801,200,6561,0.9000,0.0500,10,10,0.0000,0
a-n60-k9.vrp,ga,1,1406.8370,2445.1829,1894.2799,276.9241,200,6562,0.9000,0.0500,10,10,0.0000,0
a-n60-k9.vrp,ga,1,1406.8370,2406.2107,1863.5029,269.2135,200,6563,0.9000,0.0500,10,10,0.0000,0
a-n60-k9.vrp,ga,1,1406.8370,2499.2656,1864.5325,281.9345,200,6564,0.9000,0.0500,10,10,0.0000,0
a-n60-k9.vrp,ga,1,1406.8370,2386.9744,1836.1133,266.8242,200,6565,0.9000,0.0500,10,10,0.0000,0
a-n60-k9.vrp,ga,1,1406.8370,2465.2837,1849.5015,252.7424,200,6566,0.9000,0.0500,10,10,0.0000,0
a-n60-k9.vrp,ga,1,1406.8370,2675.4131,1894.3417,286.6126,200,6567,0.9000,0.0500,10,10,0.0000,0
a-n60-k9.vrp,ga,1,1406.8370,2495.3948,1854.8807,261.9706,200,6568,0.9000,0.0500,10,10,0.0000,0
a-n60-k9.vrp,ga,1,1406.8370,2528.9446,1867.7332,270.8410,200,6569,0.9000,0.0500,10,10,0.0000,0
a-n60-k9.vrp,ga,1,1406.8370,2585.0259,1865.1024,259.4144,200,6570,0.9000,0.0500,10,10,0.0000,0
a-n60-k9.vrp,ga,1,1406.8370,2679.8096,1848.0393,286.7409,200,6571,0.9000,0.0500,10,10,0.0000,0
a-n60-k9.vrp,ga,1,1406.8370,2701.5789,1850.7297,270.6767,200,6572,0.9000,0.0500,10,10,0.0000,0
a-n60-k9.vrp,ga,1,1406.8370,2728.8401,1889.4983,295.5135,200,6573,0.9000,0.0500,10,10,0.0000,0
a-n60-k9.vrp,ga,1,1406.8370,2630.2271,1872.4312,280.6422,200,6574,0.9000,0.0500,10,10,0.0000,0
a-n60-k9.vrp,ga,1,1406.8370,2712.6455,1885.9752,289.0688,200,6575,0.9000,0.0500,10,10,0.0000,0
a-n60-k9.vrp,ga,1,1406.8370,2517.3625,1857.9873,285.8885,200,6576,0.9000,0.0500,10,10,0.0000,0
a-n60-k9.vrp,ga,1,1406.8370,2698.9626,1878.9104,286.0856,200,6577,0.9000,0.0500,10,10,0.0000,0
a-n60-k9.vrp,ga,1,1406.8370,2659.3911,1879.1129,255.6926,200,6578,0.9000,0.0500,10,10,0.0000,0
a-n60-k9.vrp,ga,1,1406.8370,2585.0417,1868.0618,286.3263,200,6579,0.9000,0.0500,10,10,0.0000,0
a-n60-k9.vrp,ga,1,1406.8370,2504.6890,1914.9393,269.5018,200,6580,0.9000,0.0500,10,10,0.0000,0
a-n60-k9.vrp,ga,1,1406.8370,2588.1558,1937.2104,282.6313,200,6581,0.9000,0.0500,10,10,0.0000,0
a-n60-k9.vrp,ga,1,1406.8370,2467.5137,1883.4043,269.1411,200,6582,0.9000,0.0500,10,10,0.0000,0
a-n60-k9.vrp,ga,1,1406.8370,2439.9705,1831.7758,287.4030,200,6583,0.9000,0.0500,10,10,0.0000,0
a-n60-k9.vrp,ga,1,1406.8370,2384.3074,1814.2174,258.1428,200,6584,0.9000,0.0500,10,10,0.0000,0
a-n60-k9.vrp,ga,1,1406.8370,2507.9124,1859.2789,253.1659,200,6585,0.9000,0.0500,10,10,0.0000,0
a-n60-k9.vrp,ga,1,1406.8370,2433.9346,1891.7688,259.1573,200,6586,0.9000,0.0500,10,10,0.0000,0
a-n60-k9.vrp,ga,1,1406.8370,2529.3066,1871.0171,256.1454,200,6587,0.9000,0.0500,10,10,0.0000,0
a-n60-k9.vrp,ga,1,1406.8370,2457.9600,1886.6990,274.8323,200,6588,0.9000,0.0500,10,10,0.0000,0
a-n60-k9.vrp,ga,1,1406.8370,2409.9353,1898.2031,266.6559,200,6589,0.9000,0.0500,10,10,0.0000,0
a-n60-k9.vrp,ga,1,1406.8370,2550.9907,1861.2065,273.8527,200,6590,0.9000,0.0500,10,10,0.0000,0
a-n60-k9.vrp,ga,1,1406.8370,2353.9978,1855.6367,236.9644,200,6591,0.9000,0.0500,10,10,0.0000,0
a-n60-k9.vrp,ga,1,1406.8370,2399.5598,1878.4819,278.5436,200,6592,0.9000,0.0500,10,10,0.0000,0
a-n60-k9.vrp,ga,1,1406.8370,2418.8333,1868.5632,265.9182,200,6593,0.9000,0.0500,10,10,0.0000,0
a-n60-k9.vrp,ga,1,1406.8370,2360.5059,1884.9373,247.9520,200,6594,0.9000,0.0500,10,10,0.0000,0
a-n60-k9.vrp,ga,1,1406.8370,2340.7976,1870.5153,243.6679,200,6595,0.9000,0.0500,10,10,0.0000,0
a-n60-k9.vrp,ga,1,1406.8370,2459.8174,1846.8855,268.3380,200,6596,0.9000,0.0500,10,10,0.0000,0
a-n60-k9.vrp,ga,1,1406.8370,2506.3977,1844.1688,260.3293,200,6597,0.9000,0.0500,10,10,0.0000,0
a-n60-k9.vrp,ga,1,1406.8370,2420.1021,1865.7772,268.1848,200,6598,0.9000,0.0500,10,10,0.0000,0
a-n60-k9.vrp,ga,1,1406.8370,2394.6824,1862.3286,249.3406,200,6599,0.9000,0.0500,10,10,0.0000,0
a-n60-k9.vrp,ga,1,1406.8370,2386.2419,1878.9933,246.3315,200,6600,0.9000,0.0500,10,10,0.0000,0
a-n60-k9.vrp,ga,1,1406.8370,2454.5349,1860.3047,267.9105,200,6601,0.9000,0.0500,10,10,0.0000,0
a-n60-k9.vrp,ga,1,1406.8370,2499.2881,1850.7018,269.2254,200,6602,0.9000,0.0500,10,10,0.0000,0
a-n60-k9.vrp,ga,1,1406.8370,2447.1572,1872.3038,269.4211,200,6603,0.9000,0.0500,10,10,0.0000,0
a-n60-k9.vrp,ga,1,1406.8370,2428.0676,1854.1459,272.5745,200,6604,0.9000,0.0500,10,10,0.0000,0
a-n60-k9.vrp,ga,1,1406.8370,2481.0149,1842.3749,284.3486,200,6605,0.9000,0.0500,10,10,0.0000,0
a-n60-k9.vrp,ga,1,1406.8370,2616.4658,1875.0297,282.9110,200,6606,0.9000,0.0500,10,10,0.0000,0
a-n60-k9.vrp,ga,1,1406.8370,2558.6001,1892.4681,251.5445,200,6607,0.9000,0.0500,10,10,0.0000,0
a-n60-k9.vrp,ga,1,1406.8370,2644.3464,1905.3553,272.1387,200,6608,0.9000,0.0500,10,10,0.0000,0
a-n60-k9.vrp,ga,1,1406.8370,2428.3867,1917.8021,249.0598,200,6609,0.9000,0.0500,10,10,0.0000,0
a-n60-k9.vrp,ga,1,1406.8370,2453.1624,1883.0214,252.0533,200,6610,0.9000,0.0500,10,10,0.0000,0
a-n60-k9.vrp,ga,1,1406.8370,2493.5122,1893.3354,264.1726,200,6611,0.9000,0.0500,10,10,0.0000,0
a-n60-k9.vrp,ga,1,1406.8370,2657.4661,1876.9872,268.4393,200,6612,0.9000,0.0500,10,10,0.0000,0
a-n60-k9.vrp,ga,1,1406.8370,2431.3481,1855.8093,257.1432,200,6613,0.9000,0.0500,10,10,0.0000,0
a-n60-k9.vrp,ga,1,1406.8370,2465.4031,1867.8256,272.1475,200,6614,0.9000,0.0500,10,10,0.0000,0
a-n60-k9.vrp,ga,1,1406.8370,2530.6409,1865.3053,283.0370,200,6615,0.9000,0.0500,10,10,0.0000,0
a-n60-k9.vrp,ga,1,1406.8370,2532.4492,1900.6484,255.2372,200,6616,0.9000,0.0500,10,10,0.0000,0
a-n60-k9.vrp,ga,1,1406.8370,2485.8062,1860.9980,258.8794,200,6617,0.9000,0.0500,10,10,0.0000,0
a-n60-k9.vrp,ga,1,1406.8370,2394.6824,1875.2776,263.5844,200,6618,0.9000,0.0500,10,10,0.0000,0
a-n60-k9.vrp,ga,1,1406.8370,2382.9021,1866.8395,252.7970,200,6619,0.9000,0.0500,10,10,0.0000,0
a-n60-k9.vrp,ga,1,1406.8370,2481.6572,1862.0546,255.9394,200,6620,0.9000,0.0500,10,10,0.0000,0
a-n60-k9.vrp,ga,1,1406.8370,2540.2771,1867.0552,279.5546,200,6621,0.9000,0.0500,10,10,0.0000,0
a-n60-k9.vrp,ga,1,1406.8370,2369.0015,1837.4188,258.8936,200,6622,0.9000,0.0500,10,10,0.0000,0
a-n60-k9.vrp,ga,1,1406.8370,2452.4104,1857.9456,280.8183,200,6623,0.9000,0.0500,10,10,0.0000,0
a-n60-k9.vrp,ga,1,1406.8370,2652.7861,1843.5883,274.9079,200,6624,0.9000,0.0500,10,10,0.0000,0
a-n60-k9.vrp,ga,1,1406.8370,2449.1531,1878.3116,280.1412,200,6625,0.9000,0.0500,10,10,0.0000,0
a-n60-k9.vrp,ga,1,1406.8370,2414.6531,1846.2629,247.9137,200,6626,0.9000,0.0500,10,10,0.0000,0
a-n60-k9.vrp,ga,1,1406.8370,2627.0083,1863.5997,271.6034,200,6627,0.9000,0.0500,10,10,0.0000,0
a-n60-k9.vrp,ga,1,1406.8370,2749.7234,1853.8391,295.7866,200,6628,0.9000,0.0500,10,10,0.0000,0
a-n60-k9.vrp,ga,1,1406.8370,2434.8950,1848.6803,272.5853,200,6629,0.9000,0.0500,10,10,0.0000,0
a-n60-k9.vrp,ga,1,1406.8370,2413.7021,1859.1522,264.0464,200,6630,0.9000,0.0500,10,10,0.0000,0
a-n60-k9.vrp,ga,1,1406.8370,2547.0322,1866.3140,272.3343,200,6631,0.9000,0.0500,10,10,0.0000,0
a-n60-k9.vrp,ga,1,1406.8370,2511.6858,1855.5945,268.1805,200,6632,0.9000,0.0500,10,10,0.0000,0
a-n60-k9.vrp,ga,1,1406.8370,2459.2673,1914.0822,273.3383,200,6633,0.9000,0.0500,10,10,0.0000,0
a-n60-k9.vrp,ga,1,1406.8370,2594.3823,1914.8518,283.6365,200,6634,0.9000,0.0500,10,10,0.0000,0
a-n60-k9.vrp,ga,1,1406.8370,2813.7485,1962.7369,329.7821,200,6635,0.9000,0.0500,10,10,0.0000,0
a-n60-k9.vrp,ga,1,1406.8370,2828.4119,1941.3700,347.8366,200,6636,0.9000,0.0500,10,10,0.0000,0
a-n60-k9.vrp,ga,1,1406.8370,2712.1677,1901.4261,322.1911,200,6637,0.9000,0.0500,10,10,0.0000,0
a-n60-k9.vrp,ga,1,1406.8370,2763.5654,1911.5669,331.2898,200,6638,0.9000,0.0500,10,10,0.0000,0
a-n60-k9.vrp,ga,1,1406.8370,2785.1006,1922.4985,334.9597,200,6639,0.9000,0.0500,10,10,0.0000,0
a-n60-k9.vrp,ga,1,1406.8370,2834.9526,1920.0377,322.3807,200,6640,0.9000,0.0500,10,10,0.0000,0
a-n60-k9.vrp,ga,1,1406.8370,2977.5884,1966.9681,352.1699,200,6641,0.9000,0.0500,10,10,0.0000,0
a-n60-k9.vrp,ga,1,1406.8370,2863.6763,1964.2290,354.9499,200,6642,0.9000,0.0500,10,10,0.0000,0
a-n60-k9.vrp,ga,1,1406.8370,2971.0615,1902.9777,328.5416,200,6643,0.9000,0.0500,10,10,0.0000,0
a-n60-k9.vrp,ga,1,1406.8370,2811.3367,1890.5352,329.1177,200,6644,0.9000,0.0500,10,10,0.0000,0
a-n60-k9.vrp,ga,1,1406.8370,2831.8481,1875.5570,318.1537,200,6645,0.9000,0.0500,10,10,0.0000,0
a-n60-k9.vrp,ga,1,1406.8370,2809.1196,1871.1248,322.8826,200,6646,0.9000,0.0500,10,10,0.0000,0
a-n60-k9.vrp,ga,1,1406.8370,2799.9155,1853.4229,294.7376,200,6647,0.9000,0.0500,10,10,0.0000,0
a-n60-k9.vrp,ga,1,1406.8370,2856.9255,1850.8052,302.2541,200,6648,0.9000,0.0500,10,10,0.0000,0
a-n60-k9.vrp,ga,1,1406.8370,3112.0293,1907.2719,325.2809,200,6649,0.9000,0.0500,10,10,0.0000,0
a-n60-k9.vrp,ga,1,1406.8370,2888.4614,1906.3226,309.3643,200,6650,0.9000,0.0500,10,10,0.0000,0
a-n60-k9.vrp,ga,1,1406.8370,3020.6118,1886.1783,303.0714,200,6651,0.9000,0.0500,10,10,0.0000,0
a-n60-k9.vrp,ga,1,1406.8370,2854.7185,1886.4421,315.7445,200,6652,0.9000,0.0500,10,10,0.0000,0
a-n60-k9.vrp,ga,1,1406.8370,2842.6445,1886.9368,325.6999,200,6653,0.9000,0.0500,10,10,0.0000,0
a-n60-k9.vrp,ga,1,1406.8370,2423.4104,1885.8623,276.5660,200,6654,0.9000,0.0500,10,10,0.0000,0
a-n60-k9.vrp,ga,1,1406.8370,2539.5156,1877.3936,260.8028,200,6655,0.9000,0.0500,10,10,0.0000,0
a-n60-k9.vrp,ga,1,1406.8370,2672.9353,1925.2953,287.9789,200,6656,0.9000,0.0500,10,10,0.0000,0
a-n60-k9.vrp,ga,1,1406.8370,2930.4673,1944.0791,289.0292,200,6657,0.9000,0.0500,10,10,0.0000,0
a-n60-k9.vrp,ga,1,1406.8370,2689.8767,1950.6715,274.6418,200,6658,0.9000,0.0500,10,10,0.0000,0
a-n60-k9.vrp,ga,1,1406.8370,2580.9680,1900.8481,286.6744,200,6659,0.9000,0.0500,10,10,0.0000,0
a-n60-k9.vrp,ga,1,1406.8370,2723.3132,1888.5216,258.5954,200,6660,0.9000,0.0500,10,10,0.0000,0
a-n60-k9.vrp,ga,1,1406.8370,2751.8621,1918.1813,272.7867,200,6661,0.9000,0.0500,10,10,0.0000,0
a-n60-k9.vrp,ga,1,1406.8370,2722.3474,1906.1089,286.7852,200,6662,0.9000,0.0500,10,10,0.0000,0
a-n60-k9.vrp,ga,1,1406.8370,2631.8320,1941.3396,296.6156,200,6663,0.9000,0.0500,10,10,0.0000,0
a-n60-k9.vrp,ga,1,1406.8370,2803.8474,1897.2046,289.6888,200,6664,0.9000,0.0500,10,10,0.0000,0
a-n60-k9.vrp,ga,1,1406.8370,2709.9373,1890.8862,295.8685,200,6665,0.9000,0.0500,10,10,0.0000,0
a-n60-k9.vrp,ga,1,1406.8370,2566.1360,1864.1497,294.3148,200,6666,0.9000,0.0500,10,10,0.0000,0
a-n60-k9.vrp,ga,1,1406.8370,2664.3679,1863.8182,272.2598,200,6667,0.9000,0.0500,10,10,0.0000,0
a-n60-k9.vrp,ga,1,1406.8370,2889.6274,1936.4611,295.8954,200,6668,0.9000,0.0500,10,10,0.0000,0
a-n60-k9.vrp,ga,1,1406.8370,2596.3220,1878.0996,284.0915,200,6669,0.9000,0.0500,10,10,0.0000,0
a-n60-k9.vrp,ga,1,1406.8370,2574.3794,1875.2784,264.8511,200,6670,0.9000,0.0500,10,10,0.0000,0
a-n60-k9.vrp,ga,1,1406.8370,2521.6050,1902.2516,285.7758,200,6671,0.9000,0.0500,10,10,0.0000,0
a-n60-k9.vrp,ga,1,1406.8370,2514.3220,1908.8657,272.3723,200,6672,0.9000,0.0500,10,10,0.0000,0
a-n60-k9.vrp,ga,1,1406.8370,2599.5762,1922.7926,288.7465,200,6673,0.9000,0.0500,10,10,0.0000,0
a-n60-k9.vrp,ga,1,1406.8370,2515.9622,1932.6462,267.0692,200,6674,0.9000,0.0500,10,10,0.0000,0
a-n60-k9.vrp,ga,1,1406.8370,2542.3240,1922.9899,281.7568,200,6675,0.9000,0.0500,10,10,0.0000,0
a-n60-k9.vrp,ga,1,1406.8370,2652.3533,1912.6509,285.1355,200,6676,0.9000,0.0500,10,10,0.0000,0
a-n60-k9.vrp,ga,1,1406.8370,2488.8057,1846.8270,269.8177,200,6677,0.9000,0.0500,10,10,0.0000,0
a-n60-k9.vrp,ga,1,1406.8370,2599.1665,1873.5656,274.2893,200,6678,0.9000,0.0500,10,10,0.0000,0
a-n60-k9.vrp,ga,1,1406.8370,2543.1929,1853.2294,282.7016,200,6679,0.9000,0.0500,10,10,0.0000,0
a-n60-k9.vrp,ga,1,1406.8370,2610.5879,1878.9667,270.2427,200,6680,0.9000,0.0500,10,10,0.0000,0
a-n60-k9.vrp,ga,1,1406.8370,2490.6548,1893.7316,270.5965,200,6681,0.9000,0.0500,10,10,0.0000,0
a-n60-k9.vrp,ga,1,1406.8370,2464.0581,1888.8214,283.2122,200,6682,0.9000,0.0500,10,10,0.0000,0
a-n60-k9.vrp,ga,1,1406.8370,2498.0649,1902.5096,251.7886,200,6683,0.9000,0.0500,10,10,0.0000,0
a-n60-k9.vrp,ga,1,1406.8370,2421.8450,1893.0735,258.9919,200,6684,0.9000,0.0500,10,10,0.0000,0
a-n60-k9.vrp,ga,1,1406.8370,2575.1904,1872.7006,283.0484,200,6685,0.9000,0.0500,10,10,0.0000,0
a-n60-k9.vrp,ga,1,1406.8370,2438.1887,1826.1008,270.2988,200,6686,0.9000,0.0500,10,10,0.0000,0
a-n60-k9.vrp,ga,1,1406.8370,2583.8730,1856.5725,271.5066,200,6687,0.9000,0.0500,10,10,0.0000,0
a-n60-k9.vrp,ga,1,1406.8370,2662.5276,1872.8989,266.4058,200,6688,0.9000,0.0500,10,10,0.0000,0
a-n60-k9.vrp,ga,1,1406.8370,2548.2844,1892.6602,277.0509,200,6689,0.9000,0.0500,10,10,0.0000,0
a-n60-k9.vrp,ga,1,1406.8370,2475.9556,1882.8666,270.0753,200,6690,0.9000,0.0500,10,10,0.0000,0
a-n60-k9.vrp,ga,1,1406.8370,2436.3787,1860.4178,287.3794,200,6691,0.9000,0.0500,10,10,0.0000,0
a-n60-k9.vrp,ga,1,1406.8370,2492.3433,1867.4788,273.6723,200,6692,0.9000,0.0500,10,10,0.0000,0
a-n60-k9.vrp,ga,1,1406.8370,2339.2449,1845.1963,257.6082,200,6693,0.9000,0.0500,10,10,0.0000,0
a-n60-k9.vrp,ga,1,1406.8370,2450.5654,1851.7817,278.7858,200,6694,0.9000,0.0500,10,10,0.0000,0
a-n60-k9.vrp,ga,1,1406.8370,2350.2351,1836.4478,262.2004,200,6695,0.9000,0.0500,10,10,0.0000,0
a-n60-k9.vrp,ga,1,1406.8370,2434.3826,1857.6742,260.6838,200,6696,0.9000,0.0500,10,10,0.0000,0
a-n60-k9.vrp,ga,1,1406.8370,2512.8201,1883.3123,286.6678,200,6697,0.9000,0.0500,10,10,0.0000,0
a-n60-k9.vrp,ga,1,1406.8370,2585.5325,1858.4746,277.7742,200,6698,0.9000,0.0500,10,10,0.0000,0
a-n60-k9.vrp,ga,1,1406.8370,2463.4714,1838.5092,277.3746,200,6699,0.9000,0.0500,10,10,0.0000,0
a-n60-k9.vrp,ga,1,1406.8370,2409.9353,1847.7982,268.8907,200,6700,0.9000,0.0500,10,10,0.0000,0
a-n60-k9.vrp,ga,1,1406.8370,2609.3423,1838.6885,256.9797,200,6701,0.9000,0.0500,10,10,0.0000,0
a-n60-k9.vrp,ga,1,1406.8370,2481.6519,1878.0454,258.0147,200,6702,0.9000,0.0500,10,10,0.0000,0
a-n60-k9.vrp,ga,1,1406.8370,2533.9375,1888.1934,257.9703,200,6703,0.9000,0.0500,10,10,0.0000,0
a-n60-k9.vrp,ga,1,1406.8370,2627.6992,1882.1724,263.7552,200,6704,0.9000,0.0500,10,10,0.0000,0
a-n60-k9.vrp,ga,1,1406.8370,2529.0071,1889.2738,263.8678,200,6705,0.9000,0.0500,10,10,0.0000,0
a-n60-k9.vrp,ga,1,1406.8370,2402.5376,1856.4398,271.1289,200,6706,0.9000,0.0500,10,10,0.0000,0
a-n60-k9.vrp,ga,1,1406.8370,2487.4653,1845.5924,266.6871,200,6707,0.9000,0.0500,10,10,0.0000,0
a-n60-k9.vrp,ga,1,1406.8370,2476.1355,1867.2404,269.1368,200,6708,0.9000,0.0500,10,10,0.0000,0
a-n60-k9.vrp,ga,1,1406.8370,2641.2815,1884.0076,258.9764,200,6709,0.9000,0.0500,10,10,0.0000,0
a-n60-k9.vrp,ga,1,1406.8370,2431.8335,1837.6198,261.9933,200,6710,0.9000,0.0500,10,10,0.0000,0
a-n60-k9.vrp,ga,1,1406.8370,2441.4246,1852.3687,286.3945,200,6711,0.9000,0.0500,10,10,0.0000,0
a-n60-k9.vrp,ga,1,1406.8370,2404.4163,1834.6771,259.4281,200,6712,0.9000,0.0500,10,10,0.0000,0
a-n60-k9.vrp,ga,1,1406.8370,2426.2878,1844.7137,249.8711,200,6713,0.9000,0.0500,10,10,0.0000,0
a-n60-k9.vrp,ga,1,1406.8370,2347.4683,1839.1743,255.9419,200,6714,0.9000,0.0500,10,10,0.0000,0
a-n60-k9.vrp,ga,1,1406.8370,2429.6277,1805.8435,268.8378,200,6715,0.9000,0.0500,10,10,0.0000,0
a-n60-k9.vrp,ga,1,1406.8370,2384.7568,1809.8486,254.7576,200,6716,0.9000,0.0500,10,10,0.0000,0
a-n60-k9.vrp,ga,1,1406.8370,2432.9060,1866.4108,271.7032,200,6717,0.9000,0.0500,10,10,0.0000,0
a-n60-k9.vrp,ga,1,1406.8370,2450.2773,1841.9573,257.7868,200,6718,0.9000,0.0500,10,10,0.0000,0
a-n60-k9.vrp,ga,1,1406.8370,2463.5786,1866.7716,252.8931,200,6719,0.9000,0.0500,10,10,0.0000,0
a-n60-k9.vrp,ga,1,1406.8370,2341.4688,1833.3341,250.2936,200,6720,0.9000,0.0500,10,10,0.0000,0
a-n60-k9.vrp,ga,1,1406.8370,2483.8892,1836.3350,264.8837,200,6721,0.9000,0.0500,10,10,0.0000,0
a-n60-k9.vrp,ga,1,1406.8370,2413.8955,1848.2970,253.5239,200,6722,0.9000,0.0500,10,10,0.0000,0
a-n60-k9.vrp,ga,1,1406.8370,2422.6626,1814.9949,261.1446,200,6723,0.9000,0.0500,10,10,0.0000,0
a-n60-k9.vrp,ga,1,1406.8370,2395.4609,1824.7469,274.1725,200,6724,0.9000,0.0500,10,10,0.0000,0
a-n60-k9.vrp,ga,1,1406.8370,2374.3254,1842.6848,259.7593,200,6725,0.9000,0.0500,10,10,0.0000,0
a-n60-k9.vrp,ga,1,1406.8370,2348.5627,1823.9857,260.6023,200,6726,0.9000,0.0500,10,10,0.0000,0
a-n60-k9.vrp,ga,1,1406.8370,2319.8669,1868.8429,248.1763,200,6727,0.9000,0.0500,10,10,0.0000,0
a-n60-k9.vrp,ga,1,1406.8370,2433.2517,1857.9196,278.6518,200,6728,0.9000,0.0500,10,10,0.0000,0
a-n60-k9.vrp,ga,1,1406.8370,2409.1948,1856.7213,255.0777,200,6729,0.9000,0.0500,10,10,0.0000,0
a-n60-k9.vrp,ga,1,1406.8370,2444.2800,1820.4618,274.3916,200,6730,0.9000,0.0500,10,10,0.0000,0
a-n60-k9.vrp,ga,1,1406.8370,2502.6011,1813.8923,274.1902,200,6731,0.9000,0.0500,10,10,0.0000,0
a-n60-k9.vrp,ga,1,1406.8370,2398.5771,1834.8301,282.6775,200,6732,0.9000,0.0500,10,10,0.0000,0
a-n60-k9.vrp,ga,1,1406.8370,2362.2078,1841.4106,262.1056,200,6733,0.9000,0.0500,10,10,0.0000,0
a-n60-k9.vrp,ga,1,1406.8370,2406.2256,1858.2573,267.0045,200,6734,0.9000,0.0500,10,10,0.0000,0
a-n60-k9.vrp,ga,1,1406.8370,2533.5833,1842.1134,277.1359,200,6735,0.9000,0.0500,10,10,0.0000,0
a-n60-k9.vrp,ga,1,1406.8370,2390.5347,1819.4766,271.1152,200,6736,0.9000,0.0500,10,10,0.0000,0
a-n60-k9.vrp,ga,1,1406.8370,2440.6016,1829.0258,273.2288,200,6737,0.9000,0.0500,10,10,0.0000,0
a-n60-k9.vrp,ga,1,1406.8370,2561.1379,1831.7699,278.2745,200,6738,0.9000,0.0500,10,10,0.0000,0
a-n60-k9.vrp,ga,1,1406.8370,2462.4434,1840.1975,269.7540,200,6739,0.9000,0.0500,10,10,0.0000,0
a-n60-k9.vrp,ga,1,1406.8370,2472.0938,1879.8146,289.6675,200,6740,0.9000,0.0500,10,10,0.0000,0
a-n60-k9.vrp,ga,1,1406.8370,2488.1521,1845.5963,259.3757,200,6741,0.9000,0.0500,10,10,0.0000,0
a-n60-k9.vrp,ga,1,1406.8370,2379.1887,1840.9102,255.0502,200,6742,0.9000,0.0500,10,10,0.0000,0
a-n60-k9.vrp,ga,1,1406.8370,2512.6323,1862.8876,259.6525,200,6743,0.9000,0.0500,10,10,0.0000,0
a-n60-k9.vrp,ga,1,1406.8370,2596.1646,1881.3317,284.3408,200,6744,0.9000,0.0500,10,10,0.0000,0
a-n60-k9.vrp,ga,1,1406.8370,2435.3196,1831.0360,257.0664,200,6745,0.9000,0.0500,10,10,0.0000,0
a-n60-k9.vrp,ga,1,1406.8370,2676.7400,1827.3599,270.2061,200,6746,0.9000,0.0500,10,10,0.0000,0
a-n60-k9.vrp,ga,1,1406.8370,2372.4109,1832.3950,257.9951,200,6747,0.9000,0.0500,10,10,0.0000,0
a-n60-k9.vrp,ga,1,1406.8370,2525.1714,1831.3522,282.1709,200,6748,0.9000,0.0500,10,10,0.0000,0
a-n60-k9.vrp,ga,1,1406.8370,2652.1101,1827.9885,272.6430,200,6749,0.9000,0.0500,10,10,0.0000,0
a-n60-k9.vrp,ga,1,1406.8370,2492.2368,1844.3491,246.1041,200,6750,0.9000,0.0500,10,10,0.0000,0
a-n60-k9.vrp,ga,1,1406.8370,2549.6619,1876.5652,259.0368,200,6751,0.9000,0.0500,10,10,0.0000,0
a-n60-k9.vrp,ga,1,1406.8370,2650.7500,1869.5262,277.4836,200,6752,0.9000,0.0500,10,10,0.0000,0
a-n60-k9.vrp,ga,1,1406.8370,2366.9006,1836.8075,274.1815,200,6753,0.9000,0.0500,10,10,0.0000,0
a-n60-k9.vrp,ga,1,1406.8370,2517.4141,1843.1173,270.9680,200,6754,0.9000,0.0500,10,10,0.0000,0
a-n60-k9.vrp,ga,1,1406.8370,2422.9028,1838.8176,274.0732,200,6755,0.9000,0.0500,10,10,0.0000,0
a-n60-k9.vrp,ga,1,1406.8370,2508.2646,1810.3828,264.6771,200,6756,0.9000,0.0500,10,10,0.0000,0
a-n60-k9.vrp,ga,1,1406.8370,2526.0088,1820.2634,272.3712,200,6757,0.9000,0.0500,10,10,0.0000,0
a-n60-k9.vrp,ga,1,1406.8370,2446.2600,1837.2174,279.2304,200,6758,0.9000,0.0500,10,10,0.0000,0
a-n60-k9.vrp,ga,1,1406.8370,2506.4214,1846.9781,268.0062,200,6759,0.9000,0.0500,10,10,0.0000,0
a-n60-k9.vrp,ga,1,1406.8370,2561.5339,1829.6492,282.2570,200,6760,0.9000,0.0500,10,10,0.0000,0
a-n60-k9.vrp,ga,1,1406.8370,2506.6887,1857.9819,269.4132,200,6761,0.9000,0.0500,10,10,0.0000,0
a-n60-k9.vrp,ga,1,1406.8370,2420.8606,1838.5558,272.2900,200,6762,0.9000,0.0500,10,10,0.0000,0
a-n60-k9.vrp,ga,1,1406.8370,2657.4121,1867.1283,277.9464,200,6763,0.9000,0.0500,10,10,0.0000,0
a-n60-k9.vrp,ga,1,1406.8370,2851.5452,1874.7416,291.3769,200,6764,0.9000,0.0500,10,10,0.0000,0
a-n60-k9.vrp,ga,1,1406.8370,2496.7249,1888.8127,273.6443,200,6765,0.9000,0.0500,10,10,0.0000,0
a-n60-k9.vrp,ga,1,1406.8370,2471.0750,1842.8661,275.0503,200,6766,0.9000,0.0500,10,10,0.0000,0
a-n60-k9.vrp,ga,1,1406.8370,2473.3076,1855.7881,273.8557,200,6767,0.9000,0.0500,10,10,0.0000,0
a-n60-k9.vrp,ga,1,1406.8370,2480.4326,1891.4768,258.1334,200,6768,0.9000,0.0500,10,10,0.0000,0
a-n60-k9.vrp,ga,1,1406.8370,2429.1140,1847.2982,264.2489,200,6769,0.9000,0.0500,10,10,0.0000,0
a-n60-k9.vrp,ga,1,1406.8370,2471.0527,1882.0712,261.7822,200,6770,0.9000,0.0500,10,10,0.0000,0
a-n60-k9.vrp,ga,1,1406.8370,2593.0220,1878.0758,282.6532,200,6771,0.9000,0.0500,10,10,0.0000,0
a-n60-k9.vrp,ga,1,1406.8370,2374.7917,1831.0632,272.7623,200,6772,0.9000,0.0500,10,10,0.0000,0
a-n60-k9.vrp,ga,1,1406.8370,2575.4873,1922.8478,274.4052,200,6773,0.9000,0.0500,10,10,0.0000,0
a-n60-k9.vrp,ga,1,1406.8370,2636.4355,1847.0884,278.6537,200,6774,0.9000,0.0500,10,10,0.0000,0
a-n60-k9.vrp,ga,1,1406.8370,2454.7329,1858.9706,264.5880,200,6775,0.9000,0.0500,10,10,0.0000,0
a-n60-k9.vrp,ga,1,1406.8370,2488.8501,1862.3119,272.9899,200,6776,0.9000,0.0500,10,10,0.0000,0
a-n60-k9.vrp,ga,1,1406.8370,2433.6169,1844.6958,267.8959,200,6777,0.9000,0.0500,10,10,0.0000,0
a-n60-k9.vrp,ga,1,1406.8370,2412.8855,1856.3955,288.3051,200,6778,0.9000,0.0500,10,10,0.0000,0
a-n60-k9.vrp,ga,1,1406.8370,2556.2200,1856.5198,271.3283,200,6779,0.9000,0.0500,10,10,0.0000,0
a-n60-k9.vrp,ga,1,1406.8370,2651.5806,1846.9664,265.9987,200,6780,0.9000,0.0500,10,10,0.0000,0
a-n60-k9.vrp,ga,1,1406.8370,2547.5808,1887.1277,279.9299,200,6781,0.9000,0.0500,10,10,0.0000,0
a-n60-k9.vrp,ga,1,1406.8370,2527.1790,1878.5614,252.9857,200,6782,0.9000,0.0500,10,10,0.0000,0
a-n60-k9.vrp,ga,1,1406.8370,2414.8123,1870.2302,265.3436,200,6783,0.9000,0.0500,10,10,0.0000,0
a-n60-k9.vrp,ga,1,1406.8370,2631.7969,1816.0834,275.8724,200,6784,0.9000,0.0500,10,10,0.0000,0
a-n60-k9.vrp,ga,1,1406.8370,2545.1025,1816.2156,264.8247,200,6785,0.9000,0.0500,10,10,0.0000,0
a-n60-k9.vrp,ga,1,1406.8370,2341.4556,1850.6694,258.8390,200,6786,0.9000,0.0500,10,10,0.0000,0
a-n60-k9.vrp,ga,1,1406.8370,2412.5574,1855.4905,269.8685,200,6787,0.9000,0.0500,10,10,0.0000,0
a-n60-k9.vrp,ga,1,1406.8370,2493.7471,1838.4376,272.8065,200,6788,0.9000,0.0500,10,10,0.0000,0
a-n60-k9.vrp,ga,1,1406.8370,2394.6824,1840.0690,266.7312,200,6789,0.9000,0.0500,10,10,0.0000,0
a-n60-k9.vrp,ga,1,1406.8370,2656.2778,1851.6455,270.8095,200,6790,0.9000,0.0500,10,10,0.0000,0
a-n60-k9.vrp,ga,1,1406.8370,2567.3284,1867.7927,273.1606,200,6791,0.9000,0.0500,10,10,0.0000,0
a-n60-k9.vrp,ga,1,1406.8370,2504.5603,1874.0574,272.8434,200,6792,0.9000,0.0500,10,10,0.0000,0
a-n60-k9.vrp,ga,1,1406.8370,2429.6277,1847.5229,275.0238,200,6793,0.9000,0.0500,10,10,0.0000,0
a-n60-k9.vrp,ga,1,1406.8370,2433.9321,1837.4814,273.0126,200,6794,0.9000,0.0500,10,10,0.0000,0
a-n60-k9.vrp,ga,1,1406.8370,2505.3306,1859.8038,257.6944,200,6795,0.9000,0.0500,10,10,0.0000,0
a-n60-k9.vrp,ga,1,1406.8370,2451.9595,1878.2295,266.9117,200,6796,0.9000,0.0500,10,10,0.0000,0
a-n60-k9.vrp,ga,1,1406.8370,2423.8892,1864.9775,263.4746,200,6797,0.9000,0.0500,10,10,0.0000,0
a-n60-k9.vrp,ga,1,1406.8370,2490.0754,1814.6232,256.7621,200,6798,0.9000,0.0500,10,10,0.0000,0
a-n60-k9.vrp,ga,1,1406.8370,2355.5901,1827.2831,263.2813,200,6799,0.9000,0.0500,10,10,0.0000,0
a-n60-k9.vrp,ga,1,1406.8370,2542.2764,1861.1694,257.5867,200,6800,0.9000,0.0500,10,10,0.0000,0
a-n60-k9.vrp,ga,1,1406.8370,2430.0808,1823.4001,266.8486,200,6801,0.9000,0.0500,10,10,0.0000,0
a-n60-k9.vrp,ga,1,1406.8370,2476.5647,1852.6344,267.6544,200,6802,0.9000,0.0500,10,10,0.0000,0
a-n60-k9.vrp,ga,1,1406.8370,2616.9448,1886.9805,273.3474,200,6803,0.9000,0.0500,10,10,0.0000,0
a-n60-k9.vrp,ga,1,1406.8370,2392.4370,1853.8059,259.1370,200,6804,0.9000,0.0500,10,10,0.0000,0
a-n60-k9.vrp,ga,1,1406.8370,2586.6162,1848.6663,289.3519,200,6805,0.9000,0.0500,10,10,0.0000,0
a-n60-k9.vrp,ga,1,1406.8370,2523.7441,1837.8898,294.5030,200,6806,0.9000,0.0500,10,10,0.0000,0
a-n60-k9.vrp,ga,1,1406.8370,2631.4583,1873.8082,280.4598,200,6807,0.9000,0.0500,10,10,0.0000,0
a-n60-k9.vrp,ga,1,1406.8370,2509.3567,1844.9629,271.5599,200,6808,0.9000,0.0500,10,10,0.0000,0
a-n60-k9.vrp,ga,1,1406.8370,2461.1270,1831.3470,267.8212,200,6809,0.9000,0.0500,10,10,0.0000,0
a-n60-k9.vrp,ga,1,1406.8370,2741.0366,1833.4979,276.1227,200,6810,0.9000,0.0500,10,10,0.0000,0
a-n60-k9.vrp,ga,1,1406.8370,2504.7964,1870.4098,274.8272,200,6811,0.9000,0.0500,10,10,0.0000,0
a-n60-k9.vrp,ga,1,1406.8370,2560.7896,1854.9036,292.1023,200,6812,0.9000,0.0500,10,10,0.0000,0
a-n60-k9.vrp,ga,1,1406.8370,2592.2693,1889.3062,265.8288,200,6813,0.9000,0.0500,10,10,0.0000,0
a-n60-k9.vrp,ga,1,1406.8370,2459.8684,1913.5936,268.5826,200,6814,0.9000,0.0500,10,10,0.0000,0
a-n60-k9.vrp,ga,1,1406.8370,2812.3594,1925.3391,279.9506,200,6815,0.9000,0.0500,10,10,0.0000,0
a-n60-k9.vrp,ga,1,1406.8370,2713.5522,1924.6407,288.8712,200,6816,0.9000,0.0500,10,10,0.0000,0
a-n60-k9.vrp,ga,1,1406.8370,2625.1545,1890.6379,293.7994,200,6817,0.9000,0.0500,10,10,0.0000,0
a-n60-k9.vrp,ga,1,1406.8370,2456.2578,1873.6769,275.4457,200,6818,0.9000,0.0500,10,10,0.0000,0
a-n60-k9.vrp,ga,1,1406.8370,2815.8320,1905.1479,305.1377,200,6819,0.9000,0.0500,10,10,0.0000,0
a-n60-k9.vrp,ga,1,1406.8370,2511.0383,1885.9276,263.5400,200,6820,0.9000,0.0500,10,10,0.0000,0
a-n60-k9.vrp,ga,1,1406.8370,2599.1292,1901.1351,285.6351,200,6821,0.9000,0.0500,10,10,0.0000,0
a-n60-k9.vrp,ga,1,1406.8370,2619.6035,1885.0366,290.8530,200,6822,0.9000,0.0500,10,10,0.0000,0
a-n60-k9.vrp,ga,1,1406.8370,2623.7593,1911.8229,297.3871,200,6823,0.9000,0.0500,10,10,0.0000,0
a-n60-k9.vrp,ga,1,1406.8370,2594.4509,1872.4429,288.6853,200,6824,0.9000,0.0500,10,10,0.0000,0
a-n60-k9.vrp,ga,1,1406.8370,2365.9668,1890.2760,260.0915,200,6825,0.9000,0.0500,10,10,0.0000,0
a-n60-k9.vrp,ga,1,1406.8370,2665.1667,1862.1146,315.0546,200,6826,0.9000,0.0500,10,10,0.0000,0
a-n60-k9.vrp,ga,1,1406.8370,2693.2139,1855.5251,284.6448,200,6827,0.9000,0.0500,10,10,0.0000,0
a-n60-k9.vrp,ga,1,1406.8370,2614.3914,1866.8789,278.3431,200,6828,0.9000,0.0500,10,10,0.0000,0
a-n60-k9.vrp,ga,1,1406.8370,2573.3154,1873.7118,278.1896,200,6829,0.9000,0.0500,10,10,0.0000,0
a-n60-k9.vrp,ga,1,1406.8370,2616.8418,1912.8243,272.9109,200,6830,0.9000,0.0500,10,10,0.0000,0
a-n60-k9.vrp,ga,1,1406.8370,2803.9868,1914.6277,283.8155,200,6831,0.9000,0.0500,10,10,0.0000,0
a-n60-k9.vrp,ga,1,1406.8370,2715.8064,1949.1284,290.5836,200,6832,0.9000,0.0500,10,10,0.0000,0
a-n60-k9.vrp,ga,1,1406.8370,2598.3440,1893.6699,276.2523,200,6833,0.9000,0.0500,10,10,0.0000,0
a-n60-k9.vrp,ga,1,1406.8370,2659.7778,1911.7720,281.9119,200,6834,0.9000,0.0500,10,10,0.0000,0
a-n60-k9.vrp,ga,1,1406.8370,2803.5376,1868.1686,277.6613,200,6835,0.9000,0.0500,10,10,0.0000,0
a-n60-k9.vrp,ga,1,1406.8370,2712.4194,1888.5577,275.2624,200,6836,0.9000,0.0500,10,10,0.0000,0
a-n60-k9.vrp,ga,1,1406.8370,2507.9150,1874.6478,285.0063,200,6837,0.9000,0.0500,10,10,0.0000,0
a-n60-k9.vrp,ga,1,1406.8370,2843.1094,1875.1758,270.5185,200,6838,0.9000,0.0500,10,10,0.0000,0
a-n60-k9.vrp,ga,1,1406.8370,2615.8010,1892.0867,284.8163,200,6839,0.9000,0.0500,10,10,0.0000,0
a-n60-k9.vrp,ga,1,1406.8370,2602.4807,1882.0347,294.5630,200,6840,0.9000,0.0500,10,10,0.0000,0
a-n60-k9.vrp,ga,1,1406.8370,2750.9998,1896.0779,262.6904,200,6841,0.9000,0.0500,10,10,0.0000,0
a-n60-k9.vrp,ga,1,1406.8370,2543.1943,1867.7345,278.5432,200,6842,0.9000,0.0500,10,10,0.0000,0
a-n60-k9.vrp,ga,1,1406.8370,2497.6865,1858.1265,257.3860,200,6843,0.9000,0.0500,10,10,0.0000,0
a-n60-k9.vrp,ga,1,1406.8370,2645.0991,1840.2811,303.0776,200,6844,0.9000,0.0500,10,10,0.0000,0
a-n60-k9.vrp,ga,1,1406.8370,2676.2012,1869.4348,251.4639,200,6845,0.9000,0.0500,10,10,0.0000,0
a-n60-k9.vrp,ga,1,1406.8370,2664.8503,1915.3065,264.6096,200,6846,0.9000,0.0500,10,10,0.0000,0
a-n60-k9.vrp,ga,1,1406.8370,2601.6255,1900.2354,283.3698,200,6847,0.9000,0.0500,10,10,0.0000,0
a-n60-k9.vrp,ga,1,1406.8370,2576.2441,1922.1399,272.0962,200,6848,0.9000,0.0500,10,10,0.0000,0
a-n60-k9.vrp,ga,1,1406.8370,2667.0559,1907.7192,280.3902,200,6849,0.9000,0.0500,10,10,0.0000,0
a-n60-k9.vrp,ga,1,1406.8370,2556.4905,1857.3942,292.1742,200,6850,0.9000,0.0500,10,10,0.0000,0
a-n60-k9.vrp,ga,1,1406.8370,2488.4543,1867.8549,291.1785,200,6851,0.9000,0.0500,10,10,0.0000,0
a-n60-k9.vrp,ga,1,1406.8370,2521.6201,1883.0583,276.2192,200,6852,0.9000,0.0500,10,10,0.0000,0
a-n60-k9.vrp,ga,1,1406.8370,2454.1963,1892.3610,252.6575,200,6853,0.9000,0.0500,10,10,0.0000,0
a-n60-k9.vrp,ga,1,1406.8370,2428.8831,1863.0350,273.5010,200,6854,0.9000,0.0500,10,10,0.0000,0
a-n60-k9.vrp,ga,1,1406.8370,2446.5417,1888.3025,272.8075,200,6855,0.9000,0.0500,10,10,0.0000,0
a-n60-k9.vrp,ga,1,1406.8370,2843.4756,1873.5776,273.4952,200,6856,0.9000,0.0500,10,10,0.0000,0
a-n60-k9.vrp,ga,1,1406.8370,2537.1489,1905.1373,284.2860,200,6857,0.9000,0.0500,10,10,0.0000,0
a-n60-k9.vrp,ga,1,1406.8370,2541.6455,1871.2552,273.0454,200,6858,0.9000,0.0500,10,10,0.0000,0
a-n60-k9.vrp,ga,1,1406.8370,2503.4233,1856.9512,282.9457,200,6859,0.9000,0.0500,10,10,0.0000,0
a-n60-k9.vrp,ga,1,1406.8370,2522.7168,1873.9498,287.6180,200,6860,0.9000,0.0500,10,10,0.0000,0
a-n60-k9.vrp,ga,1,1406.8370,2610.7205,1888.7593,282.7661,200,6861,0.9000,0.0500,10,10,0.0000,0
a-n60-k9.vrp,ga,1,1406.8370,2464.4119,1846.4917,267.9891,200,6862,0.9000,0.0500,10,10,0.0000,0
a-n60-k9.vrp,ga,1,1406.8370,2440.5125,1853.4946,262.8092,200,6863,0.9000,0.0500,10,10,0.0000,0
a-n60-k9.vrp,ga,1,1406.8370,2704.8289,1912.9215,265.2759,200,6864,0.9000,0.0500,10,10,0.0000,0
a-n60-k9.vrp,ga,1,1406.8370,2696.5679,1906.7965,282.9791,200,6865,0.9000,0.0500,10,10,0.0000,0
a-n60-k9.vrp,ga,1,1406.8370,2703.5962,1937.0018,286.0938,200,6866,0.9000,0.0500,10,10,0.0000,0
a-n60-k9.vrp,ga,1,1406.8370,2471.9399,1934.6514,282.4167,200,6867,0.9000,0.0500,10,10,0.0000,0
a-n60-k9.vrp,ga,1,1406.8370,2728.6917,1917.3918,296.8493,200,6868,0.9000,0.0500,10,10,0.0000,0
a-n60-k9.vrp,ga,1,1406.8370,2417.4370,1890.2670,279.7397,200,6869,0.9000,0.0500,10,10,0.0000,0
a-n60-k9.vrp,ga,1,1406.8370,2621.6694,1940.0101,282.9446,200,6870,0.9000,0.0500,10,10,0.0000,0
a-n60-k9.vrp,ga,1,1406.8370,2609.2751,1927.7494,285.2062,200,6871,0.9000,0.0500,10,10,0.0000,0
a-n60-k9.vrp,ga,1,1406.8370,2656.8152,1920.2593,300.0620,200,6872,0.9000,0.0500,10,10,0.0000,0
a-n60-k9.vrp,ga,1,1406.8370,2897.1340,1947.4954,288.6938,200,6873,0.9000,0.0500,10,10,0.0000,0
a-n60-k9.vrp,ga,1,1406.8370,2631.4199,1955.7112,285.6724,200,6874,0.9000,0.0500,10,10,0.0000,0
a-n60-k9.vrp,ga,1,1406.8370,2621.4092,1969.7671,292.2913,200,6875,0.9000,0.0500,10,10,0.0000,0
a-n60-k9.vrp,ga,1,1406.8370,2721.0232,1921.4415,311.6406,200,6876,0.9000,0.0500,10,10,0.0000,0
a-n60-k9.vrp,ga,1,1406.8370,2680.4507,1984.1273,297.5444,200,6877,0.9000,0.0500,10,10,0.0000,0
a-n60-k9.vrp,ga,1,1406.8370,2781.1013,1965.3755,294.5475,200,6878,0.9000,0.0500,10,10,0.0000,0
a-n60-k9.vrp,ga,1,1406.8370,2590.9980,1955.0551,289.5146,200,6879,0.9000,0.0500,10,10,0.0000,0
a-n60-k9.vrp,ga,1,1406.8370,2563.7375,1905.1243,282.9080,200,6880,0.9000,0.0500,10,10,0.0000,0
a-n60-k9.vrp,ga,1,1406.8370,2647.9272,1897.6033,283.0459,200,6881,0.9000,0.0500,10,10,0.0000,0
a-n60-k9.vrp,ga,1,1406.8370,2694.4192,1961.6763,296.1980,200,6882,0.9000,0.0500,10,10,0.0000,0
a-n60-k9.vrp,ga,1,1406.8370,2702.0981,1953.0245,292.7377,200,6883,0.9000,0.0500,10,10,0.0000,0
a-n60-k9.vrp,ga,1,1406.8370,2646.3494,1915.4106,279.7719,200,6884,0.9000,0.0500,10,10,0.0000,0
a-n60-k9.vrp,ga,1,1406.8370,2754.6187,1908.6173,283.1131,200,6885,0.9000,0.0500,10,10,0.0000,0
a-n60-k9.vrp,ga,1,1406.8370,2735.3591,1927.1631,290.4402,200,6886,0.9000,0.0500,10,10,0.0000,0
a-n60-k9.vrp,ga,1,1406.8370,2875.2878,1901.7715,288.4892,200,6887,0.9000,0.0500,10,10,0.0000,0
a-n60-k9.vrp,ga,1,1406.8370,2778.4038,1887.8947,276.2363,200,6888,0.9000,0.0500,10,10,0.0000,0
a-n60-k9.vrp,ga,1,1406.8370,2744.5171,1907.2938,312.1794,200,6889,0.9000,0.0500,10,10,0.0000,0
a-n60-k9.vrp,ga,1,1406.8370,2660.1375,1898.7822,312.0537,200,6890,0.9000,0.0500,10,10,0.0000,0
a-n60-k9.vrp,ga,1,1406.8370,2860.8955,1918.6382,284.6714,200,6891,0.9000,0.0500,10,10,0.0000,0
a-n60-k9.vrp,ga,1,1406.8370,2690.8784,1969.0186,283.6957,200,6892,0.9000,0.0500,10,10,0.0000,0
a-n60-k9.vrp,ga,1,1406.8370,2802.3225,1920.2299,297.9690,200,6893,0.9000,0.0500,10,10,0.0000,0
a-n60-k9.vrp,ga,1,1406.8370,2782.7246,1912.9990,308.9596,200,6894,0.9000,0.0500,10,10,0.0000,0
a-n60-k9.vrp,ga,1,1406.8370,2809.1511,1917.6417,295.3177,200,6895,0.9000,0.0500,10,10,0.0000,0
a-n60-k9.vrp,ga,1,1406.8370,2747.1875,1929.4523,312.0781,200,6896,0.9000,0.0500,10,10,0.0000,0
a-n60-k9.vrp,ga,1,1406.8370,2728.8096,1915.8982,292.8666,200,6897,0.9000,0.0500,10,10,0.0000,0
a-n60-k9.vrp,ga,1,1406.8370,2968.9067,1933.6807,312.1459,200,6898,0.9000,0.0500,10,10,0.0000,0
a-n60-k9.vrp,ga,1,1406.8370,2920.7578,2003.6759,317.5037,200,6899,0.9000,0.0500,10,10,0.0000,0
a-n60-k9.vrp,ga,1,1406.8370,2650.9258,1939.4979,283.3643,200,6900,0.9000,0.0500,10,10,0.0000,0
a-n60-k9.vrp,ga,1,1406.8370,2861.5779,1984.6847,317.6936,200,6901,0.9000,0.0500,10,10,0.0000,0
a-n60-k9.vrp,ga,1,1406.8370,2791.0884,1965.0912,299.6708,200,6902,0.9000,0.0500,10,10,0.0000,0
a-n60-k9.vrp,ga,1,1406.8370,2904.9377,1957.5833,342.7304,200,6903,0.9000,0.0500,10,10,0.0000,0
a-n60-k9.vrp,ga,1,1406.8370,2667.7537,1948.0538,310.8138,200,6904,0.9000,0.0500,10,10,0.0000,0
a-n60-k9.vrp,ga,1,1406.8370,3045.4219,1922.8918,348.9703,200,6905,0.9000,0.0500,10,10,0.0000,0
a-n60-k9.vrp,ga,1,1406.8370,3033.6252,1895.5582,306.6759,200,6906,0.9000,0.0500,10,10,0.0000,0
a-n60-k9.vrp,ga,1,1406.8370,2984.1814,1968.0874,319.5413,200,6907,0.9000,0.0500,10,10,0.0000,0
a-n60-k9.vrp,ga,1,1406.8370,2533.9385,1905.5974,269.2297,200,6908,0.9000,0.0500,10,10,0.0000,0
a-n60-k9.vrp,ga,1,1406.8370,2750.1599,1919.7521,293.5587,200,6909,0.9000,0.0500,10,10,0.0000,0
a-n60-k9.vrp,ga,1,1406.8370,2908.6082,1915.9877,330.0046,200,6910,0.9000,0.0500,10,10,0.0000,0
a-n60-k9.vrp,ga,1,1406.8370,2754.6821,1857.0244,297.1967,200,6911,0.9000,0.0500,10,10,0.0000,0
a-n60-k9.vrp,ga,1,1406.8370,2989.9812,1856.7349,324.5504,200,6912,0.9000,0.0500,10,10,0.0000,0
a-n60-k9.vrp,ga,1,1406.8370,2759.8706,1877.9028,308.6114,200,6913,0.9000,0.0500,10,10,0.0000,0
a-n60-k9.vrp,ga,1,1406.8370,2975.2600,1931.1814,318.4278,200,6914,0.9000,0.0500,10,10,0.0000,0
a-n60-k9.vrp,ga,1,1406.8370,2846.9150,1872.5818,308.9991,200,6915,0.9000,0.0500,10,10,0.0000,0
a-n60-k9.vrp,ga,1,1406.8370,2933.7170,1926.5284,353.4795,200,6916,0.9000,0.0500,10,10,0.0000,0
a-n60-k9.vrp,ga,1,1406.8370,2844.3716,1919.6106,281.1501,200,6917,0.9000,0.0500,10,10,0.0000,0
a-n60-k9.vrp,ga,1,1406.8370,2858.8499,1928.3019,299.8842,200,6918,0.9000,0.0500,10,10,0.0000,0
a-n60-k9.vrp,ga,1,1406.8370,2817.5530,1912.7668,287.5880,200,6919,0.9000,0.0500,10,10,0.0000,0
a-n60-k9.vrp,ga,1,1406.8370,2872.6716,1917.9156,316.2957,200,6920,0.9000,0.0500,10,10,0.0000,0
a-n60-k9.vrp,ga,1,1406.8370,2847.9014,1898.5630,299.1776,200,6921,0.9000,0.0500,10,10,0.0000,0
a-n60-k9.vrp,ga,1,1406.8370,2800.9951,1884.1390,296.0830,200,6922,0.9000,0.0500,10,10,0.0000,0
a-n60-k9.vrp,ga,1,1406.8370,2812.4287,1895.6359,289.1529,200,6923,0.9000,0.0500,10,10,0.0000,0
a-n60-k9.vrp,ga,1,1406.8370,2650.5830,1875.7512,288.8859,200,6924,0.9000,0.0500,10,10,0.0000,0
a-n60-k9.vrp,ga,1,1406.8370,2960.1724,1878.1991,306.1267,200,6925,0.9000,0.0500,10,10,0.0000,0
a-n60-k9.vrp,ga,1,1406.8370,2664.8262,1862.9762,273.6888,200,6926,0.9000,0.0500,10,10,0.0000,0
a-n60-k9.vrp,ga,1,1406.8370,2970.0100,1894.0618,313.1697,200,6927,0.9000,0.0500,10,10,0.0000,0
a-n60-k9.vrp,ga,1,1406.8370,2904.0388,1900.8839,299.5027,200,6928,0.9000,0.0500,10,10,0.0000,0
a-n60-k9.vrp,ga,1,1406.8370,3036.1321,1904.8262,294.1049,200,6929,0.9000,0.0500,10,10,0.0000,0
a-n60-k9.vrp,ga,1,1406.8370,2871.8376,1928.9315,307.3088,200,6930,0.9000,0.0500,10,10,0.0000,0
a-n60-k9.vrp,ga,1,1406.8370,2930.1772,1931.0485,325.1893,200,6931,0.9000,0.0500,10,10,0.0000,0
a-n60-k9.vrp,ga,1,1406.8370,3153.5542,1901.0815,321.0758,200,6932,0.9000,0.0500,10,10,0.0000,0
a-n60-k9.vrp,ga,1,1406.8370,2793.7144,1841.5060,299.6190,200,6933,0.9000,0.0500,10,10,0.0000,0
a-n60-k9.vrp,ga,1,1406.8370,2947.8491,1847.1128,318.1999,200,6934,0.9000,0.0500,10,10,0.0000,0
a-n60-k9.vrp,ga,1,1406.8370,2951.7817,1835.4376,287.7260,200,6935,0.9000,0.0500,10,10,0.0000,0
a-n60-k9.vrp,ga,1,1406.8370,3108.2073,1888.9088,297.2531,200,6936,0.9000,0.0500,10,10,0.0000,0
a-n60-k9.vrp,ga,1,1406.8370,3098.7244,1880.5771,295.3472,200,6937,0.9000,0.0500,10,10,0.0000,0
a-n60-k9.vrp,ga,1,1406.8370,2978.4565,1904.4421,290.7680,200,6938,0.9000,0.0500,10,10,0.0000,0
a-n60-k9.vrp,ga,1,1406.8370,2783.9658,1907.5098,278.4779,200,6939,0.9000,0.0500,10,10,0.0000,0
a-n60-k9.vrp,ga,1,1406.8370,3061.0874,1907.0706,329.8295,200,6940,0.9000,0.0500,10,10,0.0000,0
a-n60-k9.vrp,ga,1,1406.8370,3002.6292,1863.5446,302.8512,200,6941,0.9000,0.0500,10,10,0.0000,0
a-n60-k9.vrp,ga,1,1406.8370,2827.2505,1869.2357,316.5656,200,6942,0.9000,0.0500,10,10,0.0000,0
a-n60-k9.vrp,ga,1,1406.8370,3016.1560,1909.9709,328.2296,200,6943,0.9000,0.0500,10,10,0.0000,0
a-n60-k9.vrp,ga,1,1406.8370,3186.4829,1914.4659,331.6486,200,6944,0.9000,0.0500,10,10,0.0000,0
a-n60-k9.vrp,ga,1,1406.8370,2779.2886,1910.2117,289.7071,200,6945,0.9000,0.0500,10,10,0.0000,0
a-n60-k9.vrp,ga,1,1406.8370,2975.1555,1925.9633,317.8815,200,6946,0.9000,0.0500,10,10,0.0000,0
a-n60-k9.vrp,ga,1,1406.8370,2809.8037,1829.3856,282.0500,200,6947,0.9000,0.0500,10,10,0.0000,0
a-n60-k9.vrp,ga,1,1406.8370,2851.2505,1862.8807,288.0516,200,6948,0.9000,0.0500,10,10,0.0000,0
a-n60-k9.vrp,ga,1,1406.8370,2946.3247,1853.0342,295.6525,200,6949,0.9000,0.0500,10,10,0.0000,0
a-n60-k9.vrp,ga,1,1406.8370,2896.3201,1887.1771,304.9324,200,6950,0.9000,0.0500,10,10,0.0000,0
a-n60-k9.vrp,ga,1,1406.8370,2675.5740,1878.3748,286.9100,200,6951,0.9000,0.0500,10,10,0.0000,0
a-n60-k9.vrp,ga,1,1406.8370,2978.5273,1884.8977,310.1751,200,6952,0.9000,0.0500,10,10,0.0000,0
a-n60-k9.vrp,ga,1,1406.8370,2918.8743,1875.1257,304.8680,200,6953,0.9000,0.0500,10,10,0.0000,0
a-n60-k9.vrp,ga,1,1406.8370,3052.7844,1868.2057,307.6891,200,6954,0.9000,0.0500,10,10,0.0000,0
a-n60-k9.vrp,ga,1,1406.8370,3001.5955,1906.1438,336.2052,200,6955,0.9000,0.0500,10,10,0.0000,0
a-n60-k9.vrp,ga,1,1406.8370,2841.4619,1885.4601,313.8775,200,6956,0.9000,0.0500,10,10,0.0000,0
a-n60-k9.vrp,ga,1,1406.8370,2895.9087,1925.9271,311.5444,200,6957,0.9000,0.0500,10,10,0.0000,0
a-n60-k9.vrp,ga,1,1406.8370,2942.8831,1887.8892,291.7005,200,6958,0.9000,0.0500,10,10,0.0000,0
a-n60-k9.vrp,ga,1,1406.8370,2694.9126,1904.8291,266.5431,200,6959,0.9000,0.0500,10,10,0.0000,0
a-n60-k9.vrp,ga,1,1406.8370,2943.9014,1919.9728,331.9937,200,6960,0.9000,0.0500,10,10,0.0000,0
a-n60-k9.vrp,ga,1,1406.8370,3035.2961,1911.8607,307.5673,200,6961,0.9000,0.0500,10,10,0.0000,0
a-n60-k9.vrp,ga,1,1406.8370,2737.6047,1893.1581,298.4664,200,6962,0.9000,0.0500,10,10,0.0000,0
a-n60-k9.vrp,ga,1,1406.8370,2724.5833,1862.4496,279.3901,200,6963,0.9000,0.0500,10,10,0.0000,0
a-n60-k9.vrp,ga,1,1406.8370,2645.9192,1851.0890,291.7732,200,6964,0.9000,0.0500,10,10,0.0000,0
a-n60-k9.vrp,ga,1,1406.8370,2936.8093,1899.3274,331.0887,200,6965,0.9000,0.0500,10,10,0.0000,0
a-n60-k9.vrp,ga,1,1406.8370,2943.9014,1877.1073,283.6622,200,6966,0.9000,0.0500,10,10,0.0000,0
a-n60-k9.vrp,ga,1,1406.8370,2870.9873,1909.9919,309.3523,200,6967,0.9000,0.0500,10,10,0.0000,0
a-n60-k9.vrp,ga,1,1406.8370,2625.9387,1871.1322,278.8876,200,6968,0.9000,0.0500,10,10,0.0000,0
a-n60-k9.vrp,ga,1,1406.8370,2775.2686,1895.0017,283.9546,200,6969,0.9000,0.0500,10,10,0.0000,0
a-n60-k9.vrp,ga,1,1406.8370,2949.1345,1929.1444,283.6732,200,6970,0.9000,0.0500,10,10,0.0000,0
a-n60-k9.vrp,ga,1,1406.8370,3028.7463,1952.6797,289.1198,200,6971,0.9000,0.0500,10,10,0.0000,0
a-n60-k9.vrp,ga,1,1406.8370,2974.3955,1952.5133,318.3553,200,6972,0.9000,0.0500,10,10,0.0000,0
a-n60-k9.vrp,ga,1,1406.8370,3203.3340,1931.0603,324.4306,200,6973,0.9000,0.0500,10,10,0.0000,0
a-n60-k9.vrp,ga,1,1406.8370,3058.8330,1898.0815,276.2127,200,6974,0.9000,0.0500,10,10,0.0000,0
a-n60-k9.vrp,ga,1,1406.8370,2973.0505,1928.3580,320.1359,200,6975,0.9000,0.0500,10,10,0.0000,0
a-n60-k9.vrp,ga,1,1406.8370,3028.5747,1888.5612,319.1536,200,6976,0.9000,0.0500,10,10,0.0000,0
a-n60-k9.vrp,ga,1,1406.8370,2905.3640,1903.7777,297.0153,200,6977,0.9000,0.0500,10,10,0.0000,0
a-n60-k9.vrp,ga,1,1406.8370,3055.2324,1917.5719,306.6051,200,6978,0.9000,0.0500,10,10,0.0000,0
a-n60-k9.vrp,ga,1,1406.8370,2856.8025,1890.9559,319.3141,200,6979,0.9000,0.0500,10,10,0.0000,0
a-n60-k9.vrp,ga,1,1406.8370,2480.7109,1860.1619,287.5673,200,6980,0.9000,0.0500,10,10,0.0000,0
a-n60-k9.vrp,ga,1,1406.8370,2599.3486,1858.1887,289.6148,200,6981,0.9000,0.0500,10,10,0.0000,0
a-n60-k9.vrp,ga,1,1406.8370,2429.6277,1859.7057,269.8038,200,6982,0.9000,0.0500,10,10,0.0000,0
a-n60-k9.vrp,ga,1,1406.8370,2399.2798,1861.3024,270.3294,200,6983,0.9000,0.0500,10,10,0.0000,0
a-n60-k9.vrp,ga,1,1406.8370,2471.8230,1862.1542,271.6809,200,6984,0.9000,0.0500,10,10,0.0000,0
a-n60-k9.vrp,ga,1,1406.8370,2460.2549,1871.3181,292.8246,200,6985,0.9000,0.0500,10,10,0.0000,0
a-n60-k9.vrp,ga,1,1406.8370,2529.0657,1850.6039,280.4819,200,6986,0.9000,0.0500,10,10,0.0000,0
a-n60-k9.vrp,ga,1,1406.8370,2543.9021,1833.4810,308.0884,200,6987,0.9000,0.0500,10,10,0.0000,0
a-n60-k9.vrp,ga,1,1406.8370,2349.3618,1821.9501,265.1716,200,6988,0.9000,0.0500,10,10,0.0000,0
a-n60-k9.vrp,ga,1,1406.8370,2550.3147,1861.0176,283.1898,200,6989,0.9000,0.0500,10,10,0.0000,0
a-n60-k9.vrp,ga,1,1406.8370,2489.4778,1870.2100,278.0266,200,6990,0.9000,0.0500,10,10,0.0000,0
a-n60-k9.vrp,ga,1,1406.8370,2446.0630,1845.1691,283.2501,200,6991,0.9000,0.0500,10,10,0.0000,0
a-n60-k9.vrp,ga,1,1406.8370,2484.6917,1890.3016,259.9081,200,6992,0.9000,0.0500,10,10,0.0000,0
a-n60-k9.vrp,ga,1,1406.8370,2413.8955,1895.2559,257.3491,200,6993,0.9000,0.0500,10,10,0.0000,0
a-n60-k9.vrp,ga,1,1406.8370,2529.9995,1860.2517,281.4043,200,6994,0.9000,0.0500,10,10,0.0000,0
a-n60-k9.vrp,ga,1,1406.8370,2551.0569,1860.9973,276.4546,200,6995,0.9000,0.0500,10,10,0.0000,0
a-n60-k9.vrp,ga,1,1406.8370,2500.3218,1907.8541,257.5243,200,6996,0.9000,0.0500,10,10,0.0000,0
a-n60-k9.vrp,ga,1,1406.8370,2524.3882,1893.0521,268.4084,200,6997,0.9000,0.0500,10,10,0.0000,0
a-n60-k9.vrp,ga,1,1406.8370,2529.0383,1887.9480,270.7567,200,6998,0.9000,0.0500,10,10,0.0000,0
a-n60-k9.vrp,ga,1,1406.8370,2754.9351,1869.1418,291.9242,200,6999,0.9000,0.0500,10,10,0.0000,0
a-n60-k9.vrp,ga,1,1406.8370,2616.0476,1827.3438,277.2234,200,7000,0.9000,0.0500,10,10,0.0000,0
a-n60-k9.vrp,ga,1,1406.8370,2492.6863,1872.4323,277.7302,200,7001,0.9000,0.0500,10,10,0.0000,0
a-n60-k9.vrp,ga,1,1406.8370,2445.9924,1893.4944,267.4789,200,7002,0.9000,0.0500,10,10,0.0000,0
a-n60-k9.vrp,ga,1,1406.8370,2486.3062,1861.4624,289.1714,200,7003,0.9000,0.0500,10,10,0.0000,0
a-n60-k9.vrp,ga,1,1406.8370,2518.2964,1886.5129,270.8254,200,7004,0.9000,0.0500,10,10,0.0000,0
a-n60-k9.vrp,ga,1,1406.8370,2547.2993,1894.7502,261.2010,200,7005,0.9000,0.0500,10,10,0.0000,0
a-n60-k9.vrp,ga,1,1406.8370,2493.3257,1880.4934,289.1182,200,7006,0.9000,0.0500,10,10,0.0000,0
a-n60-k9.vrp,ga,1,1406.8370,2502.0674,1853.5720,290.5820,200,7007,0.9000,0.0500,10,10,0.0000,0
a-n60-k9.vrp,ga,1,1406.8370,2579.4558,1885.3696,288.5938,200,7008,0.9000,0.0500,10,10,0.0000,0
a-n60-k9.vrp,ga,1,1406.8370,2611.7983,1862.2761,280.9243,200,7009,0.9000,0.0500,10,10,0.0000,0
a-n60-k9.vrp,ga,1,1406.8370,2475.5640,1844.4725,279.5627,200,7010,0.9000,0.0500,10,10,0.0000,0
a-n60-k9.vrp,ga,1,1406.8370,2606.9028,1845.1093,272.0948,200,7011,0.9000,0.0500,10,10,0.0000,0
a-n60-k9.vrp,ga,1,1406.8370,2530.9512,1885.0348,261.3446,200,7012,0.9000,0.0500,10,10,0.0000,0
a-n60-k9.vrp,ga,1,1406.8370,2489.2131,1880.8060,266.4631,200,7013,0.9000,0.0500,10,10,0.0000,0
a-n60-k9.vrp,ga,1,1406.8370,2356.8247,1827.1636,263.3420,200,7014,0.9000,0.0500,10,10,0.0000,0
a-n60-k9.vrp,ga,1,1406.8370,2758.3442,1842.0032,285.2605,200,7015,0.9000,0.0500,10,10,0.0000,0
a-n60-k9.vrp,ga,1,1406.8370,2625.0588,1850.9919,271.2612,200,7016,0.9000,0.0500,10,10,0.0000,0
a-n60-k9.vrp,ga,1,1406.8370,2458.8535,1860.7598,256.1723,200,7017,0.9000,0.0500,10,10,0.0000,0
a-n60-k9.vrp,ga,1,1406.8370,2726.4094,1859.1675,291.8156,200,7018,0.9000,0.0500,10,10,0.0000,0
a-n60-k9.vrp,ga,1,1406.8370,2771.5095,1891.6935,286.6161,200,7019,0.9000,0.0500,10,10,0.0000,0
a-n60-k9.vrp,ga,1,1406.8370,2808.8779,1883.4763,274.9833,200,7020,0.9000,0.0500,10,10,0.0000,0
a-n60-k9.vrp,ga,1,1406.8370,2771.5095,1875.8784,298.9968,200,7021,0.9000,0.0500,10,10,0.0000,0
a-n60-k9.vrp,ga,1,1406.8370,2771.5095,1871.6229,311.7654,200,7022,0.9000,0.0500,10,10,0.0000,0
a-n60-k9.vrp,ga,1,1406.8370,2662.0598,1871.5828,292.3866,200,7023,0.9000,0.0500,10,10,0.0000,0
a-n60-k9.vrp,ga,1,1406.8370,2455.2927,1863.1951,272.5376,200,7024,0.9000,0.0500,10,10,0.0000,0
a-n60-k9.vrp,ga,1,1406.8370,2821.2017,1910.6256,268.6372,200,7025,0.9000,0.0500,10,10,0.0000,0
a-n60-k9.vrp,ga,1,1406.8370,2771.5095,1907.1007,284.6524,200,7026,0.9000,0.0500,10,10,0.0000,0
a-n60-k9.vrp,ga,1,1406.8370,2565.5122,1870.9984,259.2546,200,7027,0.9000,0.0500,10,10,0.0000,0
a-n60-k9.vrp,ga,1,1406.8370,2471.5522,1877.6735,259.8201,200,7028,0.9000,0.0500,10,10,0.0000,0
a-n60-k9.vrp,ga,1,1406.8370,2454.7886,1902.7935,293.3030,200,7029,0.9000,0.0500,10,10,0.0000,0
a-n60-k9.vrp,ga,1,1406.8370,2487.0859,1861.1584,259.8806,200,7030,0.9000,0.0500,10,10,0.0000,0
a-n60-k9.vrp,ga,1,1406.8370,2617.4973,1868.0927,272.0912,200,7031,0.9000,0.0500,10,10,0.0000,0
a-n60-k9.vrp,ga,1,1406.8370,2460.7324,1870.8024,256.7626,200,7032,0.9000,0.0500,10,10,0.0000,0
a-n60-k9.vrp,ga,1,1406.8370,2320.8562,1853.7484,260.0833,200,7033,0.9000,0.0500,10,10,0.0000,0
a-n60-k9.vrp,ga,1,1406.8370,2426.9526,1822.6525,256.7855,200,7034,0.9000,0.0500,10,10,0.0000,0
a-n60-k9.vrp,ga,1,1406.8370,2513.6382,1857.9652,254.4728,200,7035,0.9000,0.0500,10,10,0.0000,0
a-n60-k9.vrp,ga,1,1406.8370,2626.2769,1870.4530,259.9033,200,7036,0.9000,0.0500,10,10,0.0000,0
a-n60-k9.vrp,ga,1,1406.8370,2392.9775,1865.1781,247.4047,200,7037,0.9000,0.0500,10,10,0.0000,0
a-n60-k9.vrp,ga,1,1406.8370,2431.6443,1892.8715,254.7427,200,7038,0.9000,0.0500,10,10,0.0000,0
a-n60-k9.vrp,ga,1,1406.8370,2470.3853,1838.6279,258.1657,200,7039,0.9000,0.0500,10,10,0.0000,0
a-n60-k9.vrp,ga,1,1406.8370,2513.4358,1901.4443,255.8763,200,7040,0.9000,0.0500,10,10,0.0000,0
a-n60-k9.vrp,ga,1,1406.8370,2487.9634,1895.0751,272.4866,200,7041,0.9000,0.0500,10,10,0.0000,0
a-n60-k9.vrp,ga,1,1406.8370,2712.4568,1912.8938,283.3139,200,7042,0.9000,0.0500,10,10,0.0000,0
a-n60-k9.vrp,ga,1,1406.8370,2482.7278,1855.7324,274.6818,200,7043,0.9000,0.0500,10,10,0.0000,0
a-n60-k9.vrp,ga,1,1406.8370,2411.6924,1857.7861,256.5179,200,7044,0.9000,0.0500,10,10,0.0000,0
a-n60-k9.vrp,ga,1,1406.8370,2482.0469,1868.5510,275.9836,200,7045,0.9000,0.0500,10,10,0.0000,0
a-n60-k9.vrp,ga,1,1406.8370,2461.9822,1892.6982,250.5070,200,7046,0.9000,0.0500,10,10,0.0000,0
a-n60-k9.vrp,ga,1,1406.8370,2504.8376,1887.2368,253.9948,200,7047,0.9000,0.0500,10,10,0.0000,0
a-n60-k9.vrp,ga,1,1406.8370,2495.9612,1889.4349,286.0147,200,7048,0.9000,0.0500,10,10,0.0000,0
a-n60-k9.vrp,ga,1,1406.8370,2497.3850,1949.0441,285.8978,200,7049,0.9000,0.0500,10,10,0.0000,0
a-n60-k9.vrp,ga,1,1406.8370,2512.3684,1904.9899,282.5502,200,7050,0.9000,0.0500,10,10,0.0000,0
a-n60-k9.vrp,ga,1,1406.8370,2594.1724,1887.8551,284.6988,200,7051,0.9000,0.0500,10,10,0.0000,0
a-n60-k9.vrp,ga,1,1406.8370,2543.0312,1941.5504,266.4832,200,7052,0.9000,0.0500,10,10,0.0000,0
a-n60-k9.vrp,ga,1,1406.8370,2687.5039,1977.3772,299.5307,200,7053,0.9000,0.0500,10,10,0.0000,0
a-n60-k9.vrp,ga,1,1406.8370,2624.7029,1952.1851,287.0136,200,7054,0.9000,0.0500,10,10,0.0000,0
a-n60-k9.vrp,ga,1,1406.8370,2573.3022,1939.2428,301.5253,200,7055,0.9000,0.0500,10,10,0.0000,0
a-n60-k9.vrp,ga,1,1406.8370,2744.4885,1925.9806,268.1949,200,7056,0.9000,0.0500,10,10,0.0000,0
a-n60-k9.vrp,ga,1,1406.8370,2648.1438,1965.3038,273.0361,200,7057,0.9000,0.0500,10,10,0.0000,0
a-n60-k9.vrp,ga,1,1406.8370,2587.1328,1946.6615,286.2186,200,7058,0.9000,0.0500,10,10,0.0000,0
a-n60-k9.vrp,ga,1,1406.8370,2441.0918,1921.4579,281.9534,200,7059,0.9000,0.0500,10,10,0.0000,0
a-n60-k9.vrp,ga,1,1406.8370,2652.7490,1934.0989,281.0049,200,7060,0.9000,0.0500,10,10,0.0000,0
a-n60-k9.vrp,ga,1,1406.8370,2549.8257,1868.4697,266.8452,200,7061,0.9000,0.0500,10,10,0.0000,0
a-n60-k9.vrp,ga,1,1406.8370,2495.6938,1897.2634,277.9362,200,7062,0.9000,0.0500,10,10,0.0000,0
a-n60-k9.vrp,ga,1,1406.8370,2419.7053,1888.8760,264.3862,200,7063,0.9000,0.0500,10,10,0.0000,0
a-n60-k9.vrp,ga,1,1406.8370,2516.6892,1869.2286,287.4344,200,7064,0.9000,0.0500,10,10,0.0000,0
a-n60-k9.vrp,ga,1,1406.8370,2606.0720,1866.0858,264.3304,200,7065,0.9000,0.0500,10,10,0.0000,0
a-n60-k9.vrp,ga,1,1406.8370,2567.2415,1863.8492,271.5598,200,7066,0.9000,0.0500,10,10,0.0000,0
a-n60-k9.vrp,ga,1,1406.8370,2586.4966,1856.9093,287.7971,200,7067,0.9000,0.0500,10,10,0.0000,0
a-n60-k9.vrp,ga,1,1406.8370,2639.2698,1921.4371,294.2497,200,7068,0.9000,0.0500,10,10,0.0000,0
a-n60-k9.vrp,ga,1,1406.8370,2487.8682,1929.1075,277.1306,200,7069,0.9000,0.0500,10,10,0.0000,0
a-n60-k9.vrp,ga,1,1406.8370,2780.9150,1948.8835,280.1952,200,7070,0.9000,0.0500,10,10,0.0000,0
a-n60-k9.vrp,ga,1,1406.8370,2495.0564,1937.2273,284.4038,200,7071,0.9000,0.0500,10,10,0.0000,0
a-n60-k9.vrp,ga,1,1406.8370,2706.8406,1931.1771,320.3644,200,7072,0.9000,0.0500,10,10,0.0000,0
a-n60-k9.vrp,ga,1,1406.8370,2728.2021,1902.5399,303.2184,200,7073,0.9000,0.0500,10,10,0.0000,0
a-n60-k9.vrp,ga,1,1406.8370,2741.4463,1880.4420,284.9618,200,7074,0.9000,0.0500,10,10,0.0000,0
a-n60-k9.vrp,ga,1,1406.8370,2696.6309,1881.9164,285.2231,200,7075,0.9000,0.0500,10,10,0.0000,0
a-n60-k9.vrp,ga,1,1406.8370,2588.4653,1877.3694,301.3725,200,7076,0.9000,0.0500,10,10,0.0000,0
a-n60-k9.vrp,ga,1,1406.8370,2658.8462,1922.8237,296.6930,200,7077,0.9000,0.0500,10,10,0.0000,0
a-n60-k9.vrp,ga,1,1406.8370,2745.0403,1895.1359,324.4595,200,7078,0.9000,0.0500,10,10,0.0000,0
a-n60-k9.vrp,ga,1,1406.8370,2679.0061,1882.8113,322.1814,200,7079,0.9000,0.0500,10,10,0.0000,0
a-n60-k9.vrp,ga,1,1406.8370,2739.6697,1904.8094,307.1237,200,7080,0.9000,0.0500,10,10,0.0000,0
a-n60-k9.vrp,ga,1,1406.8370,2734.6616,1904.9353,315.6867,200,7081,0.9000,0.0500,10,10,0.0000,0
a-n60-k9.vrp,ga,1,1406.8370,2637.7542,1912.0272,313.3232,200,7082,0.9000,0.0500,10,10,0.0000,0
a-n60-k9.vrp,ga,1,1406.8370,2769.9358,1948.1178,314.8901,200,7083,0.9000,0.0500,10,10,0.0000,0
a-n60-k9.vrp,ga,1,1406.8370,2800.2571,1962.7333,304.0244,200,7084,0.9000,0.0500,10,10,0.0000,0
a-n60-k9.vrp,ga,1,1406.8370,2658.8462,1986.1493,291.2851,200,7085,0.9000,0.0500,10,10,0.0000,0
a-n60-k9.vrp,ga,1,1406.8370,2705.3855,1981.7126,320.0509,200,7086,0.9000,0.0500,10,10,0.0000,0
a-n60-k9.vrp,ga,1,1406.8370,2743.9734,1946.6526,326.9448,200,7087,0.9000,0.0500,10,10,0.0000,0
a-n60-k9.vrp,ga,1,1406.8370,2671.7480,1901.8843,325.5528,200,7088,0.9000,0.0500,10,10,0.0000,0
a-n60-k9.vrp,ga,1,1406.8370,2722.7747,1861.5626,318.6576,200,7089,0.9000,0.0500,10,10,0.0000,0
a-n60-k9.vrp,ga,1,1406.8370,2715.2627,1879.3453,324.1631,200,7090,0.9000,0.0500,10,10,0.0000,0
a-n60-k9.vrp,ga,1,1406.8370,2667.2800,1913.3027,317.2289,200,7091,0.9000,0.0500,10,10,0.0000,0
a-n60-k9.vrp,ga,1,1406.8370,2731.0840,1912.1914,308.7450,200,7092,0.9000,0.0500,10,10,0.0000,0
a-n60-k9.vrp,ga,1,1406.8370,2776.2312,1933.5872,317.4091,200,7093,0.9000,0.0500,10,10,0.0000,0
a-n60-k9.vrp,ga,1,1406.8370,2779.0176,1893.3612,319.2808,200,7094,0.9000,0.0500,10,10,0.0000,0
a-n60-k9.vrp,ga,1,1406.8370,2687.0566,1886.2599,309.4461,200,7095,0.9000,0.0500,10,10,0.0000,0
a-n60-k9.vrp,ga,1,1406.8370,2781.2756,1912.8918,306.3858,200,7096,0.9000,0.0500,10,10,0.0000,0
a-n60-k9.vrp,ga,1,1406.8370,2541.1611,1894.4604,308.5298,200,7097,0.9000,0.0500,10,10,0.0000,0
a-n60-k9.vrp,ga,1,1406.8370,2589.0547,1862.5930,297.6479,200,7098,0.9000,0.0500,10,10,0.0000,0
a-n60-k9.vrp,ga,1,1406.8370,2725.0212,1882.1969,327.4387,200,7099,0.9000,0.0500,10,10,0.0000,0
a-n60-k9.vrp,ga,1,1406.8370,2942.4358,1857.0552,289.2031,200,7100,0.9000,0.0500,10,10,0.0000,0
a-n60-k9.vrp,ga,1,1406.8370,2575.9631,1877.8818,262.1881,200,7101,0.9000,0.0500,10,10,0.0000,0
a-n60-k9.vrp,ga,1,1406.8370,2583.7058,1883.9901,285.6764,200,7102,0.9000,0.0500,10,10,0.0000,0
a-n60-k9.vrp,ga,1,1406.8370,2364.4097,1841.8661,270.0869,200,7103,0.9000,0.0500,10,10,0.0000,0
a-n60-k9.vrp,ga,1,1406.8370,2460.5886,1845.5399,251.9125,200,7104,0.9000,0.0500,10,10,0.0000,0
a-n60-k9.vrp,ga,1,1406.8370,2418.1306,1856.3867,248.6096,200,7105,0.9000,0.0500,10,10,0.0000,0
a-n60-k9.vrp,ga,1,1406.8370,2545.2527,1829.7327,272.2687,200,7106,0.9000,0.0500,10,10,0.0000,0
a-n60-k9.vrp,ga,1,1406.8370,2522.4441,1805.7520,248.8865,200,7107,0.9000,0.0500,10,10,0.0000,0
a-n60-k9.vrp,ga,1,1406.8370,2421.3679,1840.9843,259.9146,200,7108,0.9000,0.0500,10,10,0.0000,0
a-n60-k9.vrp,ga,1,1406.8370,2542.4917,1863.2219,252.7788,200,7109,0.9000,0.0500,10,10,0.0000,0
a-n60-k9.vrp,ga,1,1406.8370,2471.3000,1883.1296,251.7222,200,7110,0.9000,0.0500,10,10,0.0000,0
a-n60-k9.vrp,ga,1,1406.8370,2549.4702,1919.8500,272.7902,200,7111,0.9000,0.0500,10,10,0.0000,0
a-n60-k9.vrp,ga,1,1406.8370,2559.8186,1886.2620,281.8298,200,7112,0.9000,0.0500,10,10,0.0000,0
a-n60-k9.vrp,ga,1,1406.8370,2466.7305,1859.0631,265.7911,200,7113,0.9000,0.0500,10,10,0.0000,0
a-n60-k9.vrp,ga,1,1406.8370,2740.0510,1846.7196,293.6133,200,7114,0.9000,0.0500,10,10,0.0000,0
a-n60-k9.vrp,ga,1,1406.8370,2650.7502,1889.9315,282.4459,200,7115,0.9000,0.0500,10,10,0.0000,0
a-n60-k9.vrp,ga,1,1406.8370,2821.0100,1915.4664,283.9313,200,7116,0.9000,0.0500,10,10,0.0000,0
a-n60-k9.vrp,ga,1,1406.8370,2583.1462,1895.0475,276.0622,200,7117,0.9000,0.0500,10,10,0.0000,0
a-n60-k9.vrp,ga,1,1406.8370,2693.4282,1859.9001,283.5117,200,7118,0.9000,0.0500,10,10,0.0000,0
a-n60-k9.vrp,ga,1,1406.8370,2629.4602,1873.3546,273.2731,200,7119,0.9000,0.0500,10,10,0.0000,0
a-n60-k9.vrp,ga,1,1406.8370,2605.0842,1854.7979,279.9910,200,7120,0.9000,0.0500,10,10,0.0000,0
a-n60-k9.vrp,ga,1,1406.8370,2544.8789,1867.5981,261.3102,200,7121,0.9000,0.0500,10,10,0.0000,0
a-n60-k9.vrp,ga,1,1406.8370,2716.1211,1851.1283,280.0161,200,7122,0.9000,0.0500,10,10,0.0000,0
a-n60-k9.vrp,ga,1,1406.8370,2663.8091,1852.3162,279.6591,200,7123,0.9000,0.0500,10,10,0.0000,0
a-n60-k9.vrp,ga,1,1406.8370,2623.5256,1885.2466,292.9042,200,7124,0.9000,0.0500,10,10,0.0000,0
a-n60-k9.vrp,ga,1,1406.8370,2555.0808,1845.4626,280.7085,200,7125,0.9000,0.0500,10,10,0.0000,0
a-n60-k9.vrp,ga,1,1406.8370,2609.0928,1878.4490,299.9395,200,7126,0.9000,0.0500,10,10,0.0000,0
a-n60-k9.vrp,ga,1,1406.8370,2465.7942,1889.9185,279.1762,200,7127,0.9000,0.0500,10,10,0.0000,0
a-n60-k9.vrp,ga,1,1406.8370,2710.9246,1898.1169,274.5274,200,7128,0.9000,0.0500,10,10,0.0000,0
a-n60-k9.vrp,ga,1,1406.8370,2567.6865,1866.3517,289.8165,200,7129,0.9000,0.0500,10,10,0.0000,0
a-n60-k9.vrp,ga,1,1406.8370,2623.5256,1868.7463,292.2254,200,7130,0.9000,0.0500,10,10,0.0000,0
a-n60-k9.vrp,ga,1,1406.8370,2593.8186,1862.9242,264.3972,200,7131,0.9000,0.0500,10,10,0.0000,0
a-n60-k9.vrp,ga,1,1406.8370,2714.8330,1864.9800,243.1156,200,7132,0.9000,0.0500,10,10,0.0000,0
a-n60-k9.vrp,ga,1,1406.8370,2661.8643,1868.6447,282.1698,200,7133,0.9000,0.0500,10,10,0.0000,0
a-n60-k9.vrp,ga,1,1406.8370,2618.6228,1902.5242,276.3825,200,7134,0.9000,0.0500,10,10,0.0000,0
a-n60-k9.vrp,ga,1,1406.8370,2670.5564,1868.3674,266.1866,200,7135,0.9000,0.0500,10,10,0.0000,0
a-n60-k9.vrp,ga,1,1406.8370,2570.0422,1831.6947,281.5042,200,7136,0.9000,0.0500,10,10,0.0000,0
a-n60-k9.vrp,ga,1,1406.8370,2490.8027,1842.7889,260.4735,200,7137,0.9000,0.0500,10,10,0.0000,0
a-n60-k9.vrp,ga,1,1406.8370,2426.7512,1837.0450,235.8831,200,7138,0.9000,0.0500,10,10,0.0000,0
a-n60-k9.vrp,ga,1,1406.8370,2617.4109,1885.2212,285.7593,200,7139,0.9000,0.0500,10,10,0.0000,0
a-n60-k9.vrp,ga,1,1406.8370,2555.5598,1862.0868,295.3426,200,7140,0.9000,0.0500,10,10,0.0000,0
a-n60-k9.vrp,ga,1,1406.8370,2630.7163,1904.0504,283.2144,200,7141,0.9000,0.0500,10,10,0.0000,0
a-n60-k9.vrp,ga,1,1406.8370,2634.1624,1889.8513,277.7819,200,7142,0.9000,0.0500,10,10,0.0000,0
a-n60-k9.vrp,ga,1,1406.8370,2529.6252,1852.5211,278.6889,200,7143,0.9000,0.0500,10,10,0.0000,0
a-n60-k9.vrp,ga,1,1406.8370,2523.6904,1845.1464,285.8221,200,7144,0.9000,0.0500,10,10,0.0000,0
a-n60-k9.vrp,ga,1,1406.8370,2464.2500,1867.3021,258.7980,200,7145,0.9000,0.0500,10,10,0.0000,0
a-n60-k9.vrp,ga,1,1406.8370,2542.9199,1871.3920,287.7730,200,7146,0.9000,0.0500,10,10,0.0000,0
a-n60-k9.vrp,ga,1,1406.8370,2502.0654,1847.1940,280.4059,200,7147,0.9000,0.0500,10,10,0.0000,0
a-n60-k9.vrp,ga,1,1406.8370,2653.7571,1851.3190,291.0622,200,7148,0.9000,0.0500,10,10,0.0000,0
a-n60-k9.vrp,ga,1,1406.8370,2515.0488,1880.9445,268.1113,200,7149,0.9000,0.0500,10,10,0.0000,0
a-n60-k9.vrp,ga,1,1406.8370,2603.9475,1863.2122,286.7657,200,7150,0.9000,0.0500,10,10,0.0000,0
a-n60-k9.vrp,ga,1,1406.8370,2481.2524,1854.5789,280.4608,200,7151,0.9000,0.0500,10,10,0.0000,0
a-n60-k9.vrp,ga,1,1406.8370,2593.8887,1867.6348,283.3993,200,7152,0.9000,0.0500,10,10,0.0000,0
a-n60-k9.vrp,ga,1,1406.8370,2705.0837,1838.8199,267.1189,200,7153,0.9000,0.0500,10,10,0.0000,0
a-n60-k9.vrp,ga,1,1406.8370,2903.3845,1848.7682,289.2713,200,7154,0.9000,0.0500,10,10,0.0000,0
a-n60-k9.vrp,ga,1,1406.8370,2640.8853,1831.1361,284.7408,200,7155,0.9000,0.0500,10,10,0.0000,0
a-n60-k9.vrp,ga,1,1406.8370,2621.1467,1870.5226,281.8571,200,7156,0.9000,0.0500,10,10,0.0000,0
a-n60-k9.vrp,ga,1,1406.8370,2585.0481,1868.5200,305.1420,200,7157,0.9000,0.0500,10,10,0.0000,0
a-n60-k9.vrp,ga,1,1406.8370,2383.1821,1851.3357,246.6496,200,7158,0.9000,0.0500,10,10,0.0000,0
a-n60-k9.vrp,ga,1,1406.8370,2453.1831,1870.1549,260.2102,200,7159,0.9000,0.0500,10,10,0.0000,0
a-n60-k9.vrp,ga,1,1406.8370,2464.3228,1870.9709,264.5566,200,7160,0.9000,0.0500,10,10,0.0000,0
a-n60-k9.vrp,ga,1,1406.8370,2454.2949,1892.0225,267.2142,200,7161,0.9000,0.0500,10,10,0.0000,0
a-n60-k9.vrp,ga,1,1406.8370,2482.7913,1875.0618,268.5928,200,7162,0.9000,0.0500,10,10,0.0000,0
a-n60-k9.vrp,ga,1,1406.8370,2568.4124,1850.9794,285.4650,200,7163,0.9000,0.0500,10,10,0.0000,0
a-n60-k9.vrp,ga,1,1406.8370,2393.8186,1837.8456,274.6068,200,7164,0.9000,0.0500,10,10,0.0000,0
a-n60-k9.vrp,ga,1,1406.8370,2520.0042,1857.7667,263.1798,200,7165,0.9000,0.0500,10,10,0.0000,0
a-n60-k9.vrp,ga,1,1406.8370,2596.5259,1902.5099,259.4712,200,7166,0.9000,0.0500,10,10,0.0000,0
a-n60-k9.vrp,ga,1,1406.8370,2455.8933,1880.3956,253.3850,200,7167,0.9000,0.0500,10,10,0.0000,0
a-n60-k9.vrp,ga,1,1406.8370,2619.3484,1869.4878,264.5889,200,7168,0.9000,0.0500,10,10,0.0000,0
a-n60-k9.vrp,ga,1,1406.8370,2520.4058,1866.6805,267.7848,200,7169,0.9000,0.0500,10,10,0.0000,0
a-n60-k9.vrp,ga,1,1406.8370,2487.5188,1866.7539,263.4591,200,7170,0.9000,0.0500,10,10,0.0000,0
a-n60-k9.vrp,ga,1,1406.8370,2460.1816,1867.2712,274.3174,200,7171,0.9000,0.0500,10,10,0.0000,0
a-n60-k9.vrp,ga,1,1406.8370,2494.3113,1826.7466,271.0725,200,7172,0.9000,0.0500,10,10,0.0000,0
a-n60-k9.vrp,ga,1,1406.8370,2409.9353,1834.3148,264.2098,200,7173,0.9000,0.0500,10,10,0.0000,0
a-n60-k9.vrp,ga,1,1406.8370,2399.9897,1852.0552,269.0553,200,7174,0.9000,0.0500,10,10,0.0000,0
a-n60-k9.vrp,ga,1,1406.8370,2585.0396,1867.7108,278.1365,200,7175,0.9000,0.0500,10,10,0.0000,0
a-n60-k9.vrp,ga,1,1406.8370,2656.5222,1890.6936,276.8152,200,7176,0.9000,0.0500,10,10,0.0000,0
a-n60-k9.vrp,ga,1,1406.8370,2518.5464,1827.2878,294.0567,200,7177,0.9000,0.0500,10,10,0.0000,0
a-n60-k9.vrp,ga,1,1406.8370,2427.2544,1838.1221,272.5710,200,7178,0.9000,0.0500,10,10,0.0000,0
a-n60-k9.vrp,ga,1,1406.8370,2469.8042,1838.4083,267.5780,200,7179,0.9000,0.0500,10,10,0.0000,0
a-n60-k9.vrp,ga,1,1406.8370,2422.5908,1832.8009,261.4274,200,7180,0.9000,0.0500,10,10,0.0000,0
a-n60-k9.vrp,ga,1,1406.8370,2586.5227,1849.3060,281.2495,200,7181,0.9000,0.0500,10,10,0.0000,0
a-n60-k9.vrp,ga,1,1406.8370,2618.9839,1843.9023,278.6259,200,7182,0.9000,0.0500,10,10,0.0000,0
a-n60-k9.vrp,ga,1,1406.8370,2512.0208,1832.9830,259.4322,200,7183,0.9000,0.0500,10,10,0.0000,0
a-n60-k9.vrp,ga,1,1406.8370,2403.1394,1837.8145,273.9559,200,7184,0.9000,0.0500,10,10,0.0000,0
a-n60-k9.vrp,ga,1,1406.8370,2635.4473,1853.4513,262.3949,200,7185,0.9000,0.0500,10,10,0.0000,0
a-n60-k9.vrp,ga,1,1406.8370,2403.1475,1830.1005,267.4131,200,7186,0.9000,0.0500,10,10,0.0000,0
a-n60-k9.vrp,ga,1,1406.8370,2549.2896,1851.5518,279.4290,200,7187,0.9000,0.0500,10,10,0.0000,0
a-n60-k9.vrp,ga,1,1406.8370,2567.4788,1868.9487,264.1479,200,7188,0.9000,0.0500,10,10,0.0000,0
a-n60-k9.vrp,ga,1,1406.8370,2567.9072,1870.8391,272.2041,200,7189,0.9000,0.0500,10,10,0.0000,0
a-n60-k9.vrp,ga,1,1406.8370,2545.0356,1861.2035,274.8777,200,7190,0.9000,0.0500,10,10,0.0000,0
a-n60-k9.vrp,ga,1,1406.8370,2456.6741,1866.0787,263.2830,200,7191,0.9000,0.0500,10,10,0.0000,0
a-n60-k9.vrp,ga,1,1406.8370,2453.9248,1853.6633,262.5674,200,7192,0.9000,0.0500,10,10,0.0000,0
a-n60-k9.vrp,ga,1,1406.8370,2550.0144,1854.5865,280.3039,200,7193,0.9000,0.0500,10,10,0.0000,0
a-n60-k9.vrp,ga,1,1406.8370,2526.2036,1845.0675,285.1911,200,7194,0.9000,0.0500,10,10,0.0000,0
a-n60-k9.vrp,ga,1,1406.8370,2461.1755,1858.5720,270.9000,200,7195,0.9000,0.0500,10,10,0.0000,0
a-n60-k9.vrp,ga,1,1406.8370,2465.7261,1890.7900,268.7910,200,7196,0.9000,0.0500,10,10,0.0000,0
a-n60-k9.vrp,ga,1,1406.8370,2599.4004,1852.4482,284.0164,200,7197,0.9000,0.0500,10,10,0.0000,0
a-n60-k9.vrp,ga,1,1406.8370,2455.2510,1857.6478,276.6213,200,7198,0.9000,0.0500,10,10,0.0000,0
a-n60-k9.vrp,ga,1,1406.8370,2549.2896,1864.7354,296.2651,200,7199,0.9000,0.0500,10,10,0.0000,0
a-n60-k9.vrp,ga,1,1406.8370,2456.1250,1857.2112,257.0524,200,7200,0.9000,0.0500,10,10,0.0000,0
a-n60-k9.vrp,ga,1,1406.8370,2442.8701,1855.5288,285.2901,200,7201,0.9000,0.0500,10,10,0.0000,0
a-n60-k9.vrp,ga,1,1406.8370,2541.1277,1869.9954,282.8778,200,7202,0.9000,0.0500,10,10,0.0000,0
a-n60-k9.vrp,ga,1,1406.8370,2443.4050,1841.0983,271.2543,200,7203,0.9000,0.0500,10,10,0.0000,0
a-n60-k9.vrp,ga,1,1406.8370,2419.1890,1844.9677,280.8440,200,7204,0.9000,0.0500,10,10,0.0000,0
a-n60-k9.vrp,ga,1,1406.8370,2383.1130,1850.1799,267.7717,200,7205,0.9000,0.0500,10,10,0.0000,0
a-n60-k9.vrp,ga,1,1406.8370,2529.3521,1871.5576,281.1985,200,7206,0.9000,0.0500,10,10,0.0000,0
a-n60-k9.vrp,ga,1,1406.8370,2413.3308,1858.9023,245.6362,200,7207,0.9000,0.0500,10,10,0.0000,0
a-n60-k9.vrp,ga,1,1406.8370,2360.6729,1875.5812,268.0113,200,7208,0.9000,0.0500,10,10,0.0000,0
a-n60-k9.vrp,ga,1,1406.8370,2391.2024,1840.3126,260.9959,200,7209,0.9000,0.0500,10,10,0.0000,0
a-n60-k9.vrp,ga,1,1406.8370,2417.6565,1851.9885,266.4066,200,7210,0.9000,0.0500,10,10,0.0000,0
a-n60-k9.vrp,ga,1,1406.8370,2543.9641,1853.7551,264.8135,200,7211,0.9000,0.0500,10,10,0.0000,0
a-n60-k9.vrp,ga,1,1406.8370,2591.7102,1853.7700,283.0433,200,7212,0.9000,0.0500,10,10,0.0000,0
a-n60-k9.vrp,ga,1,1406.8370,2502.9377,1846.8645,264.4345,200,7213,0.9000,0.0500,10,10,0.0000,0
a-n60-k9.vrp,ga,1,1406.8370,2643.9189,1849.6927,285.2713,200,7214,0.9000,0.0500,10,10,0.0000,0
a-n60-k9.vrp,ga,1,1406.8370,2518.5464,1852.0151,248.4780,200,7215,0.9000,0.0500,10,10,0.0000,0
a-n60-k9.vrp,ga,1,1406.8370,2429.6277,1860.9126,286.5742,200,7216,0.9000,0.0500,10,10,0.0000,0
a-n60-k9.vrp,ga,1,1406.8370,2511.1611,1859.9800,296.0585,200,7217,0.9000,0.0500,10,10,0.0000,0
a-n60-k9.vrp,ga,1,1406.8370,2394.8037,1861.1306,269.1710,200,7218,0.9000,0.0500,10,10,0.0000,0
a-n60-k9.vrp,ga,1,1406.8370,2715.1228,1883.1201,278.9199,200,7219,0.9000,0.0500,10,10,0.0000,0
a-n60-k9.vrp,ga,1,1406.8370,2529.5999,1881.4438,270.8852,200,7220,0.9000,0.0500,10,10,0.0000,0
a-n60-k9.vrp,ga,1,1406.8370,2505.5457,1838.5793,276.4163,200,7221,0.9000,0.0500,10,10,0.0000,0
a-n60-k9.vrp,ga,1,1406.8370,2397.0759,1844.2158,268.9820,200,7222,0.9000,0.0500,10,10,0.0000,0
a-n60-k9.vrp,ga,1,1406.8370,2375.7368,1844.4183,259.2548,200,7223,0.9000,0.0500,10,10,0.0000,0
a-n60-k9.vrp,ga,1,1406.8370,2376.0269,1819.4183,266.0316,200,7224,0.9000,0.0500,10,10,0.0000,0
a-n60-k9.vrp,ga,1,1406.8370,2594.3760,1851.1023,253.9928,200,7225,0.9000,0.0500,10,10,0.0000,0
a-n60-k9.vrp,ga,1,1406.8370,2494.6379,1891.5171,264.5721,200,7226,0.9000,0.0500,10,10,0.0000,0
a-n60-k9.vrp,ga,1,1406.8370,2659.1184,1862.3647,288.7211,200,7227,0.9000,0.0500,10,10,0.0000,0
a-n60-k9.vrp,ga,1,1406.8370,2490.2981,1847.8521,271.0687,200,7228,0.9000,0.0500,10,10,0.0000,0
a-n60-k9.vrp,ga,1,1406.8370,2480.2419,1889.7067,290.0313,200,7229,0.9000,0.0500,10,10,0.0000,0
a-n60-k9.vrp,ga,1,1406.8370,2549.2566,1879.7517,262.2105,200,7230,0.9000,0.0500,10,10,0.0000,0
a-n60-k9.vrp,ga,1,1406.8370,2432.1174,1907.0817,264.3811,200,7231,0.9000,0.0500,10,10,0.0000,0
a-n60-k9.vrp,ga,1,1406.8370,2505.3489,1890.1860,273.0508,200,7232,0.9000,0.0500,10,10,0.0000,0
a-n60-k9.vrp,ga,1,1406.8370,2594.9846,1894.4265,289.3013,200,7233,0.9000,0.0500,10,10,0.0000,0
a-n60-k9.vrp,ga,1,1406.8370,2533.1680,1872.2635,265.9359,200,7234,0.9000,0.0500,10,10,0.0000,0
a-n60-k9.vrp,ga,1,1406.8370,2584.0930,1878.2878,272.3371,200,7235,0.9000,0.0500,10,10,0.0000,0
a-n60-k9.vrp,ga,1,1406.8370,2470.9451,1893.4786,271.5657,200,7236,0.9000,0.0500,10,10,0.0000,0
a-n60-k9.vrp,ga,1,1406.8370,2425.4858,1906.3480,268.2660,200,7237,0.9000,0.0500,10,10,0.0000,0
a-n60-k9.vrp,ga,1,1406.8370,2684.5964,1871.3011,273.9456,200,7238,0.9000,0.0500,10,10,0.0000,0
a-n60-k9.vrp,ga,1,1406.8370,2600.7974,1838.0959,281.8689,200,7239,0.9000,0.0500,10,10,0.0000,0
a-n60-k9.vrp,ga,1,1406.8370,2589.2590,1844.4111,279.7769,200,7240,0.9000,0.0500,10,10,0.0000,0
a-n60-k9.vrp,ga,1,1406.8370,2593.4795,1868.7394,273.1826,200,7241,0.9000,0.0500,10,10,0.0000,0
a-n60-k9.vrp,ga,1,1406.8370,2537.9192,1871.6292,279.5294,200,7242,0.9000,0.0500,10,10,0.0000,0
a-n60-k9.vrp,ga,1,1406.8370,2551.0535,1913.9655,277.4877,200,7243,0.9000,0.0500,10,10,0.0000,0
a-n60-k9.vrp,ga,1,1406.8370,2517.5171,1872.8383,272.5006,200,7244,0.9000,0.0500,10,10,0.0000,0
a-n60-k9.vrp,ga,1,1406.8370,2577.6519,1863.2838,277.1721,200,7245,0.9000,0.0500,10,10,0.0000,0
a-n60-k9.vrp,ga,1,1406.8370,2677.9185,1873.5356,286.9628,200,7246,0.9000,0.0500,10,10,0.0000,0
a-n60-k9.vrp,ga,1,1406.8370,2527.2302,1909.3103,275.1188,200,7247,0.9000,0.0500,10,10,0.0000,0
a-n60-k9.vrp,ga,1,1406.8370,2560.4070,1881.0267,261.9075,200,7248,0.9000,0.0500,10,10,0.0000,0
a-n60-k9.vrp,ga,1,1406.8370,2467.7568,1875.3982,271.4769,200,7249,0.9000,0.0500,10,10,0.0000,0
a-n60-k9.vrp,ga,1,1406.8370,2517.3967,1869.3181,273.4337,200,7250,0.9000,0.0500,10,10,0.0000,0
a-n60-k9.vrp,ga,1,1406.8370,2523.5139,1831.7551,282.5893,200,7251,0.9000,0.0500,10,10,0.0000,0
a-n60-k9.vrp,ga,1,1406.8370,2450.9155,1842.0304,278.3920,200,7252,0.9000,0.0500,10,10,0.0000,0
a-n60-k9.vrp,ga,1,1406.8370,2466.2229,1842.0559,279.9979,200,7253,0.9000,0.0500,10,10,0.0000,0
a-n60-k9.vrp,ga,1,1406.8370,2475.5125,1878.4972,260.1981,200,7254,0.9000,0.0500,10,10,0.0000,0
a-n60-k9.vrp,ga,1,1406.8370,2397.5049,1845.7504,263.3897,200,7255,0.9000,0.0500,10,10,0.0000,0
a-n60-k9.vrp,ga,1,1406.8370,2516.2219,1859.2228,285.9931,200,7256,0.9000,0.0500,10,10,0.0000,0
a-n60-k9.vrp,ga,1,1406.8370,2473.1665,1886.6230,263.5396,200,7257,0.9000,0.0500,10,10,0.0000,0
a-n60-k9.vrp,ga,1,1406.8370,2549.6975,1880.4917,266.4033,200,7258,0.9000,0.0500,10,10,0.0000,0
a-n60-k9.vrp,ga,1,1406.8370,2472.5857,1860.7053,279.4995,200,7259,0.9000,0.0500,10,10,0.0000,0
a-n60-k9.vrp,ga,1,1406.8370,2453.7449,1871.0240,270.6818,200,7260,0.9000,0.0500,10,10,0.0000,0
a-n60-k9.vrp,ga,1,1406.8370,2429.6277,1882.8586,256.5451,200,7261,0.9000,0.0500,10,10,0.0000,0
a-n60-k9.vrp,ga,1,1406.8370,2463.1294,1870.8584,265.8614,200,7262,0.9000,0.0500,10,10,0.0000,0
a-n60-k9.vrp,ga,1,1406.8370,2602.4829,1870.7966,280.6961,200,7263,0.9000,0.0500,10,10,0.0000,0
a-n60-k9.vrp,ga,1,1406.8370,2418.2566,1826.6792,261.6997,200,7264,0.9000,0.0500,10,10,0.0000,0
a-n60-k9.vrp,ga,1,1406.8370,2563.6116,1885.8921,281.3557,200,7265,0.9000,0.0500,10,10,0.0000,0
a-n60-k9.vrp,ga,1,1406.8370,2500.0002,1871.4353,278.8791,200,7266,0.9000,0.0500,10,10,0.0000,0
a-n60-k9.vrp,ga,1,1406.8370,2624.5068,1824.6201,267.5662,200,7267,0.9000,0.0500,10,10,0.0000,0
a-n60-k9.vrp,ga,1,1406.8370,2472.8467,1833.8812,280.3242,200,7268,0.9000,0.0500,10,10,0.0000,0
a-n60-k9.vrp,ga,1,1406.8370,2501.9641,1870.9441,267.4043,200,7269,0.9000,0.0500,10,10,0.0000,0
a-n60-k9.vrp,ga,1,1406.8370,2425.5042,1865.0005,264.4785,200,7270,0.9000,0.0500,10,10,0.0000,0
a-n60-k9.vrp,ga,1,1406.8370,2413.8955,1874.8019,259.6237,200,7271,0.9000,0.0500,10,10,0.0000,0
a-n60-k9.vrp,ga,1,1406.8370,2442.5308,1870.9594,255.3806,200,7272,0.9000,0.0500,10,10,0.0000,0
a-n60-k9.vrp,ga,1,1406.8370,2478.0486,1863.8286,277.0020,200,7273,0.9000,0.0500,10,10,0.0000,0
a-n60-k9.vrp,ga,1,1406.8370,2456.9468,1869.4344,283.5703,200,7274,0.9000,0.0500,10,10,0.0000,0
a-n60-k9.vrp,ga,1,1406.8370,2531.2380,1867.1047,265.7454,200,7275,0.9000,0.0500,10,10,0.0000,0
a-n60-k9.vrp,ga,1,1406.8370,2668.9968,1852.6602,265.1977,200,7276,0.9000,0.0500,10,10,0.0000,0
a-n60-k9.vrp,ga,1,1406.8370,2673.1992,1851.8556,282.2990,200,7277,0.9000,0.0500,10,10,0.0000,0
a-n60-k9.vrp,ga,1,1406.8370,2588.3303,1879.5020,282.8664,200,7278,0.9000,0.0500,10,10,0.0000,0
a-n60-k9.vrp,ga,1,1406.8370,2467.3352,1860.1715,265.3295,200,7279,0.9000,0.0500,10,10,0.0000,0
a-n60-k9.vrp,ga,1,1406.8370,2482.5571,1862.2104,266.9355,200,7280,0.9000,0.0500,10,10,0.0000,0
a-n60-k9.vrp,ga,1,1406.8370,2557.8125,1872.6370,265.3911,200,7281,0.9000,0.0500,10,10,0.0000,0
a-n60-k9.vrp,ga,1,1406.8370,2428.3271,1827.0966,272.2895,200,7282,0.9000,0.0500,10,10,0.0000,0
a-n60-k9.vrp,ga,1,1406.8370,2584.7393,1866.2357,278.5105,200,7283,0.9000,0.0500,10,10,0.0000,0
a-n60-k9.vrp,ga,1,1406.8370,2553.6499,1860.7386,272.4839,200,7284,0.9000,0.0500,10,10,0.0000,0
a-n60-k9.vrp,ga,1,1406.8370,2510.1177,1871.6913,264.1649,200,7285,0.9000,0.0500,10,10,0.0000,0
a-n60-k9.vrp,ga,1,1406.8370,2636.7153,1845.1547,289.5627,200,7286,0.9000,0.0500,10,10,0.0000,0
a-n60-k9.vrp,ga,1,1406.8370,2478.1658,1822.6716,272.9020,200,7287,0.9000,0.0500,10,10,0.0000,0
a-n60-k9.vrp,ga,1,1406.8370,2432.7837,1843.1508,257.8755,200,7288,0.9000,0.0500,10,10,0.0000,0
a-n60-k9.vrp,ga,1,1406.8370,2333.7849,1837.2406,271.5851,200,7289,0.9000,0.0500,10,10,0.0000,0
a-n60-k9.vrp,ga,1,1406.8370,2362.6558,1839.4473,255.2730,200,7290,0.9000,0.0500,10,10,0.0000,0
a-n60-k9.vrp,ga,1,1406.8370,2510.8789,1859.6432,261.6699,200,7291,0.9000,0.0500,10,10,0.0000,0
a-n60-k9.vrp,ga,1,1406.8370,2423.2021,1869.0863,267.0043,200,7292,0.9000,0.0500,10,10,0.0000,0
a-n60-k9.vrp,ga,1,1406.8370,2617.4263,1904.0536,269.9266,200,7293,0.9000,0.0500,10,10,0.0000,0
a-n60-k9.vrp,ga,1,1406.8370,2552.8491,1840.2620,281.9795,200,7294,0.9000,0.0500,10,10,0.0000,0
a-n60-k9.vrp,ga,1,1406.8370,2545.9680,1844.0695,260.1529,200,7295,0.9000,0.0500,10,10,0.0000,0
a-n60-k9.vrp,ga,1,1406.8370,2627.1255,1832.2964,265.9310,200,7296,0.9000,0.0500,10,10,0.0000,0
a-n60-k9.vrp,ga,1,1406.8370,2527.8408,1842.8402,290.0241,200,7297,0.9000,0.0500,10,10,0.0000,0
a-n60-k9.vrp,ga,1,1406.8370,2542.2214,1858.6458,283.6240,200,7298,0.9000,0.0500,10,10,0.0000,0
a-n60-k9.vrp,ga,1,1406.8370,2596.9341,1841.4747,272.7900,200,7299,0.9000,0.0500,10,10,0.0000,0
a-n60-k9.vrp,ga,1,1406.8370,2583.9514,1841.3805,268.7959,200,7300,0.9000,0.0500,10,10,0.0000,0
a-n60-k9.vrp,ga,1,1406.8370,2458.9497,1853.3296,264.3057,200,7301,0.9000,0.0500,10,10,0.0000,0
a-n60-k9.vrp,ga,1,1406.8370,2344.1982,1838.7889,269.3685,200,7302,0.9000,0.0500,10,10,0.0000,0
a-n60-k9.vrp,ga,1,1406.8370,2501.1345,1845.4841,273.2599,200,7303,0.9000,0.0500,10,10,0.0000,0
a-n60-k9.vrp,ga,1,1406.8370,2464.3005,1845.4388,263.0209,200,7304,0.9000,0.0500,10,10,0.0000,0
a-n60-k9.vrp,ga,1,1406.8370,2563.7568,1837.2522,243.8143,200,7305,0.9000,0.0500,10,10,0.0000,0
a-n60-k9.vrp,ga,1,1406.8370,2418.7466,1885.8248,254.8134,200,7306,0.9000,0.0500,10,10,0.0000,0
a-n60-k9.vrp,ga,1,1406.8370,2394.6824,1859.8643,243.4053,200,7307,0.9000,0.0500,10,10,0.0000,0
a-n60-k9.vrp,ga,1,1406.8370,2397.8647,1863.3242,255.3823,200,7308,0.9000,0.0500,10,10,0.0000,0
a-n60-k9.vrp,ga,1,1406.8370,2499.0044,1829.4518,265.2792,200,7309,0.9000,0.0500,10,10,0.0000,0
a-n60-k9.vrp,ga,1,1406.8370,2445.7803,1795.2866,285.0862,200,7310,0.9000,0.0500,10,10,0.0000,0
a-n60-k9.vrp,ga,1,1406.8370,2363.4626,1801.5609,241.7395,200,7311,0.9000,0.0500,10,10,0.0000,0
a-n60-k9.vrp,ga,1,1406.8370,2432.5415,1822.6840,285.2133,200,7312,0.9000,0.0500,10,10,0.0000,0
a-n60-k9.vrp,ga,1,1406.8370,2320.8562,1818.7126,258.6447,200,7313,0.9000,0.0500,10,10,0.0000,0
a-n60-k9.vrp,ga,1,1406.8370,2357.6548,1837.3724,261.1002,200,7314,0.9000,0.0500,10,10,0.0000,0
a-n60-k9.vrp,ga,1,1406.8370,2384.7568,1815.9980,263.1754,200,7315,0.9000,0.0500,10,10,0.0000,0
a-n60-k9.vrp,ga,1,1406.8370,2424.1560,1826.7811,258.9020,200,7316,0.9000,0.0500,10,10,0.0000,0
a-n60-k9.vrp,ga,1,1406.8370,2465.1033,1810.2772,265.1082,200,7317,0.9000,0.0500,10,10,0.0000,0
a-n60-k9.vrp,ga,1,1406.8370,2356.3879,1819.8492,251.3748,200,7318,0.9000,0.0500,10,10,0.0000,0
a-n60-k9.vrp,ga,1,1406.8370,2480.4504,1847.4005,259.8855,200,7319,0.9000,0.0500,10,10,0.0000,0
a-n60-k9.vrp,ga,1,1406.8370,2563.6685,1869.5605,276.1517,200,7320,0.9000,0.0500,10,10,0.0000,0
a-n60-k9.vrp,ga,1,1406.8370,2384.5933,1832.8730,257.7000,200,7321,0.9000,0.0500,10,10,0.0000,0
a-n60-k9.vrp,ga,1,1406.8370,2466.2917,1844.2017,263.5141,200,7322,0.9000,0.0500,10,10,0.0000,0
a-n60-k9.vrp,ga,1,1406.8370,2433.6169,1834.7472,262.8768,200,7323,0.9000,0.0500,10,10,0.0000,0
a-n60-k9.vrp,ga,1,1406.8370,2413.8955,1817.5906,261.9232,200,7324,0.9000,0.0500,10,10,0.0000,0
a-n60-k9.vrp,ga,1,1406.8370,2414.1128,1837.3202,270.7122,200,7325,0.9000,0.0500,10,10,0.0000,0
a-n60-k9.vrp,ga,1,1406.8370,2386.5732,1853.4937,265.7717,200,7326,0.9000,0.0500,10,10,0.0000,0
a-n60-k9.vrp,ga,1,1406.8370,2565.4834,1854.3126,295.9909,200,7327,0.9000,0.0500,10,10,0.0000,0
a-n60-k9.vrp,ga,1,1406.8370,2457.1216,1831.3677,252.8748,200,7328,0.9000,0.0500,10,10,0.0000,0
a-n60-k9.vrp,ga,1,1406.8370,2537.7195,1840.1847,257.8492,200,7329,0.9000,0.0500,10,10,0.0000,0
a-n60-k9.vrp,ga,1,1406.8370,2517.8770,1843.1893,263.2158,200,7330,0.9000,0.0500,10,10,0.0000,0
a-n60-k9.vrp,ga,1,1406.8370,2553.2573,1846.9519,287.3696,200,7331,0.9000,0.0500,10,10,0.0000,0
a-n60-k9.vrp,ga,1,1406.8370,2660.4470,1866.7688,290.0671,200,7332,0.9000,0.0500,10,10,0.0000,0
a-n60-k9.vrp,ga,1,1406.8370,2446.0479,1872.6440,265.4995,200,7333,0.9000,0.0500,10,10,0.0000,0
a-n60-k9.vrp,ga,1,1406.8370,2365.5469,1873.3374,259.9743,200,7334,0.9000,0.0500,10,10,0.0000,0
a-n60-k9.vrp,ga,1,1406.8370,2509.5603,1929.9922,275.6035,200,7335,0.9000,0.0500,10,10,0.0000,0
a-n60-k9.vrp,ga,1,1406.8370,2545.5652,1888.7257,278.3662,200,7336,0.9000,0.0500,10,10,0.0000,0
a-n60-k9.vrp,ga,1,1406.8370,2597.2288,1899.5129,303.7613,200,7337,0.9000,0.0500,10,10,0.0000,0
a-n60-k9.vrp,ga,1,1406.8370,2440.5034,1879.7605,264.9986,200,7338,0.9000,0.0500,10,10,0.0000,0
a-n60-k9.vrp,ga,1,1406.8370,2510.5415,1890.7916,267.9371,200,7339,0.9000,0.0500,10,10,0.0000,0
a-n60-k9.vrp,ga,1,1406.8370,2513.5452,1913.3553,286.6259,200,7340,0.9000,0.0500,10,10,0.0000,0
a-n60-k9.vrp,ga,1,1406.8370,2547.2908,1888.6611,282.6925,200,7341,0.9000,0.0500,10,10,0.0000,0
a-n60-k9.vrp,ga,1,1406.8370,2436.5530,1889.8043,257.4184,200,7342,0.9000,0.0500,10,10,0.0000,0
a-n60-k9.vrp,ga,1,1406.8370,2473.9507,1908.2603,265.3899,200,7343,0.9000,0.0500,10,10,0.0000,0
a-n60-k9.vrp,ga,1,1406.8370,2510.9727,1880.9027,277.4206,200,7344,0.9000,0.0500,10,10,0.0000,0
a-n60-k9.vrp,ga,1,1406.8370,2498.8972,1872.2986,287.8439,200,7345,0.9000,0.0500,10,10,0.0000,0
a-n60-k9.vrp,ga,1,1406.8370,2468.0569,1862.4840,281.2729,200,7346,0.9000,0.0500,10,10,0.0000,0
a-n60-k9.vrp,ga,1,1406.8370,2518.2832,1816.7325,276.6698,200,7347,0.9000,0.0500,10,10,0.0000,0
a-n60-k9.vrp,ga,1,1406.8370,2511.3660,1871.3787,269.5191,200,7348,0.9000,0.0500,10,10,0.0000,0
a-n60-k9.vrp,ga,1,1406.8370,2497.0916,1869.0953,266.4542,200,7349,0.9000,0.0500,10,10,0.0000,0
a-n60-k9.vrp,ga,1,1406.8370,2526.4844,1849.5778,271.7001,200,7350,0.9000,0.0500,10,10,0.0000,0
a-n60-k9.vrp,ga,1,1406.8370,2571.2808,1816.8643,280.3490,200,7351,0.9000,0.0500,10,10,0.0000,0
a-n60-k9.vrp,ga,1,1406.8370,2554.0486,1905.6268,257.8085,200,7352,0.9000,0.0500,10,10,0.0000,0
a-n60-k9.vrp,ga,1,1406.8370,2429.6277,1867.4822,275.8803,200,7353,0.9000,0.0500,10,10,0.0000,0
a-n60-k9.vrp,ga,1,1406.8370,2415.9514,1807.4926,276.0587,200,7354,0.9000,0.0500,10,10,0.0000,0
a-n60-k9.vrp,ga,1,1406.8370,2554.8274,1870.9250,274.1349,200,7355,0.9000,0.0500,10,10,0.0000,0
a-n60-k9.vrp,ga,1,1406.8370,2526.5317,1879.6500,267.9246,200,7356,0.9000,0.0500,10,10,0.0000,0
a-n60-k9.vrp,ga,1,1406.8370,2490.8765,1835.5789,261.5217,200,7357,0.9000,0.0500,10,10,0.0000,0
a-n60-k9.vrp,ga,1,1406.8370,2396.6758,1842.0807,277.3038,200,7358,0.9000,0.0500,10,10,0.0000,0
a-n60-k9.vrp,ga,1,1406.8370,2690.2671,1855.7626,277.8812,200,7359,0.9000,0.0500,10,10,0.0000,0
a-n60-k9.vrp,ga,1,1406.8370,2402.6790,1868.1030,260.8844,200,7360,0.9000,0.0500,10,10,0.0000,0
a-n60-k9.vrp,ga,1,1406.8370,2416.9404,1863.3879,267.7312,200,7361,0.9000,0.0500,10,10,0.0000,0
a-n60-k9.vrp,ga,1,1406.8370,2569.5430,1863.2906,260.9648,200,7362,0.9000,0.0500,10,10,0.0000,0
a-n60-k9.vrp,ga,1,1406.8370,2629.2922,1856.9658,279.9794,200,7363,0.9000,0.0500,10,10,0.0000,0
a-n60-k9.vrp,ga,1,1406.8370,2539.9561,1875.9784,242.8551,200,7364,0.9000,0.0500,10,10,0.0000,0
a-n60-k9.vrp,ga,1,1406.8370,2569.6411,1905.9846,268.8090,200,7365,0.9000,0.0500,10,10,0.0000,0
a-n60-k9.vrp,ga,1,1406.8370,2474.3586,1884.3593,251.6558,200,7366,0.9000,0.0500,10,10,0.0000,0
a-n60-k9.vrp,ga,1,1406.8370,2386.2251,1885.2212,249.3361,200,7367,0.9000,0.0500,10,10,0.0000,0
a-n60-k9.vrp,ga,1,1406.8370,2466.2200,1894.4349,263.5471,200,7368,0.9000,0.0500,10,10,0.0000,0
a-n60-k9.vrp,ga,1,1406.8370,2553.0967,1875.1616,281.8255,200,7369,0.9000,0.0500,10,10,0.0000,0
a-n60-k9.vrp,ga,1,1406.8370,2807.9404,1873.7830,284.6515,200,7370,0.9000,0.0500,10,10,0.0000,0
a-n60-k9.vrp,ga,1,1406.8370,2555.1326,1869.1952,281.7845,200,7371,0.9000,0.0500,10,10,0.0000,0
a-n60-k9.vrp,ga,1,1406.8370,2525.9072,1870.4065,273.6188,200,7372,0.9000,0.0500,10,10,0.0000,0
a-n60-k9.vrp,ga,1,1406.8370,2588.4624,1887.6182,276.7886,200,7373,0.9000,0.0500,10,10,0.0000,0
a-n60-k9.vrp,ga,1,1406.8370,2468.4788,1857.1998,276.6973,200,7374,0.9000,0.0500,10,10,0.0000,0
a-n60-k9.vrp,ga,1,1406.8370,2598.0288,1878.1884,250.3423,200,7375,0.9000,0.0500,10,10,0.0000,0
a-n60-k9.vrp,ga,1,1406.8370,2503.0854,1862.1703,281.0072,200,7376,0.9000,0.0500,10,10,0.0000,0
a-n60-k9.vrp,ga,1,1406.8370,2596.8254,1864.3497,263.4500,200,7377,0.9000,0.0500,10,10,0.0000,0
a-n60-k9.vrp,ga,1,1406.8370,2499.1472,1880.5145,266.5759,200,7378,0.9000,0.0500,10,10,0.0000,0
a-n60-k9.vrp,ga,1,1406.8370,2915.9849,1892.8176,289.3380,200,7379,0.9000,0.0500,10,10,0.0000,0
a-n60-k9.vrp,ga,1,1406.8370,2581.0437,1882.2960,286.7832,200,7380,0.9000,0.0500,10,10,0.0000,0
a-n60-k9.vrp,ga,1,1406.8370,2663.9958,1904.3293,284.1707,200,7381,0.9000,0.0500,10,10,0.0000,0
a-n60-k9.vrp,ga,1,1406.8370,2561.4744,1893.1724,280.7602,200,7382,0.9000,0.0500,10,10,0.0000,0
a-n60-k9.vrp,ga,1,1406.8370,2531.3948,1915.9769,293.7831,200,7383,0.9000,0.0500,10,10,0.0000,0
a-n60-k9.vrp,ga,1,1406.8370,2854.4229,1867.4276,287.5893,200,7384,0.9000,0.0500,10,10,0.0000,0
a-n60-k9.vrp,ga,1,1406.8370,2644.5225,1924.5575,290.0259,200,7385,0.9000,0.0500,10,10,0.0000,0
a-n60-k9.vrp,ga,1,1406.8370,2544.4128,1897.9222,272.5035,200,7386,0.9000,0.0500,10,10,0.0000,0
a-n60-k9.vrp,ga,1,1406.8370,2720.1355,1928.8715,303.9890,200,7387,0.9000,0.0500,10,10,0.0000,0
a-n60-k9.vrp,ga,1,1406.8370,2696.5222,1912.0654,288.3614,200,7388,0.9000,0.0500,10,10,0.0000,0
a-n60-k9.vrp,ga,1,1406.8370,2736.2588,1886.3567,294.4161,200,7389,0.9000,0.0500,10,10,0.0000,0
a-n60-k9.vrp,ga,1,1406.8370,2576.5088,1863.9631,282.8768,200,7390,0.9000,0.0500,10,10,0.0000,0
a-n60-k9.vrp,ga,1,1406.8370,2565.4111,1880.7637,295.4803,200,7391,0.9000,0.0500,10,10,0.0000,0
a-n60-k9.vrp,ga,1,1406.8370,2618.1873,1878.6292,261.5604,200,7392,0.9000,0.0500,10,10,0.0000,0
a-n60-k9.vrp,ga,1,1406.8370,2626.5186,1878.1732,287.2106,200,7393,0.9000,0.0500,10,10,0.0000,0
a-n60-k9.vrp,ga,1,1406.8370,2613.9473,1932.4813,301.6281,200,7394,0.9000,0.0500,10,10,0.0000,0
a-n60-k9.vrp,ga,1,1406.8370,2528.0181,1897.1506,295.5529,200,7395,0.9000,0.0500,10,10,0.0000,0
a-n60-k9.vrp,ga,1,1406.8370,2695.1619,1864.3353,294.9492,200,7396,0.9000,0.0500,10,10,0.0000,0
a-n60-k9.vrp,ga,1,1406.8370,2714.6328,1876.4419,303.2095,200,7397,0.9000,0.0500,10,10,0.0000,0
a-n60-k9.vrp,ga,1,1406.8370,2747.9866,1888.3066,285.3740,200,7398,0.9000,0.0500,10,10,0.0000,0
a-n60-k9.vrp,ga,1,1406.8370,2587.6819,1889.6177,282.6601,200,7399,0.9000,0.0500,10,10,0.0000,0
a-n60-k9.vrp,ga,1,1406.8370,2566.5659,1893.4879,274.5203,200,7400,0.9000,0.0500,10,10,0.0000,0
a-n60-k9.vrp,ga,1,1406.8370,2546.8633,1884.5426,276.1343,200,7401,0.9000,0.0500,10,10,0.0000,0
a-n60-k9.vrp,ga,1,1406.8370,2669.4854,1887.1100,270.7982,200,7402,0.9000,0.0500,10,10,0.0000,0
a-n60-k9.vrp,ga,1,1406.8370,2548.6138,1883.4581,281.2280,200,7403,0.9000,0.0500,10,10,0.0000,0
a-n60-k9.vrp,ga,1,1406.8370,2574.8135,1899.3416,267.5421,200,7404,0.9000,0.0500,10,10,0.0000,0
a-n60-k9.vrp,ga,1,1406.8370,2545.3013,1896.7828,285.9566,200,7405,0.9000,0.0500,10,10,0.0000,0
a-n60-k9.vrp,ga,1,1406.8370,2536.0283,1900.9634,295.2269,200,7406,0.9000,0.0500,10,10,0.0000,0
a-n60-k9.vrp,ga,1,1406.8370,2527.7817,1901.6179,280.0342,200,7407,0.9000,0.0500,10,10,0.0000,0
a-n60-k9.vrp,ga,1,1406.8370,2673.3354,1898.0404,276.4753,200,7408,0.9000,0.0500,10,10,0.0000,0
a-n60-k9.vrp,ga,1,1406.8370,2536.5042,1913.8110,295.2019,200,7409,0.9000,0.0500,10,10,0.0000,0
a-n60-k9.vrp,ga,1,1406.8370,2423.1077,1859.7864,252.8532,200,7410,0.9000,0.0500,10,10,0.0000,0
a-n60-k9.vrp,ga,1,1406.8370,2503.1582,1860.2363,261.5975,200,7411,0.9000,0.0500,10,10,0.0000,0
a-n60-k9.vrp,ga,1,1406.8370,2418.9346,1864.7931,257.6873,200,7412,0.9000,0.0500,10,10,0.0000,0
a-n60-k9.vrp,ga,1,1406.8370,2490.1609,1886.2548,278.0492,200,7413,0.9000,0.0500,10,10,0.0000,0
a-n60-k9.vrp,ga,1,1406.8370,2522.3120,1846.0344,278.0115,200,7414,0.9000,0.0500,10,10,0.0000,0
a-n60-k9.vrp,ga,1,1406.8370,2488.7532,1871.4836,258.6951,200,7415,0.9000,0.0500,10,10,0.0000,0
a-n60-k9.vrp,ga,1,1406.8370,2690.6526,1863.9984,283.1224,200,7416,0.9000,0.0500,10,10,0.0000,0
a-n60-k9.vrp,ga,1,1406.8370,2520.4578,1865.7513,288.8244,200,7417,0.9000,0.0500,10,10,0.0000,0
a-n60-k9.vrp,ga,1,1406.8370,2409.9353,1821.9933,257.5240,200,7418,0.9000,0.0500,10,10,0.0000,0
a-n60-k9.vrp,ga,1,1406.8370,2493.7354,1891.3787,272.8562,200,7419,0.9000,0.0500,10,10,0.0000,0
a-n60-k9.vrp,ga,1,1406.8370,2478.6655,1826.0195,258.2130,200,7420,0.9000,0.0500,10,10,0.0000,0
a-n60-k9.vrp,ga,1,1406.8370,2614.5774,1840.3708,262.6054,200,7421,0.9000,0.0500,10,10,0.0000,0
a-n60-k9.vrp,ga,1,1406.8370,2394.6824,1847.5208,262.6503,200,7422,0.9000,0.0500,10,10,0.0000,0
a-n60-k9.vrp,ga,1,1406.8370,2383.0950,1851.7050,261.1061,200,7423,0.9000,0.0500,10,10,0.0000,0
a-n60-k9.vrp,ga,1,1406.8370,2394.3677,1859.9163,256.5533,200,7424,0.9000,0.0500,10,10,0.0000,0
a-n60-k9.vrp,ga,1,1406.8370,2413.0603,1842.6967,266.5282,200,7425,0.9000,0.0500,10,10,0.0000,0
a-n60-k9.vrp,ga,1,1406.8370,2489.5710,1826.4490,269.4149,200,7426,0.9000,0.0500,10,10,0.0000,0
a-n60-k9.vrp,ga,1,1406.8370,2581.0620,1867.9244,292.9482,200,7427,0.9000,0.0500,10,10,0.0000,0
a-n60-k9.vrp,ga,1,1406.8370,2523.8320,1853.2054,245.7810,200,7428,0.9000,0.0500,10,10,0.0000,0
a-n60-k9.vrp,ga,1,1406.8370,2513.4580,1861.7245,275.0098,200,7429,0.9000,0.0500,10,10,0.0000,0
a-n60-k9.vrp,ga,1,1406.8370,2556.5210,1868.0969,269.6167,200,7430,0.9000,0.0500,10,10,0.0000,0
a-n60-k9.vrp,ga,1,1406.8370,2431.0071,1829.2399,264.7140,200,7431,0.9000,0.0500,10,10,0.0000,0
a-n60-k9.vrp,ga,1,1406.8370,2411.9336,1877.1498,263.3052,200,7432,0.9000,0.0500,10,10,0.0000,0
a-n60-k9.vrp,ga,1,1406.8370,2443.5562,1867.4044,260.5684,200,7433,0.9000,0.0500,10,10,0.0000,0
a-n60-k9.vrp,ga,1,1406.8370,2491.9529,1874.0135,283.4534,200,7434,0.9000,0.0500,10,10,0.0000,0
a-n60-k9.vrp,ga,1,1406.8370,2538.8738,1857.0840,251.8902,200,7435,0.9000,0.0500,10,10,0.0000,0
a-n60-k9.vrp,ga,1,1406.8370,2384.7568,1842.3036,276.6131,200,7436,0.9000,0.0500,10,10,0.0000,0
a-n60-k9.vrp,ga,1,1406.8370,2394.4099,1849.4430,271.0807,200,7437,0.9000,0.0500,10,10,0.0000,0
a-n60-k9.vrp,ga,1,1406.8370,2581.5171,1825.1483,272.3950,200,7438,0.9000,0.0500,10,10,0.0000,0
a-n60-k9.vrp,ga,1,1406.8370,2447.7927,1832.1456,288.0473,200,7439,0.9000,0.0500,10,10,0.0000,0
a-n60-k9.vrp,ga,1,1406.8370,2508.2783,1844.0062,280.6942,200,7440,0.9000,0.0500,10,10,0.0000,0
a-n60-k9.vrp,ga,1,1406.8370,2703.9358,1831.0502,290.1079,200,7441,0.9000,0.0500,10,10,0.0000,0
a-n60-k9.vrp,ga,1,1406.8370,2623.9797,1854.6384,276.1669,200,7442,0.9000,0.0500,10,10,0.0000,0
a-n60-k9.vrp,ga,1,1406.8370,2600.4719,1880.8480,288.3514,200,7443,0.9000,0.0500,10,10,0.0000,0
a-n60-k9.vrp,ga,1,1406.8370,2661.2163,1847.0513,282.7706,200,7444,0.9000,0.0500,10,10,0.0000,0
a-n60-k9.vrp,ga,1,1406.8370,2460.6951,1849.6805,275.7350,200,7445,0.9000,0.0500,10,10,0.0000,0
a-n60-k9.vrp,ga,1,1406.8370,2445.2175,1806.6154,248.6052,200,7446,0.9000,0.0500,10,10,0.0000,0
a-n60-k9.vrp,ga,1,1406.8370,2400.9133,1832.8287,256.7470,200,7447,0.9000,0.0500,10,10,0.0000,0
a-n60-k9.vrp,ga,1,1406.8370,2604.1494,1857.2506,268.1127,200,7448,0.9000,0.0500,10,10,0.0000,0
a-n60-k9.vrp,ga,1,1406.8370,2412.6106,1859.8917,275.9939,200,7449,0.9000,0.0500,10,10,0.0000,0
a-n60-k9.vrp,ga,1,1406.8370,2363.3406,1833.0979,263.7005,200,7450,0.9000,0.0500,10,10,0.0000,0
a-n60-k9.vrp,ga,1,1406.8370,2556.3347,1857.2454,270.1123,200,7451,0.9000,0.0500,10,10,0.0000,0
a-n60-k9.vrp,ga,1,1406.8370,2457.6484,1869.2819,267.7218,200,7452,0.9000,0.0500,10,10,0.0000,0
a-n60-k9.vrp,ga,1,1406.8370,2502.9185,1855.2308,250.7259,200,7453,0.9000,0.0500,10,10,0.0000,0
a-n60-k9.vrp,ga,1,1406.8370,2435.4517,1870.0460,254.8472,200,7454,0.9000,0.0500,10,10,0.0000,0
a-n60-k9.vrp,ga,1,1406.8370,2538.1179,1868.2047,270.6933,200,7455,0.9000,0.0500,10,10,0.0000,0
a-n60-k9.vrp,ga,1,1406.8370,2395.1228,1873.0941,253.4045,200,7456,0.9000,0.0500,10,10,0.0000,0
a-n60-k9.vrp,ga,1,1406.8370,2523.3965,1895.5450,266.4737,200,7457,0.9000,0.0500,10,10,0.0000,0
a-n60-k9.vrp,ga,1,1406.8370,2523.3965,1855.1201,277.0514,200,7458,0.9000,0.0500,10,10,0.0000,0
a-n60-k9.vrp,ga,1,1406.8370,2425.6440,1813.9254,273.2263,200,7459,0.9000,0.0500,10,10,0.0000,0
a-n60-k9.vrp,ga,1,1406.8370,2533.6226,1803.6368,278.5775,200,7460,0.9000,0.0500,10,10,0.0000,0
a-n60-k9.vrp,ga,1,1406.8370,2355.5200,1826.4640,266.0021,200,7461,0.9000,0.0500,10,10,0.0000,0
a-n60-k9.vrp,ga,1,1406.8370,2409.9353,1853.3479,260.9477,200,7462,0.9000,0.0500,10,10,0.0000,0
a-n60-k9.vrp,ga,1,1406.8370,2383.4307,1810.6071,257.7012,200,7463,0.9000,0.0500,10,10,0.0000,0
a-n60-k9.vrp,ga,1,1406.8370,2396.8601,1793.0858,272.7664,200,7464,0.9000,0.0500,10,10,0.0000,0
a-n60-k9.vrp,ga,1,1406.8370,2575.8118,1840.5355,268.9130,200,7465,0.9000,0.0500,10,10,0.0000,0
a-n60-k9.vrp,ga,1,1406.8370,2453.5745,1855.1334,257.9861,200,7466,0.9000,0.0500,10,10,0.0000,0
a-n60-k9.vrp,ga,1,1406.8370,2384.3074,1823.7706,259.1621,200,7467,0.9000,0.0500,10,10,0.0000,0
a-n60-k9.vrp,ga,1,1406.8370,2449.4102,1849.3091,260.7663,200,7468,0.9000,0.0500,10,10,0.0000,0
a-n60-k9.vrp,ga,1,1406.8370,2521.3108,1844.4240,270.5925,200,7469,0.9000,0.0500,10,10,0.0000,0
a-n60-k9.vrp,ga,1,1406.8370,2434.7637,1811.5234,259.2475,200,7470,0.9000,0.0500,10,10,0.0000,0
a-n60-k9.vrp,ga,1,1406.8370,2395.0969,1842.7950,266.1225,200,7471,0.9000,0.0500,10,10,0.0000,0
a-n60-k9.vrp,ga,1,1406.8370,2428.6531,1839.1670,273.6313,200,7472,0.9000,0.0500,10,10,0.0000,0
a-n60-k9.vrp,ga,1,1406.8370,2384.3074,1840.5532,259.3105,200,7473,0.9000,0.0500,10,10,0.0000,0
a-n60-k9.vrp,ga,1,1406.8370,2407.1077,1832.5851,254.6422,200,7474,0.9000,0.0500,10,10,0.0000,0
a-n60-k9.vrp,ga,1,1406.8370,2484.7371,1887.4086,257.7279,200,7475,0.9000,0.0500,10,10,0.0000,0
a-n60-k9.vrp,ga,1,1406.8370,2577.5442,1859.8544,264.9379,200,7476,0.9000,0.0500,10,10,0.0000,0
a-n60-k9.vrp,ga,1,1406.8370,2862.5806,1836.0159,274.3573,200,7477,0.9000,0.0500,10,10,0.0000,0
a-n60-k9.vrp,ga,1,1406.8370,2442.3835,1825.0126,258.7146,200,7478,0.9000,0.0500,10,10,0.0000,0
a-n60-k9.vrp,ga,1,1406.8370,2414.5452,1821.9985,246.3403,200,7479,0.9000,0.0500,10,10,0.0000,0
a-n60-k9.vrp,ga,1,1406.8370,2422.9893,1828.1030,254.4321,200,7480,0.9000,0.0500,10,10,0.0000,0
a-n60-k9.vrp,ga,1,1406.8370,2393.4160,1865.3594,254.8273,200,7481,0.9000,0.0500,10,10,0.0000,0
a-n60-k9.vrp,ga,1,1406.8370,2509.8508,1893.7888,253.9402,200,7482,0.9000,0.0500,10,10,0.0000,0
a-n60-k9.vrp,ga,1,1406.8370,2480.2080,1892.6283,272.4557,200,7483,0.9000,0.0500,10,10,0.0000,0
a-n60-k9.vrp,ga,1,1406.8370,2673.6340,1896.3141,256.4442,200,7484,0.9000,0.0500,10,10,0.0000,0
a-n60-k9.vrp,ga,1,1406.8370,2706.8059,1915.0192,266.8239,200,7485,0.9000,0.0500,10,10,0.0000,0
a-n60-k9.vrp,ga,1,1406.8370,2730.4502,1933.7671,289.2809,200,7486,0.9000,0.0500,10,10,0.0000,0
a-n60-k9.vrp,ga,1,1406.8370,2614.0398,1899.5383,271.2502,200,7487,0.9000,0.0500,10,10,0.0000,0
a-n60-k9.vrp,ga,1,1406.8370,3101.6257,1867.3344,288.7227,200,7488,0.9000,0.0500,10,10,0.0000,0
a-n60-k9.vrp,ga,1,1406.8370,2692.0078,1917.3290,280.5045,200,7489,0.9000,0.0500,10,10,0.0000,0
a-n60-k9.vrp,ga,1,1406.8370,2645.1731,1864.7358,283.3727,200,7490,0.9000,0.0500,10,10,0.0000,0
a-n60-k9.vrp,ga,1,1406.8370,2526.9570,1845.0364,269.4440,200,7491,0.9000,0.0500,10,10,0.0000,0
a-n60-k9.vrp,ga,1,1406.8370,2687.1948,1865.2373,255.6713,200,7492,0.9000,0.0500,10,10,0.0000,0
a-n60-k9.vrp,ga,1,1406.8370,2484.3811,1897.2440,243.7894,200,7493,0.9000,0.0500,10,10,0.0000,0
a-n60-k9.vrp,ga,1,1406.8370,2469.6914,1874.1196,271.0331,200,7494,0.9000,0.0500,10,10,0.0000,0
a-n60-k9.vrp,ga,1,1406.8370,2585.4504,1906.5312,288.1370,200,7495,0.9000,0.0500,10,10,0.0000,0
a-n60-k9.vrp,ga,1,1406.8370,2619.0417,1886.1178,277.0156,200,7496,0.9000,0.0500,10,10,0.0000,0
a-n60-k9.vrp,ga,1,1406.8370,2543.5674,1864.7338,272.2476,200,7497,0.9000,0.0500,10,10,0.0000,0
a-n60-k9.vrp,ga,1,1406.8370,2525.4802,1864.7231,256.5015,200,7498,0.9000,0.0500,10,10,0.0000,0
a-n60-k9.vrp,ga,1,1406.8370,2717.7258,1853.5204,285.8309,200,7499,0.9000,0.0500,10,10,0.0000,0
a-n60-k9.vrp,ga,1,1406.8370,2532.0032,1837.3896,284.3651,200,7500,0.9000,0.0500,10,10,0.0000,0
a-n60-k9.vrp,ga,1,1406.8370,2475.6514,1833.5443,273.2068,200,7501,0.9000,0.0500,10,10,0.0000,0
a-n60-k9.vrp,ga,1,1406.8370,2467.2668,1819.1469,253.2840,200,7502,0.9000,0.0500,10,10,0.0000,0
a-n60-k9.vrp,ga,1,1406.8370,2497.9883,1866.4523,268.7958,200,7503,0.9000,0.0500,10,10,0.0000,0
a-n60-k9.vrp,ga,1,1406.8370,2608.4536,1865.2455,262.5393,200,7504,0.9000,0.0500,10,10,0.0000,0
a-n60-k9.vrp,ga,1,1406.8370,2651.9758,1835.4650,295.0645,200,7505,0.9000,0.0500,10,10,0.0000,0
a-n60-k9.vrp,ga,1,1406.8370,2487.2253,1881.1735,270.2539,200,7506,0.9000,0.0500,10,10,0.0000,0
a-n60-k9.vrp,ga,1,1406.8370,2547.4375,1849.2148,282.1681,200,7507,0.9000,0.0500,10,10,0.0000,0
a-n60-k9.vrp,ga,1,1406.8370,2402.0574,1804.6234,259.0758,200,7508,0.9000,0.0500,10,10,0.0000,0
a-n60-k9.vrp,ga,1,1406.8370,2829.8096,1851.2488,265.3439,200,7509,0.9000,0.0500,10,10,0.0000,0
a-n60-k9.vrp,ga,1,1406.8370,2552.8132,1842.5791,288.1863,200,7510,0.9000,0.0500,10,10,0.0000,0
a-n60-k9.vrp,ga,1,1406.8370,2434.2690,1825.2114,269.7769,200,7511,0.9000,0.0500,10,10,0.0000,0
a-n60-k9.vrp,ga,1,1406.8370,2434.1504,1847.6813,246.9270,200,7512,0.9000,0.0500,10,10,0.0000,0
a-n60-k9.vrp,ga,1,1406.8370,2598.0742,1870.8793,290.7812,200,7513,0.9000,0.0500,10,10,0.0000,0
a-n60-k9.vrp,ga,1,1406.8370,2753.7026,1853.8619,294.8682,200,7514,0.9000,0.0500,10,10,0.0000,0
a-n60-k9.vrp,ga,1,1406.8370,2598.1177,1833.1206,284.8214,200,7515,0.9000,0.0500,10,10,0.0000,0
a-n60-k9.vrp,ga,1,1406.8370,2590.3230,1810.6608,284.4685,200,7516,0.9000,0.0500,10,10,0.0000,0
a-n60-k9.vrp,ga,1,1406.8370,2690.5073,1827.4108,277.2851,200,7517,0.9000,0.0500,10,10,0.0000,0
a-n60-k9.vrp,ga,1,1406.8370,2591.2849,1842.8618,277.4428,200,7518,0.9000,0.0500,10,10,0.0000,0
a-n60-k9.vrp,ga,1,1406.8370,2675.5483,1870.5338,294.7887,200,7519,0.9000,0.0500,10,10,0.0000,0
a-n60-k9.vrp,ga,1,1406.8370,2463.6084,1879.0306,276.3647,200,7520,0.9000,0.0500,10,10,0.0000,0
a-n60-k9.vrp,ga,1,1406.8370,2844.8674,1881.3962,282.8872,200,7521,0.9000,0.0500,10,10,0.0000,0
a-n60-k9.vrp,ga,1,1406.8370,2511.5547,1860.8933,258.2076,200,7522,0.9000,0.0500,10,10,0.0000,0
a-n60-k9.vrp,ga,1,1406.8370,2557.7549,1841.0459,290.7965,200,7523,0.9000,0.0500,10,10,0.0000,0
a-n60-k9.vrp,ga,1,1406.8370,2540.0164,1861.0142,270.0402,200,7524,0.9000,0.0500,10,10,0.0000,0
a-n60-k9.vrp,ga,1,1406.8370,2499.7769,1839.1212,275.6472,200,7525,0.9000,0.0500,10,10,0.0000,0
a-n60-k9.vrp,ga,1,1406.8370,2517.6548,1835.2736,254.7824,200,7526,0.9000,0.0500,10,10,0.0000,0
a-n60-k9.vrp,ga,1,1406.8370,2413.3467,1825.1582,249.4202,200,7527,0.9000,0.0500,10,10,0.0000,0
a-n60-k9.vrp,ga,1,1406.8370,2527.3542,1850.3992,275.8940,200,7528,0.9000,0.0500,10,10,0.0000,0
a-n60-k9.vrp,ga,1,1406.8370,2460.4971,1834.9874,266.5379,200,7529,0.9000,0.0500,10,10,0.0000,0
a-n60-k9.vrp,ga,1,1406.8370,2429.6277,1884.8508,270.9458,200,7530,0.9000,0.0500,10,10,0.0000,0
a-n60-k9.vrp,ga,1,1406.8370,2479.3093,1860.6569,255.4861,200,7531,0.9000,0.0500,10,10,0.0000,0
a-n60-k9.vrp,ga,1,1406.8370,2435.8613,1836.6135,270.9188,200,7532,0.9000,0.0500,10,10,0.0000,0
a-n60-k9.vrp,ga,1,1406.8370,2367.0913,1864.2523,267.2130,200,7533,0.9000,0.0500,10,10,0.0000,0
a-n60-k9.vrp,ga,1,1406.8370,2483.3013,1876.3514,269.1489,200,7534,0.9000,0.0500,10,10,0.0000,0
a-n60-k9.vrp,ga,1,1406.8370,2347.7798,1828.2251,254.4159,200,7535,0.9000,0.0500,10,10,0.0000,0
a-n60-k9.vrp,ga,1,1406.8370,2603.4397,1863.8085,265.9683,200,7536,0.9000,0.0500,10,10,0.0000,0
a-n60-k9.vrp,ga,1,1406.8370,2436.1277,1844.0052,263.1673,200,7537,0.9000,0.0500,10,10,0.0000,0
a-n60-k9.vrp,ga,1,1406.8370,2416.5635,1866.8743,261.8339,200,7538,0.9000,0.0500,10,10,0.0000,0
a-n60-k9.vrp,ga,1,1406.8370,2503.3630,1871.0275,265.6533,200,7539,0.9000,0.0500,10,10,0.0000,0
a-n60-k9.vrp,ga,1,1406.8370,2463.5044,1860.0317,258.0065,200,7540,0.9000,0.0500,10,10,0.0000,0
a-n60-k9.vrp,ga,1,1406.8370,2481.7993,1861.8201,247.2293,200,7541,0.9000,0.0500,10,10,0.0000,0
a-n60-k9.vrp,ga,1,1406.8370,2549.7627,1854.5287,270.7453,200,7542,0.9000,0.0500,10,10,0.0000,0
a-n60-k9.vrp,ga,1,1406.8370,2547.9546,1842.9034,262.9736,200,7543,0.9000,0.0500,10,10,0.0000,0
a-n60-k9.vrp,ga,1,1406.8370,2384.7568,1850.7224,257.3347,200,7544,0.9000,0.0500,10,10,0.0000,0
a-n60-k9.vrp,ga,1,1406.8370,2352.8147,1854.8502,247.2641,200,7545,0.9000,0.0500,10,10,0.0000,0
a-n60-k9.vrp,ga,1,1406.8370,2349.0671,1859.4766,256.5290,200,7546,0.9000,0.0500,10,10,0.0000,0
a-n60-k9.vrp,ga,1,1406.8370,2300.8337,1854.8130,239.6969,200,7547,0.9000,0.0500,10,10,0.0000,0
a-n60-k9.vrp,ga,1,1406.8370,2429.6277,1861.7521,250.9118,200,7548,0.9000,0.0500,10,10,0.0000,0
a-n60-k9.vrp,ga,1,1406.8370,2601.2246,1852.6312,273.9774,200,7549,0.9000,0.0500,10,10,0.0000,0
a-n60-k9.vrp,ga,1,1406.8370,2528.0637,1868.6096,280.7092,200,7550,0.9000,0.0500,10,10,0.0000,0
a-n60-k9.vrp,ga,1,1406.8370,2354.3130,1836.0586,245.6655,200,7551,0.9000,0.0500,10,10,0.0000,0
a-n60-k9.vrp,ga,1,1406.8370,2478.4692,1869.0839,280.4543,200,7552,0.9000,0.0500,10,10,0.0000,0
a-n60-k9.vrp,ga,1,1406.8370,2605.1238,1841.2653,283.0741,200,7553,0.9000,0.0500,10,10,0.0000,0
a-n60-k9.vrp,ga,1,1406.8370,2549.7627,1846.2822,267.4789,200,7554,0.9000,0.0500,10,10,0.0000,0
a-n60-k9.vrp,ga,1,1406.8370,2460.6392,1836.9602,273.7342,200,7555,0.9000,0.0500,10,10,0.0000,0
a-n60-k9.vrp,ga,1,1406.8370,2629.7778,1916.0398,280.6487,200,7556,0.9000,0.0500,10,10,0.0000,0
a-n60-k9.vrp,ga,1,1406.8370,2532.2961,1839.6246,256.7039,200,7557,0.9000,0.0500,10,10,0.0000,0
a-n60-k9.vrp,ga,1,1406.8370,2394.6824,1851.1305,273.9927,200,7558,0.9000,0.0500,10,10,0.0000,0
a-n60-k9.vrp,ga,1,1406.8370,2455.4092,1866.5341,264.5059,200,7559,0.9000,0.0500,10,10,0.0000,0
a-n60-k9.vrp,ga,1,1406.8370,2451.9890,1862.6965,282.2515,200,7560,0.9000,0.0500,10,10,0.0000,0
a-n60-k9.vrp,ga,1,1406.8370,2443.4458,1875.5997,272.5896,200,7561,0.9000,0.0500,10,10,0.0000,0
a-n60-k9.vrp,ga,1,1406.8370,2558.3689,1884.6261,249.6253,200,7562,0.9000,0.0500,10,10,0.0000,0
a-n60-k9.vrp,ga,1,1406.8370,2555.5078,1884.5554,280.8784,200,7563,0.9000,0.0500,10,10,0.0000,0
a-n60-k9.vrp,ga,1,1406.8370,2536.9702,1856.6450,262.7182,200,7564,0.9000,0.0500,10,10,0.0000,0
a-n60-k9.vrp,ga,1,1406.8370,2494.3198,1855.2216,267.4757,200,7565,0.9000,0.0500,10,10,0.0000,0
a-n60-k9.vrp,ga,1,1406.8370,2492.9795,1885.4200,266.8103,200,7566,0.9000,0.0500,10,10,0.0000,0
a-n60-k9.vrp,ga,1,1406.8370,2591.0581,1852.5680,277.9204,200,7567,0.9000,0.0500,10,10,0.0000,0
a-n60-k9.vrp,ga,1,1406.8370,2673.8572,1835.1310,276.4347,200,7568,0.9000,0.0500,10,10,0.0000,0
a-n60-k9.vrp,ga,1,1406.8370,2413.8955,1884.2087,263.1041,200,7569,0.9000,0.0500,10,10,0.0000,0
a-n60-k9.vrp,ga,1,1406.8370,2427.9561,1877.5508,281.1857,200,7570,0.9000,0.0500,10,10,0.0000,0
a-n60-k9.vrp,ga,1,1406.8370,2555.9163,1827.8877,298.2530,200,7571,0.9000,0.0500,10,10,0.0000,0
a-n60-k9.vrp,ga,1,1406.8370,2394.6824,1829.3729,278.2287,200,7572,0.9000,0.0500,10,10,0.0000,0
a-n60-k9.vrp,ga,1,1406.8370,2634.6541,1845.3229,269.9825,200,7573,0.9000,0.0500,10,10,0.0000,0
a-n60-k9.vrp,ga,1,1406.8370,2423.0942,1886.6510,258.3889,200,7574,0.9000,0.0500,10,10,0.0000,0
a-n60-k9.vrp,ga,1,1406.8370,2669.8755,1903.5692,280.0451,200,7575,0.9000,0.0500,10,10,0.0000,0
a-n60-k9.vrp,ga,1,1406.8370,2683.0908,1914.9954,282.3051,200,7576,0.9000,0.0500,10,10,0.0000,0
a-n60-k9.vrp,ga,1,1406.8370,2463.1538,1895.2083,279.6336,200,7577,0.9000,0.0500,10,10,0.0000,0
a-n60-k9.vrp,ga,1,1406.8370,2700.8840,1870.3983,269.3282,200,7578,0.9000,0.0500,10,10,0.0000,0
a-n60-k9.vrp,ga,1,1406.8370,2465.2908,1883.5615,270.3616,200,7579,0.9000,0.0500,10,10,0.0000,0
a-n60-k9.vrp,ga,1,1406.8370,2385.4192,1899.7162,257.5660,200,7580,0.9000,0.0500,10,10,0.0000,0
a-n60-k9.vrp,ga,1,1406.8370,2632.4463,1909.3781,287.1237,200,7581,0.9000,0.0500,10,10,0.0000,0
a-n60-k9.vrp,ga,1,1406.8370,2522.2764,1903.3066,290.2626,200,7582,0.9000,0.0500,10,10,0.0000,0
a-n60-k9.vrp,ga,1,1406.8370,2532.3694,1872.7633,293.3338,200,7583,0.9000,0.0500,10,10,0.0000,0
a-n60-k9.vrp,ga,1,1406.8370,2548.0457,1921.7223,279.0879,200,7584,0.9000,0.0500,10,10,0.0000,0
a-n60-k9.vrp,ga,1,1406.8370,2678.3232,1936.9971,282.4775,200,7585,0.9000,0.0500,10,10,0.0000,0
a-n60-k9.vrp,ga,1,1406.8370,2601.6340,1906.2336,289.2352,200,7586,0.9000,0.0500,10,10,0.0000,0
a-n60-k9.vrp,ga,1,1406.8370,2670.7429,1914.2578,298.6935,200,7587,0.9000,0.0500,10,10,0.0000,0
a-n60-k9.vrp,ga,1,1406.8370,2664.0454,1938.2653,290.2691,200,7588,0.9000,0.0500,10,10,0.0000,0
a-n60-k9.vrp,ga,1,1406.8370,2631.1904,1877.0642,285.0856,200,7589,0.9000,0.0500,10,10,0.0000,0
a-n60-k9.vrp,ga,1,1406.8370,2557.3745,1882.1481,290.6306,200,7590,0.9000,0.0500,10,10,0.0000,0
a-n60-k9.vrp,ga,1,1406.8370,2517.1296,1872.6400,296.1715,200,7591,0.9000,0.0500,10,10,0.0000,0
a-n60-k9.vrp,ga,1,1406.8370,2598.0845,1918.1714,266.2245,200,7592,0.9000,0.0500,10,10,0.0000,0
a-n60-k9.vrp,ga,1,1406.8370,2562.9792,1904.8282,276.5984,200,7593,0.9000,0.0500,10,10,0.0000,0
a-n60-k9.vrp,ga,1,1406.8370,2513.3474,1940.3298,259.7347,200,7594,0.9000,0.0500,10,10,0.0000,0
a-n60-k9.vrp,ga,1,1406.8370,2620.0808,1925.0210,291.8071,200,7595,0.9000,0.0500,10,10,0.0000,0
a-n60-k9.vrp,ga,1,1406.8370,2568.2141,1911.5645,280.7304,200,7596,0.9000,0.0500,10,10,0.0000,0
a-n60-k9.vrp,ga,1,1406.8370,2672.5925,1903.2915,292.9124,200,7597,0.9000,0.0500,10,10,0.0000,0
a-n60-k9.vrp,ga,1,1406.8370,2628.5210,1890.3591,280.8343,200,7598,0.9000,0.0500,10,10,0.0000,0
a-n60-k9.vrp,ga,1,1406.8370,2665.1475,1931.9005,289.8810,200,7599,0.9000,0.0500,10,10,0.0000,0
a-n60-k9.vrp,ga,1,1406.8370,2559.8262,1919.1227,286.4933,200,7600,0.9000,0.0500,10,10,0.0000,0
a-n60-k9.vrp,ga,1,1406.8370,2597.4333,1872.7241,283.9054,200,7601,0.9000,0.0500,10,10,0.0000,0
a-n60-k9.vrp,ga,1,1406.8370,2616.9104,1888.4028,298.4891,200,7602,0.9000,0.0500,10,10,0.0000,0
a-n60-k9.vrp,ga,1,1406.8370,2588.0220,1850.4630,294.0444,200,7603,0.9000,0.0500,10,10,0.0000,0
a-n60-k9.vrp,ga,1,1406.8370,2606.0095,1887.1227,300.7780,200,7604,0.9000,0.0500,10,10,0.0000,0
a-n60-k9.vrp,ga,1,1406.8370,2614.9082,1852.6008,281.7620,200,7605,0.9000,0.0500,10,10,0.0000,0
a-n60-k9.vrp,ga,1,1406.8370,2539.9934,1867.0961,299.7738,200,7606,0.9000,0.0500,10,10,0.0000,0
a-n60-k9.vrp,ga,1,1406.8370,2573.5916,1880.5934,295.8551,200,7607,0.9000,0.0500,10,10,0.0000,0
a-n60-k9.vrp,ga,1,1406.8370,2638.9609,1857.7649,275.7402,200,7608,0.9000,0.0500,10,10,0.0000,0
a-n60-k9.vrp,ga,1,1406.8370,2532.4712,1839.0343,293.8910,200,7609,0.9000,0.0500,10,10,0.0000,0
a-n60-k9.vrp,ga,1,1406.8370,2586.4248,1872.4771,279.5759,200,7610,0.9000,0.0500,10,10,0.0000,0
a-n60-k9.vrp,ga,1,1406.8370,2606.3645,1862.9182,294.8468,200,7611,0.9000,0.0500,10,10,0.0000,0
a-n60-k9.vrp,ga,1,1406.8370,2633.6995,1897.4139,287.4551,200,7612,0.9000,0.0500,10,10,0.0000,0
a-n60-k9.vrp,ga,1,1406.8370,2589.5923,1886.4583,295.8576,200,7613,0.9000,0.0500,10,10,0.0000,0
a-n60-k9.vrp,ga,1,1406.8370,2647.6191,1881.3019,289.2855,200,7614,0.9000,0.0500,10,10,0.0000,0
a-n60-k9.vrp,ga,1,1406.8370,2635.2437,1866.5154,278.8511,200,7615,0.9000,0.0500,10,10,0.0000,0
a-n60-k9.vrp,ga,1,1406.8370,2656.8237,1913.7646,322.5455,200,7616,0.9000,0.0500,10,10,0.0000,0
a-n60-k9.vrp,ga,1,1406.8370,2813.7031,1916.4980,336.7046,200,7617,0.9000,0.0500,10,10,0.0000,0
a-n60-k9.vrp,ga,1,1406.8370,2581.2034,1850.9802,291.4579,200,7618,0.9000,0.0500,10,10,0.0000,0
a-n60-k9.vrp,ga,1,1406.8370,2513.3474,1856.7307,298.6509,200,7619,0.9000,0.0500,10,10,0.0000,0
a-n60-k9.vrp,ga,1,1406.8370,2585.5442,1903.2141,288.7081,200,7620,0.9000,0.0500,10,10,0.0000,0
a-n60-k9.vrp,ga,1,1406.8370,2671.8933,1897.8033,311.0798,200,7621,0.9000,0.0500,10,10,0.0000,0
a-n60-k9.vrp,ga,1,1406.8370,2651.7678,1933.0703,317.5132,200,7622,0.9000,0.0500,10,10,0.0000,0
a-n60-k9.vrp,ga,1,1406.8370,2571.5803,1920.5979,291.2438,200,7623,0.9000,0.0500,10,10,0.0000,0
a-n60-k9.vrp,ga,1,1406.8370,2549.9963,1943.5024,292.6960,200,7624,0.9000,0.0500,10,10,0.0000,0
a-n60-k9.vrp,ga,1,1406.8370,2736.9121,1947.7451,313.1391,200,7625,0.9000,0.0500,10,10,0.0000,0
a-n60-k9.vrp,ga,1,1406.8370,2744.2732,1953.7705,333.3008,200,7626,0.9000,0.0500,10,10,0.0000,0
a-n60-k9.vrp,ga,1,1406.8370,2634.1621,1918.0280,345.6994,200,7627,0.9000,0.0500,10,10,0.0000,0
a-n60-k9.vrp,ga,1,1406.8370,2521.5186,1905.3961,296.8308,200,7628,0.9000,0.0500,10,10,0.0000,0
a-n60-k9.vrp,ga,1,1406.8370,2758.6050,1932.8578,302.5438,200,7629,0.9000,0.0500,10,10,0.0000,0
a-n60-k9.vrp,ga,1,1406.8370,2751.0264,1914.5454,299.9205,200,7630,0.9000,0.0500,10,10,0.0000,0
a-n60-k9.vrp,ga,1,1406.8370,2813.7031,1914.1788,301.4057,200,7631,0.9000,0.0500,10,10,0.0000,0
a-n60-k9.vrp,ga,1,1406.8370,2579.3064,1899.3816,298.3597,200,7632,0.9000,0.0500,10,10,0.0000,0
a-n60-k9.vrp,ga,1,1406.8370,2593.3345,1888.9054,297.5210,200,7633,0.9000,0.0500,10,10,0.0000,0
a-n60-k9.vrp,ga,1,1406.8370,2529.3450,1870.2872,274.3400,200,7634,0.9000,0.0500,10,10,0.0000,0
a-n60-k9.vrp,ga,1,1406.8370,2516.7646,1866.1223,276.2344,200,7635,0.9000,0.0500,10,10,0.0000,0
a-n60-k9.vrp,ga,1,1406.8370,2668.1838,1879.1368,285.3748,200,7636,0.9000,0.0500,10,10,0.0000,0
a-n60-k9.vrp,ga,1,1406.8370,2574.2827,1905.7878,281.2548,200,7637,0.9000,0.0500,10,10,0.0000,0
a-n60-k9.vrp,ga,1,1406.8370,2596.8936,1868.0718,276.0440,200,7638,0.9000,0.0500,10,10,0.0000,0
a-n60-k9.vrp,ga,1,1406.8370,2513.3474,1901.7400,291.5063,200,7639,0.9000,0.0500,10,10,0.0000,0
a-n60-k9.vrp,ga,1,1406.8370,2593.4517,1905.4827,290.8058,200,7640,0.9000,0.0500,10,10,0.0000,0
a-n60-k9.vrp,ga,1,1406.8370,2682.5142,1867.4648,303.0250,200,7641,0.9000,0.0500,10,10,0.0000,0
a-n60-k9.vrp,ga,1,1406.8370,2708.4587,1870.7067,290.5792,200,7642,0.9000,0.0500,10,10,0.0000,0
a-n60-k9.vrp,ga,1,1406.8370,2770.9968,1883.7822,271.8067,200,7643,0.9000,0.0500,10,10,0.0000,0
a-n60-k9.vrp,ga,1,1406.8370,2723.1160,1914.9170,294.7610,200,7644,0.9000,0.0500,10,10,0.0000,0
a-n60-k9.vrp,ga,1,1406.8370,2689.9917,1881.1576,310.6624,200,7645,0.9000,0.0500,10,10,0.0000,0
a-n60-k9.vrp,ga,1,1406.8370,2723.1160,1845.0911,276.7743,200,7646,0.9000,0.0500,10,10,0.0000,0
a-n60-k9.vrp,ga,1,1406.8370,2645.3552,1881.1782,295.3923,200,7647,0.9000,0.0500,10,10,0.0000,0
a-n60-k9.vrp,ga,1,1406.8370,2582.8667,1876.6539,299.6922,200,7648,0.9000,0.0500,10,10,0.0000,0
a-n60-k9.vrp,ga,1,1406.8370,2558.3640,1891.8312,285.4308,200,7649,0.9000,0.0500,10,10,0.0000,0
a-n60-k9.vrp,ga,1,1406.8370,2536.2676,1877.1967,289.8668,200,7650,0.9000,0.0500,10,10,0.0000,0
a-n60-k9.vrp,ga,1,1406.8370,2578.2761,1903.2015,287.7339,200,7651,0.9000,0.0500,10,10,0.0000,0
a-n60-k9.vrp,ga,1,1406.8370,2784.4490,1915.9392,297.1150,200,7652,0.9000,0.0500,10,10,0.0000,0
a-n60-k9.vrp,ga,1,1406.8370,2693.0020,1901.0895,280.8943,200,7653,0.9000,0.0500,10,10,0.0000,0
a-n60-k9.vrp,ga,1,1406.8370,2513.3474,1868.8030,301.8128,200,7654,0.9000,0.0500,10,10,0.0000,0
a-n60-k9.vrp,ga,1,1406.8370,2585.4771,1893.1013,299.2313,200,7655,0.9000,0.0500,10,10,0.0000,0
a-n60-k9.vrp,ga,1,1406.8370,2654.7544,1882.0618,291.8081,200,7656,0.9000,0.0500,10,10,0.0000,0
a-n60-k9.vrp,ga,1,1406.8370,2554.5984,1905.6656,288.2793,200,7657,0.9000,0.0500,10,10,0.0000,0
a-n60-k9.vrp,ga,1,1406.8370,2514.2151,1890.2708,276.0402,200,7658,0.9000,0.0500,10,10,0.0000,0
a-n60-k9.vrp,ga,1,1406.8370,2610.0271,1917.0322,294.5742,200,7659,0.9000,0.0500,10,10,0.0000,0
a-n60-k9.vrp,ga,1,1406.8370,2767.0876,1879.2606,295.5408,200,7660,0.9000,0.0500,10,10,0.0000,0
a-n60-k9.vrp,ga,1,1406.8370,2648.6587,1897.3506,302.8703,200,7661,0.9000,0.0500,10,10,0.0000,0
a-n60-k9.vrp,ga,1,1406.8370,2662.5933,1887.1215,306.3801,200,7662,0.9000,0.0500,10,10,0.0000,0
a-n60-k9.vrp,ga,1,1406.8370,2837.8347,1930.8606,311.8408,200,7663,0.9000,0.0500,10,10,0.0000,0
a-n60-k9.vrp,ga,1,1406.8370,2720.5586,1925.1123,315.4146,200,7664,0.9000,0.0500,10,10,0.0000,0
a-n60-k9.vrp,ga,1,1406.8370,2778.3633,1933.6951,334.5002,200,7665,0.9000,0.0500,10,10,0.0000,0
a-n60-k9.vrp,ga,1,1406.8370,2694.6189,1924.0018,293.8620,200,7666,0.9000,0.0500,10,10,0.0000,0
a-n60-k9.vrp,ga,1,1406.8370,2680.3047,1907.2809,306.6268,200,7667,0.9000,0.0500,10,10,0.0000,0
a-n60-k9.vrp,ga,1,1406.8370,2823.6287,1958.4896,307.4055,200,7668,0.9000,0.0500,10,10,0.0000,0
a-n60-k9.vrp,ga,1,1406.8370,2600.9226,1893.2848,295.7462,200,7669,0.9000,0.0500,10,10,0.0000,0
a-n60-k9.vrp,ga,1,1406.8370,2639.9194,1898.8020,315.5990,200,7670,0.9000,0.0500,10,10,0.0000,0
a-n60-k9.vrp,ga,1,1406.8370,2681.5679,1890.3068,300.5702,200,7671,0.9000,0.0500,10,10,0.0000,0
a-n60-k9.vrp,ga,1,1406.8370,2833.8633,1896.8999,294.7149,200,7672,0.9000,0.0500,10,10,0.0000,0
a-n60-k9.vrp,ga,1,1406.8370,2793.3457,1908.5420,319.3609,200,7673,0.9000,0.0500,10,10,0.0000,0
a-n60-k9.vrp,ga,1,1406.8370,2588.7729,1869.8945,294.1720,200,7674,0.9000,0.0500,10,10,0.0000,0
a-n60-k9.vrp,ga,1,1406.8370,2691.3521,1862.2137,305.4573,200,7675,0.9000,0.0500,10,10,0.0000,0
a-n60-k9.vrp,ga,1,1406.8370,2653.7168,1885.9003,295.7747,200,7676,0.9000,0.0500,10,10,0.0000,0
a-n60-k9.vrp,ga,1,1406.8370,2664.7239,1891.9771,255.0744,200,7677,0.9000,0.0500,10,10,0.0000,0
a-n60-k9.vrp,ga,1,1406.8370,2724.8718,1913.7072,294.3391,200,7678,0.9000,0.0500,10,10,0.0000,0
a-n60-k9.vrp,ga,1,1406.8370,2784.0061,1908.5063,299.5984,200,7679,0.9000,0.0500,10,10,0.0000,0
a-n60-k9.vrp,ga,1,1406.8370,2547.5334,1846.7112,268.6796,200,7680,0.9000,0.0500,10,10,0.0000,0
a-n60-k9.vrp,ga,1,1406.8370,2480.8896,1826.6173,273.7431,200,7681,0.9000,0.0500,10,10,0.0000,0
a-n60-k9.vrp,ga,1,1406.8370,2545.6772,1864.2740,276.8072,200,7682,0.9000,0.0500,10,10,0.0000,0
a-n60-k9.vrp,ga,1,1406.8370,2404.2412,1838.0354,262.2321,200,7683,0.9000,0.0500,10,10,0.0000,0
a-n60-k9.vrp,ga,1,1406.8370,2528.7991,1852.2416,267.7883,200,7684,0.9000,0.0500,10,10,0.0000,0
a-n60-k9.vrp,ga,1,1406.8370,2442.8811,1836.6013,275.1277,200,7685,0.9000,0.0500,10,10,0.0000,0
a-n60-k9.vrp,ga,1,1406.8370,2669.1545,1873.4414,259.4917,200,7686,0.9000,0.0500,10,10,0.0000,0
a-n60-k9.vrp,ga,1,1406.8370,2417.5149,1889.7639,255.7329,200,7687,0.9000,0.0500,10,10,0.0000,0
a-n60-k9.vrp,ga,1,1406.8370,2557.9299,1855.3428,246.2610,200,7688,0.9000,0.0500,10,10,0.0000,0
a-n60-k9.vrp,ga,1,1406.8370,2562.1914,1844.3966,248.4530,200,7689,0.9000,0.0500,10,10,0.0000,0
a-n60-k9.vrp,ga,1,1406.8370,2415.9480,1861.6578,258.4276,200,7690,0.9000,0.0500,10,10,0.0000,0
a-n60-k9.vrp,ga,1,1406.8370,2438.8003,1843.6843,285.0485,200,7691,0.9000,0.0500,10,10,0.0000,0
a-n60-k9.vrp,ga,1,1406.8370,2437.4382,1896.0629,277.9276,200,7692,0.9000,0.0500,10,10,0.0000,0
a-n60-k9.vrp,ga,1,1406.8370,2488.0269,1912.3953,274.5168,200,7693,0.9000,0.0500,10,10,0.0000,0
a-n60-k9.vrp,ga,1,1406.8370,2513.0203,1882.7601,264.7068,200,7694,0.9000,0.0500,10,10,0.0000,0
a-n60-k9.vrp,ga,1,1406.8370,2535.7571,1905.3744,294.9019,200,7695,0.9000,0.0500,10,10,0.0000,0
a-n60-k9.vrp,ga,1,1406.8370,2435.1108,1844.6694,258.7644,200,7696,0.9000,0.0500,10,10,0.0000,0
a-n60-k9.vrp,ga,1,1406.8370,2415.0986,1856.3258,262.4574,200,7697,0.9000,0.0500,10,10,0.0000,0
a-n60-k9.vrp,ga,1,1406.8370,2402.0232,1863.1095,274.6356,200,7698,0.9000,0.0500,10,10,0.0000,0
a-n60-k9.vrp,ga,1,1406.8370,2683.8938,1885.6422,275.3412,200,7699,0.9000,0.0500,10,10,0.0000,0
a-n60-k9.vrp,ga,1,1406.8370,2439.2283,1885.7874,271.7489,200,7700,0.9000,0.0500,10,10,0.0000,0
a-n60-k9.vrp,ga,1,1406.8370,2610.7263,1870.7438,280.2342,200,7701,0.9000,0.0500,10,10,0.0000,0
a-n60-k9.vrp,ga,1,1406.8370,2537.3616,1848.5291,267.9989,200,7702,0.9000,0.0500,10,10,0.0000,0
a-n60-k9.vrp,ga,1,1406.8370,2393.4114,1892.4083,254.5459,200,7703,0.9000,0.0500,10,10,0.0000,0
a-n60-k9.vrp,ga,1,1406.8370,2608.8179,1877.9730,290.2068,200,7704,0.9000,0.0500,10,10,0.0000,0
a-n60-k9.vrp,ga,1,1406.8370,2549.6875,1903.1200,296.9959,200,7705,0.9000,0.0500,10,10,0.0000,0
a-n60-k9.vrp,ga,1,1406.8370,2417.0715,1878.2156,296.7282,200,7706,0.9000,0.0500,10,10,0.0000,0
a-n60-k9.vrp,ga,1,1406.8370,2593.8267,1886.5247,269.5584,200,7707,0.9000,0.0500,10,10,0.0000,0
a-n60-k9.vrp,ga,1,1406.8370,2483.0171,1892.3542,269.0657,200,7708,0.9000,0.0500,10,10,0.0000,0
a-n60-k9.vrp,ga,1,1406.8370,2506.6191,1846.1550,291.5315,200,7709,0.9000,0.0500,10,10,0.0000,0
a-n60-k9.vrp,ga,1,1406.8370,2528.2502,1838.4716,288.9971,200,7710,0.9000,0.0500,10,10,0.0000,0
a-n60-k9.vrp,ga,1,1406.8370,2600.4856,1875.4194,279.6209,200,7711,0.9000,0.0500,10,10,0.0000,0
a-n60-k9.vrp,ga,1,1406.8370,2593.0608,1874.5897,303.7879,200,7712,0.9000,0.0500,10,10,0.0000,0
a-n60-k9.vrp,ga,1,1406.8370,2490.4224,1897.4551,276.7465,200,7713,0.9000,0.0500,10,10,0.0000,0
a-n60-k9.vrp,ga,1,1406.8370,2614.7893,1873.7106,296.1620,200,7714,0.9000,0.0500,10,10,0.0000,0
a-n60-k9.vrp,ga,1,1406.8370,2652.9355,1858.5133,291.0210,200,7715,0.9000,0.0500,10,10,0.0000,0
a-n60-k9.vrp,ga,1,1406.8370,2692.5481,1864.1630,304.7960,200,7716,0.9000,0.0500,10,10,0.0000,0
a-n60-k9.vrp,ga,1,1406.8370,2654.7441,1899.0238,280.5292,200,7717,0.9000,0.0500,10,10,0.0000,0
a-n60-k9.vrp,ga,1,1406.8370,2602.8721,1903.2170,287.0232,200,7718,0.9000,0.0500,10,10,0.0000,0
a-n60-k9.vrp,ga,1,1406.8370,2692.5225,1922.0447,297.0056,200,7719,0.9000,0.0500,10,10,0.0000,0
a-n60-k9.vrp,ga,1,1406.8370,2592.0559,1894.2550,293.9041,200,7720,0.9000,0.0500,10,10,0.0000,0
a-n60-k9.vrp,ga,1,1406.8370,2753.8889,1864.3649,295.4945,200,7721,0.9000,0.0500,10,10,0.0000,0
a-n60-k9.vrp,ga,1,1406.8370,2497.9597,1893.7313,292.4755,200,7722,0.9000,0.0500,10,10,0.0000,0
a-n60-k9.vrp,ga,1,1406.8370,2640.0503,1910.4255,298.9704,200,7723,0.9000,0.0500,10,10,0.0000,0
a-n60-k9.vrp,ga,1,1406.8370,2505.3398,1872.5564,290.6556,200,7724,0.9000,0.0500,10,10,0.0000,0
a-n60-k9.vrp,ga,1,1406.8370,2550.1213,1903.4415,281.9833,200,7725,0.9000,0.0500,10,10,0.0000,0
a-n60-k9.vrp,ga,1,1406.8370,2558.0637,1899.7700,286.6580,200,7726,0.9000,0.0500,10,10,0.0000,0
a-n60-k9.vrp,ga,1,1406.8370,2492.2698,1899.7775,299.4176,200,7727,0.9000,0.0500,10,10,0.0000,0
a-n60-k9.vrp,ga,1,1406.8370,2453.6650,1882.9235,272.6144,200,7728,0.9000,0.0500,10,10,0.0000,0
a-n60-k9.vrp,ga,1,1406.8370,2662.4321,1878.9330,298.6488,200,7729,0.9000,0.0500,10,10,0.0000,0
a-n60-k9.vrp,ga,1,1406.8370,2493.9851,1859.9049,298.1996,200,7730,0.9000,0.0500,10,10,0.0000,0
a-n60-k9.vrp,ga,1,1406.8370,2600.6829,1843.2205,306.1337,200,7731,0.9000,0.0500,10,10,0.0000,0
a-n60-k9.vrp,ga,1,1406.8370,2627.1855,1836.4144,283.2589,200,7732,0.9000,0.0500,10,10,0.0000,0
a-n60-k9.vrp,ga,1,1406.8370,2535.7395,1858.3092,280.6429,200,7733,0.9000,0.0500,10,10,0.0000,0
a-n60-k9.vrp,ga,1,1406.8370,2611.9055,1923.2349,287.2668,200,7734,0.9000,0.0500,10,10,0.0000,0
a-n60-k9.vrp,ga,1,1406.8370,2560.9470,1883.7853,309.7406,200,7735,0.9000,0.0500,10,10,0.0000,0
a-n60-k9.vrp,ga,1,1406.8370,2435.7683,1869.2091,247.1978,200,7736,0.9000,0.0500,10,10,0.0000,0
a-n60-k9.vrp,ga,1,1406.8370,2427.7954,1871.7708,278.3528,200,7737,0.9000,0.0500,10,10,0.0000,0
a-n60-k9.vrp,ga,1,1406.8370,2483.3735,1811.4108,282.5561,200,7738,0.9000,0.0500,10,10,0.0000,0
a-n60-k9.vrp,ga,1,1406.8370,2479.5903,1852.3146,252.7616,200,7739,0.9000,0.0500,10,10,0.0000,0
a-n60-k9.vrp,ga,1,1406.8370,2527.7581,1863.8247,265.4836,200,7740,0.9000,0.0500,10,10,0.0000,0
a-n60-k9.vrp,ga,1,1406.8370,2465.4724,1857.5000,264.4807,200,7741,0.9000,0.0500,10,10,0.0000,0
a-n60-k9.vrp,ga,1,1406.8370,2599.8159,1854.9878,289.4111,200,7742,0.9000,0.0500,10,10,0.0000,0
a-n60-k9.vrp,ga,1,1406.8370,2655.3608,1852.6918,286.5884,200,7743,0.9000,0.0500,10,10,0.0000,0
a-n60-k9.vrp,ga,1,1406.8370,2452.7981,1868.4225,277.2354,200,7744,0.9000,0.0500,10,10,0.0000,0
a-n60-k9.vrp,ga,1,1406.8370,2615.1177,1837.7253,288.4405,200,7745,0.9000,0.0500,10,10,0.0000,0
a-n60-k9.vrp,ga,1,1406.8370,2755.8440,1873.7737,296.3548,200,7746,0.9000,0.0500,10,10,0.0000,0
a-n60-k9.vrp,ga,1,1406.8370,2635.2346,1881.7782,276.3257,200,7747,0.9000,0.0500,10,10,0.0000,0
a-n60-k9.vrp,ga,1,1406.8370,2869.8137,1857.8231,305.6427,200,7748,0.9000,0.0500,10,10,0.0000,0
a-n60-k9.vrp,ga,1,1406.8370,2521.9626,1852.1519,290.6753,200,7749,0.9000,0.0500,10,10,0.0000,0
a-n60-k9.vrp,ga,1,1406.8370,2700.3232,1867.1080,303.3867,200,7750,0.9000,0.0500,10,10,0.0000,0
a-n60-k9.vrp,ga,1,1406.8370,2497.9473,1864.6779,280.3865,200,7751,0.9000,0.0500,10,10,0.0000,0
a-n60-k9.vrp,ga,1,1406.8370,2717.4712,1862.5931,275.9201,200,7752,0.9000,0.0500,10,10,0.0000,0
a-n60-k9.vrp,ga,1,1406.8370,2578.7874,1860.8628,282.2272,200,7753,0.9000,0.0500,10,10,0.0000,0
a-n60-k9.vrp,ga,1,1406.8370,2561.2251,1882.0983,298.6516,200,7754,0.9000,0.0500,10,10,0.0000,0
a-n60-k9.vrp,ga,1,1406.8370,2552.3606,1889.3683,298.2052,200,7755,0.9000,0.0500,10,10,0.0000,0
a-n60-k9.vrp,ga,1,1406.8370,2521.3491,1889.4205,275.1447,200,7756,0.9000,0.0500,10,10,0.0000,0
a-n60-k9.vrp,ga,1,1406.8370,2521.4541,1903.9723,283.7052,200,7757,0.9000,0.0500,10,10,0.0000,0
a-n60-k9.vrp,ga,1,1406.8370,2600.8967,1907.0664,278.1893,200,7758,0.9000,0.0500,10,10,0.0000,0
a-n60-k9.vrp,ga,1,1406.8370,2596.3030,1879.2706,280.5254,200,7759,0.9000,0.0500,10,10,0.0000,0
a-n60-k9.vrp,ga,1,1406.8370,2674.8469,1885.5652,268.1397,200,7760,0.9000,0.0500,10,10,0.0000,0
a-n60-k9.vrp,ga,1,1406.8370,2707.2834,1893.4882,307.0867,200,7761,0.9000,0.0500,10,10,0.0000,0
a-n60-k9.vrp,ga,1,1406.8370,2818.8618,1883.0959,297.9007,200,7762,0.9000,0.0500,10,10,0.0000,0
a-n60-k9.vrp,ga,1,1406.8370,2675.4854,1888.0078,298.0182,200,7763,0.9000,0.0500,10,10,0.0000,0
a-n60-k9.vrp,ga,1,1406.8370,2605.2236,1884.2213,285.4200,200,7764,0.9000,0.0500,10,10,0.0000,0
a-n60-k9.vrp,ga,1,1406.8370,2830.6741,1880.9547,317.7614,200,7765,0.9000,0.0500,10,10,0.0000,0
a-n60-k9.vrp,ga,1,1406.8370,2709.5615,1918.6758,277.9793,200,7766,0.9000,0.0500,10,10,0.0000,0
a-n60-k9.vrp,ga,1,1406.8370,2828.8416,1951.2513,321.3482,200,7767,0.9000,0.0500,10,10,0.0000,0
a-n60-k9.vrp,ga,1,1406.8370,2656.7229,1950.8671,274.3835,200,7768,0.9000,0.0500,10,10,0.0000,0
a-n60-k9.vrp,ga,1,1406.8370,2771.1240,1976.8518,301.4808,200,7769,0.9000,0.0500,10,10,0.0000,0
a-n60-k9.vrp,ga,1,1406.8370,2568.3594,1970.1646,284.2473,200,7770,0.9000,0.0500,10,10,0.0000,0
a-n60-k9.vrp,ga,1,1406.8370,2800.9927,1975.2542,314.4639,200,7771,0.9000,0.0500,10,10,0.0000,0
a-n60-k9.vrp,ga,1,1406.8370,2715.3826,1914.8065,317.3291,200,7772,0.9000,0.0500,10,10,0.0000,0
a-n60-k9.vrp,ga,1,1406.8370,2894.3472,1955.4708,298.5942,200,7773,0.9000,0.0500,10,10,0.0000,0
a-n60-k9.vrp,ga,1,1406.8370,2899.7727,1940.4883,313.4082,200,7774,0.9000,0.0500,10,10,0.0000,0
a-n60-k9.vrp,ga,1,1406.8370,2719.4795,1946.4558,292.2527,200,7775,0.9000,0.0500,10,10,0.0000,0
a-n60-k9.vrp,ga,1,1406.8370,2600.8037,1915.4773,308.4689,200,7776,0.9000,0.0500,10,10,0.0000,0
a-n60-k9.vrp,ga,1,1406.8370,2797.7832,1920.4050,293.1237,200,7777,0.9000,0.0500,10,10,0.0000,0
a-n60-k9.vrp,ga,1,1406.8370,2934.2051,1923.2933,318.0767,200,7778,0.9000,0.0500,10,10,0.0000,0
a-n60-k9.vrp,ga,1,1406.8370,2586.5908,1907.5599,297.6142,200,7779,0.9000,0.0500,10,10,0.0000,0
a-n60-k9.vrp,ga,1,1406.8370,2700.0466,1926.2260,309.7935,200,7780,0.9000,0.0500,10,10,0.0000,0
a-n60-k9.vrp,ga,1,1406.8370,2832.7678,1954.6708,309.8564,200,7781,0.9000,0.0500,10,10,0.0000,0
a-n60-k9.vrp,ga,1,1406.8370,2759.4902,1908.9640,299.0620,200,7782,0.9000,0.0500,10,10,0.0000,0
a-n60-k9.vrp,ga,1,1406.8370,2743.0066,1892.9122,286.8444,200,7783,0.9000,0.0500,10,10,0.0000,0
a-n60-k9.vrp,ga,1,1406.8370,2803.2007,1953.7037,327.0422,200,7784,0.9000,0.0500,10,10,0.0000,0
a-n60-k9.vrp,ga,1,1406.8370,2871.7258,1902.1478,305.6017,200,7785,0.9000,0.0500,10,10,0.0000,0
a-n60-k9.vrp,ga,1,1406.8370,2685.3948,1905.1310,309.9402,200,7786,0.9000,0.0500,10,10,0.0000,0
a-n60-k9.vrp,ga,1,1406.8370,2599.7515,1883.2106,311.0810,200,7787,0.9000,0.0500,10,10,0.0000,0
a-n60-k9.vrp,ga,1,1406.8370,2832.3152,1886.6095,304.2310,200,7788,0.9000,0.0500,10,10,0.0000,0
a-n60-k9.vrp,ga,1,1406.8370,2736.9893,1898.4778,304.7293,200,7789,0.9000,0.0500,10,10,0.0000,0
a-n60-k9.vrp,ga,1,1406.8370,2734.0820,1940.9784,302.5653,200,7790,0.9000,0.0500,10,10,0.0000,0
a-n60-k9.vrp,ga,1,1406.8370,2649.9634,1980.3322,299.1569,200,7791,0.9000,0.0500,10,10,0.0000,0
a-n60-k9.vrp,ga,1,1406.8370,2831.3870,1949.9999,319.5105,200,7792,0.9000,0.0500,10,10,0.0000,0
a-n60-k9.vrp,ga,1,1406.8370,2740.5725,1966.3813,310.7965,200,7793,0.9000,0.0500,10,10,0.0000,0
a-n60-k9.vrp,ga,1,1406.8370,2605.8257,1951.0223,297.6789,200,7794,0.9000,0.0500,10,10,0.0000,0
a-n60-k9.vrp,ga,1,1406.8370,2653.7058,1956.8617,287.9776,200,7795,0.9000,0.0500,10,10,0.0000,0
a-n60-k9.vrp,ga,1,1406.8370,2694.7656,2000.1788,299.5619,200,7796,0.9000,0.0500,10,10,0.0000,0
a-n60-k9.vrp,ga,1,1406.8370,2919.9482,1962.9318,313.4124,200,7797,0.9000,0.0500,10,10,0.0000,0
a-n60-k9.vrp,ga,1,1406.8370,2710.5332,1942.9491,310.7077,200,7798,0.9000,0.0500,10,10,0.0000,0
a-n60-k9.vrp,ga,1,1406.8370,2728.4966,1920.7239,308.5169,200,7799,0.9000,0.0500,10,10,0.0000,0
a-n60-k9.vrp,ga,1,1406.8370,2833.7351,1925.9121,305.8878,200,7800,0.9000,0.0500,10,10,0.0000,0
a-n60-k9.vrp,ga,1,1406.8370,2684.8467,1949.2048,280.8750,200,7801,0.9000,0.0500,10,10,0.0000,0
a-n60-k9.vrp,ga,1,1406.8370,2787.8914,1936.3323,290.3654,200,7802,0.9000,0.0500,10,10,0.0000,0
a-n60-k9.vrp,ga,1,1406.8370,2725.0735,1957.9808,316.4682,200,7803,0.9000,0.0500,10,10,0.0000,0
a-n60-k9.vrp,ga,1,1406.8370,2723.5864,1943.8875,317.2195,200,7804,0.9000,0.0500,10,10,0.0000,0
a-n60-k9.vrp,ga,1,1406.8370,2835.5894,1941.8204,331.7899,200,7805,0.9000,0.0500,10,10,0.0000,0
a-n60-k9.vrp,ga,1,1406.8370,2818.8257,1892.3639,304.4729,200,7806,0.9000,0.0500,10,10,0.0000,0
a-n60-k9.vrp,ga,1,1406.8370,2602.8479,1898.9540,281.0093,200,7807,0.9000,0.0500,10,10,0.0000,0
a-n60-k9.vrp,ga,1,1406.8370,2686.7605,1909.2240,302.3890,200,7808,0.9000,0.0500,10,10,0.0000,0
a-n60-k9.vrp,ga,1,1406.8370,2777.1538,1914.6365,300.5688,200,7809,0.9000,0.0500,10,10,0.0000,0
a-n60-k9.vrp,ga,1,1406.8370,2899.1816,1949.3729,317.6517,200,7810,0.9000,0.0500,10,10,0.0000,0
a-n60-k9.vrp,ga,1,1406.8370,2749.7014,1921.2633,310.3863,200,7811,0.9000,0.0500,10,10,0.0000,0
a-n60-k9.vrp,ga,1,1406.8370,2817.3733,1898.0347,301.6449,200,7812,0.9000,0.0500,10,10,0.0000,0
a-n60-k9.vrp,ga,1,1406.8370,2801.0498,1910.1211,309.7351,200,7813,0.9000,0.0500,10,10,0.0000,0
a-n60-k9.vrp,ga,1,1406.8370,2640.7651,1899.4949,287.2382,200,7814,0.9000,0.0500,10,10,0.0000,0
a-n60-k9.vrp,ga,1,1406.8370,2689.1011,1899.5952,286.0851,200,7815,0.9000,0.0500,10,10,0.0000,0
a-n60-k9.vrp,ga,1,1406.8370,2653.1016,1936.8027,302.4373,200,7816,0.9000,0.0500,10,10,0.0000,0
a-n60-k9.vrp,ga,1,1406.8370,2800.7908,1910.8839,312.7349,200,7817,0.9000,0.0500,10,10,0.0000,0
a-n60-k9.vrp,ga,1,1406.8370,2638.7900,1911.4167,305.8497,200,7818,0.9000,0.0500,10,10,0.0000,0
a-n60-k9.vrp,ga,1,1406.8370,2831.8667,1919.5844,335.8560,200,7819,0.9000,0.0500,10,10,0.0000,0
a-n60-k9.vrp,ga,1,1406.8370,2759.2385,1916.5001,304.8102,200,7820,0.9000,0.0500,10,10,0.0000,0
a-n60-k9.vrp,ga,1,1406.8370,2778.5652,1928.7190,301.9434,200,7821,0.9000,0.0500,10,10,0.0000,0
a-n60-k9.vrp,ga,1,1406.8370,2683.0845,1942.5111,293.5659,200,7822,0.9000,0.0500,10,10,0.0000,0
a-n60-k9.vrp,ga,1,1406.8370,2913.5618,1940.1963,314.7036,200,7823,0.9000,0.0500,10,10,0.0000,0
a-n60-k9.vrp,ga,1,1406.8370,2701.3564,1904.5762,315.4319,200,7824,0.9000,0.0500,10,10,0.0000,0
a-n60-k9.vrp,ga,1,1406.8370,2705.8672,1832.6331,321.6122,200,7825,0.9000,0.0500,10,10,0.0000,0
a-n60-k9.vrp,ga,1,1406.8370,2762.8840,1877.9520,306.4492,200,7826,0.9000,0.0500,10,10,0.0000,0
a-n60-k9.vrp,ga,1,1406.8370,2687.7490,1904.3909,316.2735,200,7827,0.9000,0.0500,10,10,0.0000,0
a-n60-k9.vrp,ga,1,1406.8370,2896.4429,1925.3485,305.6855,200,7828,0.9000,0.0500,10,10,0.0000,0
a-n60-k9.vrp,ga,1,1406.8370,2792.1458,1906.0157,327.4558,200,7829,0.9000,0.0500,10,10,0.0000,0
a-n60-k9.vrp,ga,1,1406.8370,2624.9927,1933.1085,309.4713,200,7830,0.9000,0.0500,10,10,0.0000,0
a-n60-k9.vrp,ga,1,1406.8370,2809.3296,1934.7070,317.6950,200,7831,0.9000,0.0500,10,10,0.0000,0
a-n60-k9.vrp,ga,1,1406.8370,2680.2031,1955.5002,302.6773,200,7832,0.9000,0.0500,10,10,0.0000,0
a-n60-k9.vrp,ga,1,1406.8370,2818.0281,1946.7709,337.6077,200,7833,0.9000,0.0500,10,10,0.0000,0
a-n60-k9.vrp,ga,1,1406.8370,2798.9436,1863.3740,305.3208,200,7834,0.9000,0.0500,10,10,0.0000,0
a-n60-k9.vrp,ga,1,1406.8370,2728.7971,1930.7734,338.4766,200,7835,0.9000,0.0500,10,10,0.0000,0
a-n60-k9.vrp,ga,1,1406.8370,2734.8657,1929.8291,328.5815,200,7836,0.9000,0.0500,10,10,0.0000,0
a-n60-k9.vrp,ga,1,1406.8370,2812.1191,1914.2103,304.6651,200,7837,0.9000,0.0500,10,10,0.0000,0
a-n60-k9.vrp,ga,1,1406.8370,2791.3787,1908.1522,302.9880,200,7838,0.9000,0.0500,10,10,0.0000,0
a-n60-k9.vrp,ga,1,1406.8370,2717.2224,1915.3281,298.6248,200,7839,0.9000,0.0500,10,10,0.0000,0
a-n60-k9.vrp,ga,1,1406.8370,2558.4231,1877.1919,289.9949,200,7840,0.9000,0.0500,10,10,0.0000,0
a-n60-k9.vrp,ga,1,1406.8370,2806.9824,1890.6841,337.6996,200,7841,0.9000,0.0500,10,10,0.0000,0
a-n60-k9.vrp,ga,1,1406.8370,2848.4590,1924.1599,298.6493,200,7842,0.9000,0.0500,10,10,0.0000,0
a-n60-k9.vrp,ga,1,1406.8370,2879.4912,1922.1021,316.5292,200,7843,0.9000,0.0500,10,10,0.0000,0
a-n60-k9.vrp,ga,1,1406.8370,2796.8140,1907.2631,326.8769,200,7844,0.9000,0.0500,10,10,0.0000,0
a-n60-k9.vrp,ga,1,1406.8370,2932.5513,1934.9938,296.2488,200,7845,0.9000,0.0500,10,10,0.0000,0
a-n60-k9.vrp,ga,1,1406.8370,2987.9458,1926.0417,349.1186,200,7846,0.9000,0.0500,10,10,0.0000,0
a-n60-k9.vrp,ga,1,1406.8370,2765.2891,1921.8044,326.2377,200,7847,0.9000,0.0500,10,10,0.0000,0
a-n60-k9.vrp,ga,1,1406.8370,2851.0474,1881.6681,296.1896,200,7848,0.9000,0.0500,10,10,0.0000,0
a-n60-k9.vrp,ga,1,1406.8370,2771.0493,1894.6987,307.7867,200,7849,0.9000,0.0500,10,10,0.0000,0
a-n60-k9.vrp,ga,1,1406.8370,2812.8674,1882.8623,313.4244,200,7850,0.9000,0.0500,10,10,0.0000,0
a-n60-k9.vrp,ga,1,1406.8370,2613.9539,1885.9103,294.0428,200,7851,0.9000,0.0500,10,10,0.0000,0
a-n60-k9.vrp,ga,1,1406.8370,2803.7617,1934.2620,334.5526,200,7852,0.9000,0.0500,10,10,0.0000,0
a-n60-k9.vrp,ga,1,1406.8370,2693.5171,1896.5598,303.9052,200,7853,0.9000,0.0500,10,10,0.0000,0
a-n60-k9.vrp,ga,1,1406.8370,2607.8918,1906.3190,294.5109,200,7854,0.9000,0.0500,10,10,0.0000,0
a-n60-k9.vrp,ga,1,1406.8370,2686.6025,1912.9941,300.5628,200,7855,0.9000,0.0500,10,10,0.0000,0
a-n60-k9.vrp,ga,1,1406.8370,2867.6047,1887.6967,273.9595,200,7856,0.9000,0.0500,10,10,0.0000,0
a-n60-k9.vrp,ga,1,1406.8370,2692.4346,1923.6106,300.7804,200,7857,0.9000,0.0500,10,10,0.0000,0
a-n60-k9.vrp,ga,1,1406.8370,2537.3330,1897.4181,291.7711,200,7858,0.9000,0.0500,10,10,0.0000,0
a-n60-k9.vrp,ga,1,1406.8370,2715.7239,1938.7460,324.7863,200,7859,0.9000,0.0500,10,10,0.0000,0
a-n60-k9.vrp,ga,1,1406.8370,2647.0852,1895.4691,300.2829,200,7860,0.9000,0.0500,10,10,0.0000,0
a-n60-k9.vrp,ga,1,1406.8370,2661.2244,1885.6385,269.8524,200,7861,0.9000,0.0500,10,10,0.0000,0
a-n60-k9.vrp,ga,1,1406.8370,2731.2283,1922.9856,304.1590,200,7862,0.9000,0.0500,10,10,0.0000,0
a-n60-k9.vrp,ga,1,1406.8370,2817.1726,1887.0525,267.6444,200,7863,0.9000,0.0500,10,10,0.0000,0
a-n60-k9.vrp,ga,1,1406.8370,2690.5872,1935.5854,294.1810,200,7864,0.9000,0.0500,10,10,0.0000,0
a-n60-k9.vrp,ga,1,1406.8370,2616.5488,1892.5212,306.5062,200,7865,0.9000,0.0500,10,10,0.0000,0
a-n60-k9.vrp,ga,1,1406.8370,2848.3320,1945.5927,310.9837,200,7866,0.9000,0.0500,10,10,0.0000,0
a-n60-k9.vrp,ga,1,1406.8370,2763.1760,1941.8580,305.2020,200,7867,0.9000,0.0500,10,10,0.0000,0
a-n60-k9.vrp,ga,1,1406.8370,2705.9675,1922.8708,298.5837,200,7868,0.9000,0.0500,10,10,0.0000,0
a-n60-k9.vrp,ga,1,1406.8370,2656.0898,1903.0547,306.0241,200,7869,0.9000,0.0500,10,10,0.0000,0
a-n60-k9.vrp,ga,1,1406.8370,2704.1531,1939.5925,304.5007,200,7870,0.9000,0.0500,10,10,0.0000,0
a-n60-k9.vrp,ga,1,1406.8370,2873.3311,1864.0695,308.9286,200,7871,0.9000,0.0500,10,10,0.0000,0
a-n60-k9.vrp,ga,1,1406.8370,2594.7695,1889.3225,298.6413,200,7872,0.9000,0.0500,10,10,0.0000,0
a-n60-k9.vrp,ga,1,1406.8370,2693.6858,1889.5533,322.3772,200,7873,0.9000,0.0500,10,10,0.0000,0
a-n60-k9.vrp,ga,1,1406.8370,2612.6387,1880.8247,295.4498,200,7874,0.9000,0.0500,10,10,0.0000,0
a-n60-k9.vrp,ga,1,1406.8370,2576.7080,1846.9678,291.9762,200,7875,0.9000,0.0500,10,10,0.0000,0
a-n60-k9.vrp,ga,1,1406.8370,2760.0259,1891.6409,301.9260,200,7876,0.9000,0.0500,10,10,0.0000,0
a-n60-k9.vrp,ga,1,1406.8370,2513.2427,1873.4866,299.8080,200,7877,0.9000,0.0500,10,10,0.0000,0
a-n60-k9.vrp,ga,1,1406.8370,2669.4143,1866.7139,282.6448,200,7878,0.9000,0.0500,10,10,0.0000,0
a-n60-k9.vrp,ga,1,1406.8370,2514.1765,1884.3010,281.9319,200,7879,0.9000,0.0500,10,10,0.0000,0
a-n60-k9.vrp,ga,1,1406.8370,2516.2139,1885.8916,278.2959,200,7880,0.9000,0.0500,10,10,0.0000,0
a-n60-k9.vrp,ga,1,1406.8370,2331.7812,1862.5129,258.2731,200,7881,0.9000,0.0500,10,10,0.0000,0
a-n60-k9.vrp,ga,1,1406.8370,2523.0090,1879.7495,275.1582,200,7882,0.9000,0.0500,10,10,0.0000,0
a-n60-k9.vrp,ga,1,1406.8370,2479.1431,1871.4794,268.6468,200,7883,0.9000,0.0500,10,10,0.0000,0
a-n60-k9.vrp,ga,1,1406.8370,2581.5085,1903.6102,285.4923,200,7884,0.9000,0.0500,10,10,0.0000,0
a-n60-k9.vrp,ga,1,1406.8370,2454.4561,1886.9366,266.8101,200,7885,0.9000,0.0500,10,10,0.0000,0
a-n60-k9.vrp,ga,1,1406.8370,2532.9146,1886.4446,277.6373,200,7886,0.9000,0.0500,10,10,0.0000,0
a-n60-k9.vrp,ga,1,1406.8370,2432.0859,1868.5415,246.2433,200,7887,0.9000,0.0500,10,10,0.0000,0
a-n60-k9.vrp,ga,1,1406.8370,2550.9268,1890.7496,270.0913,200,7888,0.9000,0.0500,10,10,0.0000,0
a-n60-k9.vrp,ga,1,1406.8370,2506.3982,1878.3977,267.7017,200,7889,0.9000,0.0500,10,10,0.0000,0
a-n60-k9.vrp,ga,1,1406.8370,2444.1379,1906.0876,259.8587,200,7890,0.9000,0.0500,10,10,0.0000,0
a-n60-k9.vrp,ga,1,1406.8370,2477.6843,1879.6642,256.7607,200,7891,0.9000,0.0500,10,10,0.0000,0
a-n60-k9.vrp,ga,1,1406.8370,2440.5344,1903.4757,279.0816,200,7892,0.9000,0.0500,10,10,0.0000,0
a-n60-k9.vrp,ga,1,1406.8370,2420.0701,1871.2661,274.4370,200,7893,0.9000,0.0500,10,10,0.0000,0
a-n60-k9.vrp,ga,1,1406.8370,2468.8428,1888.1212,280.1353,200,7894,0.9000,0.0500,10,10,0.0000,0
a-n60-k9.vrp,ga,1,1406.8370,2450.8188,1891.3317,267.6265,200,7895,0.9000,0.0500,10,10,0.0000,0
a-n60-k9.vrp,ga,1,1406.8370,2475.8633,1903.3658,265.4683,200,7896,0.9000,0.0500,10,10,0.0000,0
a-n60-k9.vrp,ga,1,1406.8370,2524.6472,1903.8673,272.7527,200,7897,0.9000,0.0500,10,10,0.0000,0
a-n60-k9.vrp,ga,1,1406.8370,2454.9045,1878.4242,252.6583,200,7898,0.9000,0.0500,10,10,0.0000,0
a-n60-k9.vrp,ga,1,1406.8370,2395.7405,1873.4983,269.8106,200,7899,0.9000,0.0500,10,10,0.0000,0
a-n60-k9.vrp,ga,1,1406.8370,2494.5056,1890.1090,268.8602,200,7900,0.9000,0.0500,10,10,0.0000,0
a-n60-k9.vrp,ga,1,1406.8370,2519.9412,1880.6395,277.8767,200,7901,0.9000,0.0500,10,10,0.0000,0
a-n60-k9.vrp,ga,1,1406.8370,2503.0857,1919.8896,285.0280,200,7902,0.9000,0.0500,10,10,0.0000,0
a-n60-k9.vrp,ga,1,1406.8370,2443.1123,1900.8407,288.1864,200,7903,0.9000,0.0500,10,10,0.0000,0
a-n60-k9.vrp,ga,1,1406.8370,2416.9116,1893.6084,275.0678,200,7904,0.9000,0.0500,10,10,0.0000,0
a-n60-k9.vrp,ga,1,1406.8370,2497.0950,1883.6267,283.1632,200,7905,0.9000,0.0500,10,10,0.0000,0
a-n60-k9.vrp,ga,1,1406.8370,2407.9971,1879.1449,267.6811,200,7906,0.9000,0.0500,10,10,0.0000,0
a-n60-k9.vrp,ga,1,1406.8370,2530.7900,1887.2366,291.4969,200,7907,0.9000,0.0500,10,10,0.0000,0
a-n60-k9.vrp,ga,1,1406.8370,2444.2527,1858.0579,285.2516,200,7908,0.9000,0.0500,10,10,0.0000,0
a-n60-k9.vrp,ga,1,1406.8370,2580.2717,1885.8231,269.2170,200,7909,0.9000,0.0500,10,10,0.0000,0
a-n60-k9.vrp,ga,1,1406.8370,2585.8530,1893.3744,292.5500,200,7910,0.9000,0.0500,10,10,0.0000,0
a-n60-k9.vrp,ga,1,1406.8370,2551.2917,1873.9785,274.4735,200,7911,0.9000,0.0500,10,10,0.0000,0
a-n60-k9.vrp,ga,1,1406.8370,2634.9719,1909.0632,276.7528,200,7912,0.9000,0.0500,10,10,0.0000,0
a-n60-k9.vrp,ga,1,1406.8370,2662.5159,1874.4362,290.4167,200,7913,0.9000,0.0500,10,10,0.0000,0
a-n60-k9.vrp,ga,1,1406.8370,2462.3286,1860.2686,268.4219,200,7914,0.9000,0.0500,10,10,0.0000,0
a-n60-k9.vrp,ga,1,1406.8370,2512.4700,1860.0347,291.4176,200,7915,0.9000,0.0500,10,10,0.0000,0
a-n60-k9.vrp,ga,1,1406.8370,2433.1143,1849.0957,286.7050,200,7916,0.9000,0.0500,10,10,0.0000,0
a-n60-k9.vrp,ga,1,1406.8370,2500.9387,1862.7495,286.8836,200,7917,0.9000,0.0500,10,10,0.0000,0
a-n60-k9.vrp,ga,1,1406.8370,2536.6404,1831.6066,261.0370,200,7918,0.9000,0.0500,10,10,0.0000,0
a-n60-k9.vrp,ga,1,1406.8370,2630.5093,1881.2134,284.2892,200,7919,0.9000,0.0500,10,10,0.0000,0
a-n60-k9.vrp,ga,1,1406.8370,2517.7180,1869.4563,290.3819,200,7920,0.9000,0.0500,10,10,0.0000,0
a-n60-k9.vrp,ga,1,1406.8370,2459.5593,1860.9943,272.0078,200,7921,0.9000,0.0500,10,10,0.0000,0
a-n60-k9.vrp,ga,1,1406.8370,2625.9470,1868.8154,290.6321,200,7922,0.9000,0.0500,10,10,0.0000,0
a-n60-k9.vrp,ga,1,1406.8370,2465.4058,1883.9310,300.3991,200,7923,0.9000,0.0500,10,10,0.0000,0
a-n60-k9.vrp,ga,1,1406.8370,2489.2617,1853.8303,287.4439,200,7924,0.9000,0.0500,10,10,0.0000,0
a-n60-k9.vrp,ga,1,1406.8370,2429.6277,1835.3037,279.1439,200,7925,0.9000,0.0500,10,10,0.0000,0
a-n60-k9.vrp,ga,1,1406.8370,2429.6277,1870.1584,249.8009,200,7926,0.9000,0.0500,10,10,0.0000,0
a-n60-k9.vrp,ga,1,1406.8370,2518.5073,1874.6359,272.9224,200,7927,0.9000,0.0500,10,10,0.0000,0
a-n60-k9.vrp,ga,1,1406.8370,2527.1270,1897.6010,283.9575,200,7928,0.9000,0.0500,10,10,0.0000,0
a-n60-k9.vrp,ga,1,1406.8370,2480.0310,1844.9570,275.1706,200,7929,0.9000,0.0500,10,10,0.0000,0
a-n60-k9.vrp,ga,1,1406.8370,2445.9460,1863.9460,265.8040,200,7930,0.9000,0.0500,10,10,0.0000,0
a-n60-k9.vrp,ga,1,1406.8370,2494.4521,1814.7360,271.7383,200,7931,0.9000,0.0500,10,10,0.0000,0
a-n60-k9.vrp,ga,1,1406.8370,2524.9819,1852.0789,265.2072,200,7932,0.9000,0.0500,10,10,0.0000,0
a-n60-k9.vrp,ga,1,1406.8370,2609.8147,1845.5476,262.2227,200,7933,0.9000,0.0500,10,10,0.0000,0
a-n60-k9.vrp,ga,1,1406.8370,2610.1033,1844.7283,274.3235,200,7934,0.9000,0.0500,10,10,0.0000,0
a-n60-k9.vrp,ga,1,1406.8370,2300.6897,1843.1520,243.0877,200,7935,0.9000,0.0500,10,10,0.0000,0
a-n60-k9.vrp,ga,1,1406.8370,2489.4548,1847.2399,290.7131,200,7936,0.9000,0.0500,10,10,0.0000,0
a-n60-k9.vrp,ga,1,1406.8370,2461.1978,1851.9537,267.7208,200,7937,0.9000,0.0500,10,10,0.0000,0
a-n60-k9.vrp,ga,1,1406.8370,2590.9514,1894.8976,273.5470,200,7938,0.9000,0.0500,10,10,0.0000,0
a-n60-k9.vrp,ga,1,1406.8370,2378.1626,1833.0098,267.5746,200,7939,0.9000,0.0500,10,10,0.0000,0
a-n60-k9.vrp,ga,1,1406.8370,2540.9695,1884.0409,263.9996,200,7940,0.9000,0.0500,10,10,0.0000,0
a-n60-k9.vrp,ga,1,1406.8370,2564.2273,1901.9275,272.6842,200,7941,0.9000,0.0500,10,10,0.0000,0
a-n60-k9.vrp,ga,1,1406.8370,2630.8723,1899.3920,285.1782,200,7942,0.9000,0.0500,10,10,0.0000,0
a-n60-k9.vrp,ga,1,1406.8370,2741.5388,1859.1071,279.3938,200,7943,0.9000,0.0500,10,10,0.0000,0
a-n60-k9.vrp,ga,1,1406.8370,2551.2991,1866.4000,270.8159,200,7944,0.9000,0.0500,10,10,0.0000,0
a-n60-k9.vrp,ga,1,1406.8370,2717.0066,1875.7966,284.5909,200,7945,0.9000,0.0500,10,10,0.0000,0
a-n60-k9.vrp,ga,1,1406.8370,2599.5471,1871.7457,265.1213,200,7946,0.9000,0.0500,10,10,0.0000,0
a-n60-k9.vrp,ga,1,1406.8370,2531.4766,1893.6188,264.8686,200,7947,0.9000,0.0500,10,10,0.0000,0
a-n60-k9.vrp,ga,1,1406.8370,2522.0801,1875.0693,291.1586,200,7948,0.9000,0.0500,10,10,0.0000,0
a-n60-k9.vrp,ga,1,1406.8370,2747.1528,1911.0175,290.5967,200,7949,0.9000,0.0500,10,10,0.0000,0
a-n60-k9.vrp,ga,1,1406.8370,2844.4512,1891.1814,278.9991,200,7950,0.9000,0.0500,10,10,0.0000,0
a-n60-k9.vrp,ga,1,1406.8370,2617.1260,1910.9946,300.2277,200,7951,0.9000,0.0500,10,10,0.0000,0
a-n60-k9.vrp,ga,1,1406.8370,2857.7231,1911.1740,295.4317,200,7952,0.9000,0.0500,10,10,0.0000,0
a-n60-k9.vrp,ga,1,1406.8370,2745.9680,1906.8479,284.2029,200,7953,0.9000,0.0500,10,10,0.0000,0
a-n60-k9.vrp,ga,1,1406.8370,2551.5713,1902.6569,272.1497,200,7954,0.9000,0.0500,10,10,0.0000,0
a-n60-k9.vrp,ga,1,1406.8370,2749.0232,1887.9380,304.7827,200,7955,0.9000,0.0500,10,10,0.0000,0
a-n60-k9.vrp,ga,1,1406.8370,2557.7976,1847.5477,256.4341,200,7956,0.9000,0.0500,10,10,0.0000,0
a-n60-k9.vrp,ga,1,1406.8370,2744.1492,1861.6494,314.7071,200,7957,0.9000,0.0500,10,10,0.0000,0
a-n60-k9.vrp,ga,1,1406.8370,2715.4890,1862.6530,290.4228,200,7958,0.9000,0.0500,10,10,0.0000,0
a-n60-k9.vrp,ga,1,1406.8370,2601.5605,1869.6962,284.4944,200,7959,0.9000,0.0500,10,10,0.0000,0
a-n60-k9.vrp,ga,1,1406.8370,2593.0295,1856.6158,289.3934,200,7960,0.9000,0.0500,10,10,0.0000,0
a-n60-k9.vrp,ga,1,1406.8370,2554.9692,1847.3973,278.8513,200,7961,0.9000,0.0500,10,10,0.0000,0
a-n60-k9.vrp,ga,1,1406.8370,2542.4656,1854.6797,268.0467,200,7962,0.9000,0.0500,10,10,0.0000,0
a-n60-k9.vrp,ga,1,1406.8370,2501.6968,1882.2548,277.7696,200,7963,0.9000,0.0500,10,10,0.0000,0
a-n60-k9.vrp,ga,1,1406.8370,2548.9805,1891.5778,282.5952,200,7964,0.9000,0.0500,10,10,0.0000,0
a-n60-k9.vrp,ga,1,1406.8370,2550.3733,1907.8667,268.4068,200,7965,0.9000,0.0500,10,10,0.0000,0
a-n60-k9.vrp,ga,1,1406.8370,2553.6138,1899.2605,291.9373,200,7966,0.9000,0.0500,10,10,0.0000,0
a-n60-k9.vrp,ga,1,1406.8370,2537.4182,1937.1572,273.4583,200,7967,0.9000,0.0500,10,10,0.0000,0
a-n60-k9.vrp,ga,1,1406.8370,2450.4998,1903.5957,268.7963,200,7968,0.9000,0.0500,10,10,0.0000,0
a-n60-k9.vrp,ga,1,1406.8370,2520.1353,1935.2629,264.8994,200,7969,0.9000,0.0500,10,10,0.0000,0
a-n60-k9.vrp,ga,1,1406.8370,2521.2214,1904.4406,279.0171,200,7970,0.9000,0.0500,10,10,0.0000,0
a-n60-k9.vrp,ga,1,1406.8370,2558.8582,1901.2980,276.6662,200,7971,0.9000,0.0500,10,10,0.0000,0
a-n60-k9.vrp,ga,1,1406.8370,2554.9185,1891.0424,282.0472,200,7972,0.9000,0.0500,10,10,0.0000,0
a-n60-k9.vrp,ga,1,1406.8370,2465.1807,1851.7742,262.3160,200,7973,0.9000,0.0500,10,10,0.0000,0
a-n60-k9.vrp,ga,1,1406.8370,2582.7310,1885.4788,269.4933,200,7974,0.9000,0.0500,10,10,0.0000,0
a-n60-k9.vrp,ga,1,1406.8370,2718.4277,1862.5991,284.5768,200,7975,0.9000,0.0500,10,10,0.0000,0
a-n60-k9.vrp,ga,1,1406.8370,2504.1104,1877.1207,266.0783,200,7976,0.9000,0.0500,10,10,0.0000,0
a-n60-k9.vrp,ga,1,1406.8370,2574.2102,1889.0138,302.2138,200,7977,0.9000,0.0500,10,10,0.0000,0
a-n60-k9.vrp,ga,1,1406.8370,2755.0854,1838.5088,291.5320,200,7978,0.9000,0.0500,10,10,0.0000,0
a-n60-k9.vrp,ga,1,1406.8370,2564.6516,1857.7434,271.6723,200,7979,0.9000,0.0500,10,10,0.0000,0
a-n60-k9.vrp,ga,1,1406.8370,2522.8213,1874.9054,280.4352,200,7980,0.9000,0.0500,10,10,0.0000,0
a-n60-k9.vrp,ga,1,1406.8370,2713.0234,1845.8793,302.2615,200,7981,0.9000,0.0500,10,10,0.0000,0
a-n60-k9.vrp,ga,1,1406.8370,2559.3530,1847.3954,295.1023,200,7982,0.9000,0.0500,10,10,0.0000,0
a-n60-k9.vrp,ga,1,1406.8370,2462.4138,1859.3784,273.9890,200,7983,0.9000,0.0500,10,10,0.0000,0
a-n60-k9.vrp,ga,1,1406.8370,2634.4387,1880.0183,285.8179,200,7984,0.9000,0.0500,10,10,0.0000,0
a-n60-k9.vrp,ga,1,1406.8370,2819.7195,1876.4967,272.7942,200,7985,0.9000,0.0500,10,10,0.0000,0
a-n60-k9.vrp,ga,1,1406.8370,2559.4729,1904.5151,291.0983,200,7986,0.9000,0.0500,10,10,0.0000,0
a-n60-k9.vrp,ga,1,1406.8370,2614.4438,1888.4978,279.8524,200,7987,0.9000,0.0500,10,10,0.0000,0
a-n60-k9.vrp,ga,1,1406.8370,2480.5020,1904.9923,280.0100,200,7988,0.9000,0.0500,10,10,0.0000,0
a-n60-k9.vrp,ga,1,1406.8370,2650.6345,1905.1838,271.2847,200,7989,0.9000,0.0500,10,10,0.0000,0
a-n60-k9.vrp,ga,1,1406.8370,2758.2356,1930.1096,293.5562,200,7990,0.9000,0.0500,10,10,0.0000,0
a-n60-k9.vrp,ga,1,1406.8370,2579.5457,1871.6122,290.8187,200,7991,0.9000,0.0500,10,10,0.0000,0
a-n60-k9.vrp,ga,1,1406.8370,2645.3428,1836.9275,270.4331,200,7992,0.9000,0.0500,10,10,0.0000,0
a-n60-k9.vrp,ga,1,1406.8370,2460.7681,1844.0527,281.6618,200,7993,0.9000,0.0500,10,10,0.0000,0
a-n60-k9.vrp,ga,1,1406.8370,2463.2666,1866.1593,278.7284,200,7994,0.9000,0.0500,10,10,0.0000,0
a-n60-k9.vrp,ga,1,1406.8370,2402.9238,1856.4569,278.6060,200,7995,0.9000,0.0500,10,10,0.0000,0
a-n60-k9.vrp,ga,1,1406.8370,2523.9424,1846.6473,266.7221,200,7996,0.9000,0.0500,10,10,0.0000,0
a-n60-k9.vrp,ga,1,1406.8370,2702.9614,1888.6663,280.1154,200,7997,0.9000,0.0500,10,10,0.0000,0
a-n60-k9.vrp,ga,1,1406.8370,2631.5361,1891.5021,279.3564,200,7998,0.9000,0.0500,10,10,0.0000,0
a-n60-k9.vrp,ga,1,1406.8370,2683.7107,1861.4163,287.4823,200,7999,0.9000,0.0500,10,10,0.0000,0
a-n60-k9.vrp,ga,1,1406.8370,2554.9661,1869.0375,273.7034,200,8000,0.9000,0.0500,10,10,0.0000,0
a-n60-k9.vrp,ga,1,1406.8370,2618.3928,1895.2380,309.7425,200,8001,0.9000,0.0500,10,10,0.0000,0
a-n60-k9.vrp,ga,1,1406.8370,2706.4368,1887.8779,303.0233,200,8002,0.9000,0.0500,10,10,0.0000,0
a-n60-k9.vrp,ga,1,1406.8370,2838.5977,1903.0546,290.1145,200,8003,0.9000,0.0500,10,10,0.0000,0
a-n60-k9.vrp,ga,1,1406.8370,2696.3921,1868.5250,287.8265,200,8004,0.9000,0.0500,10,10,0.0000,0
a-n60-k9.vrp,ga,1,1406.8370,2603.2830,1841.4430,283.6984,200,8005,0.9000,0.0500,10,10,0.0000,0
a-n60-k9.vrp,ga,1,1406.8370,2630.4697,1859.7626,283.9749,200,8006,0.9000,0.0500,10,10,0.0000,0
a-n60-k9.vrp,ga,1,1406.8370,2571.8254,1882.1793,279.0948,200,8007,0.9000,0.0500,10,10,0.0000,0
a-n60-k9.vrp,ga,1,1406.8370,2423.2622,1864.6007,275.3465,200,8008,0.9000,0.0500,10,10,0.0000,0
a-n60-k9.vrp,ga,1,1406.8370,2481.0056,1892.2633,280.0378,200,8009,0.9000,0.0500,10,10,0.0000,0
a-n60-k9.vrp,ga,1,1406.8370,2588.8596,1872.7366,291.2466,200,8010,0.9000,0.0500,10,10,0.0000,0
a-n60-k9.vrp,ga,1,1406.8370,2501.0869,1895.9974,268.5761,200,8011,0.9000,0.0500,10,10,0.0000,0
a-n60-k9.vrp,ga,1,1406.8370,2485.4556,1857.5090,270.8754,200,8012,0.9000,0.0500,10,10,0.0000,0
a-n60-k9.vrp,ga,1,1406.8370,2587.4653,1890.4526,280.0956,200,8013,0.9000,0.0500,10,10,0.0000,0
a-n60-k9.vrp,ga,1,1406.8370,2547.5281,1869.2881,279.7309,200,8014,0.9000,0.0500,10,10,0.0000,0
a-n60-k9.vrp,ga,1,1406.8370,2610.8181,1894.2754,273.5119,200,8015,0.9000,0.0500,10,10,0.0000,0
a-n60-k9.vrp,ga,1,1406.8370,2750.7080,1907.3329,293.4615,200,8016,0.9000,0.0500,10,10,0.0000,0
a-n60-k9.vrp,ga,1,1406.8370,2615.6023,1845.4380,295.9100,200,8017,0.9000,0.0500,10,10,0.0000,0
a-n60-k9.vrp,ga,1,1406.8370,2559.9863,1857.8705,269.4889,200,8018,0.9000,0.0500,10,10,0.0000,0
a-n60-k9.vrp,ga,1,1406.8370,2439.8591,1854.1027,273.9674,200,8019,0.9000,0.0500,10,10,0.0000,0
a-n60-k9.vrp,ga,1,1406.8370,2583.9028,1833.8151,293.8497,200,8020,0.9000,0.0500,10,10,0.0000,0
a-n60-k9.vrp,ga,1,1406.8370,2625.3000,1854.6758,285.3467,200,8021,0.9000,0.0500,10,10,0.0000,0
a-n60-k9.vrp,ga,1,1406.8370,2479.3440,1870.7501,277.9632,200,8022,0.9000,0.0500,10,10,0.0000,0
a-n60-k9.vrp,ga,1,1406.8370,2670.3650,1851.0709,299.5493,200,8023,0.9000,0.0500,10,10,0.0000,0
a-n60-k9.vrp,ga,1,1406.8370,2690.4612,1875.4255,276.2057,200,8024,0.9000,0.0500,10,10,0.0000,0
a-n60-k9.vrp,ga,1,1406.8370,2866.0364,1909.0156,295.0471,200,8025,0.9000,0.0500,10,10,0.0000,0
a-n60-k9.vrp,ga,1,1406.8370,2580.2971,1888.9373,273.9889,200,8026,0.9000,0.0500,10,10,0.0000,0
a-n60-k9.vrp,ga,1,1406.8370,2837.1218,1860.2944,273.0645,200,8027,0.9000,0.0500,10,10,0.0000,0
a-n60-k9.vrp,ga,1,1406.8370,2728.7554,1900.6410,276.1242,200,8028,0.9000,0.0500,10,10,0.0000,0
a-n60-k9.vrp,ga,1,1406.8370,2920.1570,1896.7208,297.3658,200,8029,0.9000,0.0500,10,10,0.0000,0
a-n60-k9.vrp,ga,1,1406.8370,2670.7458,1887.8971,284.5300,200,8030,0.9000,0.0500,10,10,0.0000,0
a-n60-k9.vrp,ga,1,1406.8370,2650.5898,1872.6826,293.2955,200,8031,0.9000,0.0500,10,10,0.0000,0
a-n60-k9.vrp,ga,1,1406.8370,2570.1326,1901.2197,292.2636,200,8032,0.9000,0.0500,10,10,0.0000,0
a-n60-k9.vrp,ga,1,1406.8370,2645.1394,1885.1506,271.5766,200,8033,0.9000,0.0500,10,10,0.0000,0
a-n60-k9.vrp,ga,1,1406.8370,2766.6279,1863.9445,300.8121,200,8034,0.9000,0.0500,10,10,0.0000,0
a-n60-k9.vrp,ga,1,1406.8370,2911.1833,1890.6071,300.4533,200,8035,0.9000,0.0500,10,10,0.0000,0
a-n60-k9.vrp,ga,1,1406.8370,2723.0208,1898.7770,279.2260,200,8036,0.9000,0.0500,10,10,0.0000,0
a-n60-k9.vrp,ga,1,1406.8370,2902.4819,1867.4197,276.3709,200,8037,0.9000,0.0500,10,10,0.0000,0
a-n60-k9.vrp,ga,1,1406.8370,2922.8687,1871.4106,290.2923,200,8038,0.9000,0.0500,10,10,0.0000,0
a-n60-k9.vrp,ga,1,1406.8370,2814.4980,1896.3883,298.1004,200,8039,0.9000,0.0500,10,10,0.0000,0
a-n60-k9.vrp,ga,1,1406.8370,2641.8145,1890.0702,279.1859,200,8040,0.9000,0.0500,10,10,0.0000,0
a-n60-k9.vrp,ga,1,1406.8370,2752.8552,1843.4575,271.4676,200,8041,0.9000,0.0500,10,10,0.0000,0
a-n60-k9.vrp,ga,1,1406.8370,2907.0347,1901.6552,330.3696,200,8042,0.9000,0.0500,10,10,0.0000,0
a-n60-k9.vrp,ga,1,1406.8370,3176.1616,1894.8495,332.1593,200,8043,0.9000,0.0500,10,10,0.0000,0
a-n60-k9.vrp,ga,1,1406.8370,2651.9802,1884.4772,278.8615,200,8044,0.9000,0.0500,10,10,0.0000,0
a-n60-k9.vrp,ga,1,1406.8370,2924.7471,1882.8158,275.1870,200,8045,0.9000,0.0500,10,10,0.0000,0
a-n60-k9.vrp,ga,1,1406.8370,2882.7507,1912.7039,287.0775,200,8046,0.9000,0.0500,10,10,0.0000,0
a-n60-k9.vrp,ga,1,1406.8370,2985.3909,1893.0892,297.6472,200,8047,0.9000,0.0500,10,10,0.0000,0
a-n60-k9.vrp,ga,1,1406.8370,2903.5061,1869.1312,304.0740,200,8048,0.9000,0.0500,10,10,0.0000,0
a-n60-k9.vrp,ga,1,1406.8370,2854.2136,1896.2158,291.6503,200,8049,0.9000,0.0500,10,10,0.0000,0
a-n60-k9.vrp,ga,1,1406.8370,2926.8213,1937.2239,335.7236,200,8050,0.9000,0.0500,10,10,0.0000,0
a-n60-k9.vrp,ga,1,1406.8370,3040.6985,1914.6370,320.4615,200,8051,0.9000,0.0500,10,10,0.0000,0
a-n60-k9.vrp,ga,1,1406.8370,2924.3062,1912.7059,317.0670,200,8052,0.9000,0.0500,10,10,0.0000,0
a-n60-k9.vrp,ga,1,1406.8370,2929.2620,1880.1743,298.9383,200,8053,0.9000,0.0500,10,10,0.0000,0
a-n60-k9.vrp,ga,1,1406.8370,2845.6982,1874.3124,296.9494,200,8054,0.9000,0.0500,10,10,0.0000,0
a-n60-k9.vrp,ga,1,1406.8370,2929.4836,1857.9210,314.1247,200,8055,0.9000,0.0500,10,10,0.0000,0
a-n60-k9.vrp,ga,1,1406.8370,2837.8616,1880.2975,282.2318,200,8056,0.9000,0.0500,10,10,0.0000,0
a-n60-k9.vrp,ga,1,1406.8370,2791.0063,1937.2452,292.4253,200,8057,0.9000,0.0500,10,10,0.0000,0
a-n60-k9.vrp,ga,1,1406.8370,3016.0552,1938.3463,309.1832,200,8058,0.9000,0.0500,10,10,0.0000,0
a-n60-k9.vrp,ga,1,1406.8370,3155.9614,1899.3145,302.9280,200,8059,0.9000,0.0500,10,10,0.0000,0
a-n60-k9.vrp,ga,1,1406.8370,2928.6277,1896.6194,307.0333,200,8060,0.9000,0.0500,10,10,0.0000,0
a-n60-k9.vrp,ga,1,1406.8370,3014.7551,1904.8346,279.9293,200,8061,0.9000,0.0500,10,10,0.0000,0
a-n60-k9.vrp,ga,1,1406.8370,2936.3101,1921.0205,326.9387,200,8062,0.9000,0.0500,10,10,0.0000,0
a-n60-k9.vrp,ga,1,1406.8370,2670.0649,1869.3218,269.5677,200,8063,0.9000,0.0500,10,10,0.0000,0
a-n60-k9.vrp,ga,1,1406.8370,2822.8447,1844.1636,308.3117,200,8064,0.9000,0.0500,10,10,0.0000,0
a-n60-k9.vrp,ga,1,1406.8370,2941.8303,1872.3639,297.1099,200,8065,0.9000,0.0500,10,10,0.0000,0
a-n60-k9.vrp,ga,1,1406.8370,2602.9885,1885.9298,264.3006,200,8066,0.9000,0.0500,10,10,0.0000,0
a-n60-k9.vrp,ga,1,1406.8370,2900.2598,1928.9557,311.8474,200,8067,0.9000,0.0500,10,10,0.0000,0
a-n60-k9.vrp,ga,1,1406.8370,2957.3901,1911.3762,287.8513,200,8068,0.9000,0.0500,10,10,0.0000,0
a-n60-k9.vrp,ga,1,1406.8370,2835.2104,1909.6863,280.3941,200,8069,0.9000,0.0500,10,10,0.0000,0
a-n60-k9.vrp,ga,1,1406.8370,2980.1572,1961.0145,336.4524,200,8070,0.9000,0.0500,10,10,0.0000,0
a-n60-k9.vrp,ga,1,1406.8370,2741.0222,1939.8354,298.1185,200,8071,0.9000,0.0500,10,10,0.0000,0
a-n60-k9.vrp,ga,1,1406.8370,2852.9907,1925.4272,304.6950,200,8072,0.9000,0.0500,10,10,0.0000,0
a-n60-k9.vrp,ga,1,1406.8370,3021.3274,1893.4032,324.4469,200,8073,0.9000,0.0500,10,10,0.0000,0
a-n60-k9.vrp,ga,1,1406.8370,2787.7119,1894.8477,296.1647,200,8074,0.9000,0.0500,10,10,0.0000,0
a-n60-k9.vrp,ga,1,1406.8370,2972.7104,1908.6027,309.3149,200,8075,0.9000,0.0500,10,10,0.0000,0
a-n60-k9.vrp,ga,1,1406.8370,3125.0005,1907.0256,322.2775,200,8076,0.9000,0.0500,10,10,0.0000,0
a-n60-k9.vrp,ga,1,1406.8370,2811.6240,1911.0558,318.1069,200,8077,0.9000,0.0500,10,10,0.0000,0
a-n60-k9.vrp,ga,1,1406.8370,2865.8865,1869.6716,305.7548,200,8078,0.9000,0.0500,10,10,0.0000,0
a-n60-k9.vrp,ga,1,1406.8370,2895.2004,1859.0209,309.7096,200,8079,0.9000,0.0500,10,10,0.0000,0
a-n60-k9.vrp,ga,1,1406.8370,2883.9226,1844.2400,278.9507,200,8080,0.9000,0.0500,10,10,0.0000,0
a-n60-k9.vrp,ga,1,1406.8370,2931.7881,1863.8958,314.5862,200,8081,0.9000,0.0500,10,10,0.0000,0
a-n60-k9.vrp,ga,1,1406.8370,2521.3313,1857.3109,270.7342,200,8082,0.9000,0.0500,10,10,0.0000,0
a-n60-k9.vrp,ga,1,1406.8370,2807.2432,1895.7279,285.1903,200,8083,0.9000,0.0500,10,10,0.0000,0
a-n60-k9.vrp,ga,1,1406.8370,2928.3840,1874.4404,285.2805,200,8084,0.9000,0.0500,10,10,0.0000,0
a-n60-k9.vrp,ga,1,1406.8370,2623.6353,1882.9670,295.0125,200,8085,0.9000,0.0500,10,10,0.0000,0
a-n60-k9.vrp,ga,1,1406.8370,2986.5127,1854.0510,306.3304,200,8086,0.9000,0.0500,10,10,0.0000,0
a-n60-k9.vrp,ga,1,1406.8370,2929.4836,1845.8506,280.3206,200,8087,0.9000,0.0500,10,10,0.0000,0
a-n60-k9.vrp,ga,1,1406.8370,2860.0469,1870.0149,288.6044,200,8088,0.9000,0.0500,10,10,0.0000,0
a-n60-k9.vrp,ga,1,1406.8370,3155.2700,1900.1702,340.2476,200,8089,0.9000,0.0500,10,10,0.0000,0
a-n60-k9.vrp,ga,1,1406.8370,3030.3716,1885.9968,310.6705,200,8090,0.9000,0.0500,10,10,0.0000,0
a-n60-k9.vrp,ga,1,1406.8370,3014.7551,1850.3270,314.3224,200,8091,0.9000,0.0500,10,10,0.0000,0
a-n60-k9.vrp,ga,1,1406.8370,2792.0608,1877.9014,292.3699,200,8092,0.9000,0.0500,10,10,0.0000,0
a-n60-k9.vrp,ga,1,1406.8370,3051.4578,1894.9308,307.7638,200,8093,0.9000,0.0500,10,10,0.0000,0
a-n60-k9.vrp,ga,1,1406.8370,3017.5049,1860.6702,275.4357,200,8094,0.9000,0.0500,10,10,0.0000,0
a-n60-k9.vrp,ga,1,1406.8370,2860.0469,1835.7406,265.6112,200,8095,0.9000,0.0500,10,10,0.0000,0
a-n60-k9.vrp,ga,1,1406.8370,2680.2307,1879.1501,287.1424,200,8096,0.9000,0.0500,10,10,0.0000,0
a-n60-k9.vrp,ga,1,1406.8370,3014.8127,1858.1998,313.8994,200,8097,0.9000,0.0500,10,10,0.0000,0
a-n60-k9.vrp,ga,1,1406.8370,2733.1157,1872.6146,269.3488,200,8098,0.9000,0.0500,10,10,0.0000,0
a-n60-k9.vrp,ga,1,1406.8370,2689.4944,1852.4840,279.3327,200,8099,0.9000,0.0500,10,10,0.0000,0
a-n60-k9.vrp,ga,1,1406.8370,2993.6121,1901.4476,313.0291,200,8100,0.9000,0.0500,10,10,0.0000,0
a-n60-k9.vrp,ga,1,1406.8370,2850.8413,1899.5128,286.8235,200,8101,0.9000,0.0500,10,10,0.0000,0
a-n60-k9.vrp,ga,1,1406.8370,3150.2317,1888.6547,319.2901,200,8102,0.9000,0.0500,10,10,0.0000,0
a-n60-k9.vrp,ga,1,1406.8370,2762.4893,1904.0035,305.9001,200,8103,0.9000,0.0500,10,10,0.0000,0
a-n60-k9.vrp,ga,1,1406.8370,2929.2205,1876.8090,286.4205,200,8104,0.9000,0.0500,10,10,0.0000,0
a-n60-k9.vrp,ga,1,1406.8370,3027.2590,1886.9285,318.5514,200,8105,0.9000,0.0500,10,10,0.0000,0
a-n60-k9.vrp,ga,1,1406.8370,2686.2053,1892.6774,282.9372,200,8106,0.9000,0.0500,10,10,0.0000,0
a-n60-k9.vrp,ga,1,1406.8370,2911.1829,1873.5106,307.8416,200,8107,0.9000,0.0500,10,10,0.0000,0
a-n60-k9.vrp,ga,1,1406.8370,2743.0142,1867.8239,283.8749,200,8108,0.9000,0.0500,10,10,0.0000,0
a-n60-k9.vrp,ga,1,1406.8370,2970.8806,1862.1296,313.1132,200,8109,0.9000,0.0500,10,10,0.0000,0
a-n60-k9.vrp,ga,1,1406.8370,2854.3281,1868.3206,289.1759,200,8110,0.9000,0.0500,10,10,0.0000,0
a-n60-k9.vrp,ga,1,1406.8370,2545.1223,1892.2031,283.0493,200,8111,0.9000,0.0500,10,10,0.0000,0
a-n60-k9.vrp,ga,1,1406.8370,2587.1902,1877.7185,301.3273,200,8112,0.9000,0.0500,10,10,0.0000,0
a-n60-k9.vrp,ga,1,1406.8370,2737.3455,1912.9956,293.4350,200,8113,0.9000,0.0500,10,10,0.0000,0
a-n60-k9.vrp,ga,1,1406.8370,2990.8291,1909.0773,307.0594,200,8114,0.9000,0.0500,10,10,0.0000,0
a-n60-k9.vrp,ga,1,1406.8370,2905.3728,1942.9758,322.1269,200,8115,0.9000,0.0500,10,10,0.0000,0
a-n60-k9.vrp,ga,1,1406.8370,3162.6724,1889.8070,305.7213,200,8116,0.9000,0.0500,10,10,0.0000,0
a-n60-k9.vrp,ga,1,1406.8370,2900.6865,1942.1713,302.2503,200,8117,0.9000,0.0500,10,10,0.0000,0
a-n60-k9.vrp,ga,1,1406.8370,2925.8213,1938.3646,311.2181,200,8118,0.9000,0.0500,10,10,0.0000,0
a-n60-k9.vrp,ga,1,1406.8370,2868.4521,1975.0199,312.3797,200,8119,0.9000,0.0500,10,10,0.0000,0
a-n60-k9.vrp,ga,1,1406.8370,2648.4570,1907.6520,307.1130,200,8120,0.9000,0.0500,10,10,0.0000,0
a-n60-k9.vrp,ga,1,1406.8370,2988.9878,1900.8977,315.9241,200,8121,0.9000,0.0500,10,10,0.0000,0
a-n60-k9.vrp,ga,1,1406.8370,3024.3953,1889.2745,319.9456,200,8122,0.9000,0.0500,10,10,0.0000,0
a-n60-k9.vrp,ga,1,1406.8370,2888.4412,1880.0405,285.0439,200,8123,0.9000,0.0500,10,10,0.0000,0
a-n60-k9.vrp,ga,1,1406.8370,2890.8862,1877.5964,292.5155,200,8124,0.9000,0.0500,10,10,0.0000,0
a-n60-k9.vrp,ga,1,1406.8370,2859.7476,1890.3872,305.6297,200,8125,0.9000,0.0500,10,10,0.0000,0
a-n60-k9.vrp,ga,1,1406.8370,2858.9846,1937.0405,304.6909,200,8126,0.9000,0.0500,10,10,0.0000,0
a-n60-k9.vrp,ga,1,1406.8370,2935.8030,1957.7418,307.8952,200,8127,0.9000,0.0500,10,10,0.0000,0
a-n60-k9.vrp,ga,1,1406.8370,2623.1902,1871.7240,288.7109,200,8128,0.9000,0.0500,10,10,0.0000,0
a-n60-k9.vrp,ga,1,1406.8370,2466.8357,1872.1544,271.6380,200,8129,0.9000,0.0500,10,10,0.0000,0
a-n60-k9.vrp,ga,1,1406.8370,2516.0566,1878.7721,274.7446,200,8130,0.9000,0.0500,10,10,0.0000,0
a-n60-k9.vrp,ga,1,1406.8370,2353.6213,1881.8177,273.2624,200,8131,0.9000,0.0500,10,10,0.0000,0
a-n60-k9.vrp,ga,1,1406.8370,2471.9358,1871.1395,273.6404,200,8132,0.9000,0.0500,10,10,0.0000,0
a-n60-k9.vrp,ga,1,1406.8370,2635.1284,1884.9512,276.0836,200,8133,0.9000,0.0500,10,10,0.0000,0
a-n60-k9.vrp,ga,1,1406.8370,2610.8674,1853.1815,289.1908,200,8134,0.9000,0.0500,10,10,0.0000,0
a-n60-k9.vrp,ga,1,1406.8370,2418.0649,1840.0824,284.1749,200,8135,0.9000,0.0500,10,10,0.0000,0
a-n60-k9.vrp,ga,1,1406.8370,2415.9031,1899.2140,274.1310,200,8136,0.9000,0.0500,10,10,0.0000,0
a-n60-k9.vrp,ga,1,1406.8370,2571.2949,1832.4006,290.2897,200,8137,0.9000,0.0500,10,10,0.0000,0
a-n60-k9.vrp,ga,1,1406.8370,2478.1877,1832.8896,286.3273,200,8138,0.9000,0.0500,10,10,0.0000,0
a-n60-k9.vrp,ga,1,1406.8370,2667.3049,1833.1698,294.6658,200,8139,0.9000,0.0500,10,10,0.0000,0
a-n60-k9.vrp,ga,1,1406.8370,2590.5598,1882.1318,277.8050,200,8140,0.9000,0.0500,10,10,0.0000,0
a-n60-k9.vrp,ga,1,1406.8370,2596.1218,1923.6819,279.5936,200,8141,0.9000,0.0500,10,10,0.0000,0
a-n60-k9.vrp,ga,1,1406.8370,2584.5413,1925.9445,284.2070,200,8142,0.9000,0.0500,10,10,0.0000,0
a-n60-k9.vrp,ga,1,1406.8370,2783.4431,1920.2670,294.8752,200,8143,0.9000,0.0500,10,10,0.0000,0
a-n60-k9.vrp,ga,1,1406.8370,2688.7434,1886.5736,274.9163,200,8144,0.9000,0.0500,10,10,0.0000,0
a-n60-k9.vrp,ga,1,1406.8370,2382.9094,1857.0991,255.3057,200,8145,0.9000,0.0500,10,10,0.0000,0
a-n60-k9.vrp,ga,1,1406.8370,2744.9963,1900.1412,292.2318,200,8146,0.9000,0.0500,10,10,0.0000,0
a-n60-k9.vrp,ga,1,1406.8370,2698.7712,1903.5839,273.3318,200,8147,0.9000,0.0500,10,10,0.0000,0
a-n60-k9.vrp,ga,1,1406.8370,2703.0100,1921.5848,276.7341,200,8148,0.9000,0.0500,10,10,0.0000,0
a-n60-k9.vrp,ga,1,1406.8370,2750.8794,1918.6302,292.1136,200,8149,0.9000,0.0500,10,10,0.0000,0
a-n60-k9.vrp,ga,1,1406.8370,2736.4294,1881.2651,275.0570,200,8150,0.9000,0.0500,10,10,0.0000,0
a-n60-k9.vrp,ga,1,1406.8370,2637.6294,1910.5570,274.0710,200,8151,0.9000,0.0500,10,10,0.0000,0
a-n60-k9.vrp,ga,1,1406.8370,2431.7932,1905.8331,270.7777,200,8152,0.9000,0.0500,10,10,0.0000,0
a-n60-k9.vrp,ga,1,1406.8370,2449.3037,1887.0333,262.3776,200,8153,0.9000,0.0500,10,10,0.0000,0
a-n60-k9.vrp,ga,1,1406.8370,2694.5413,1886.6648,293.5111,200,8154,0.9000,0.0500,10,10,0.0000,0
a-n60-k9.vrp,ga,1,1406.8370,2774.0981,1859.6851,267.2013,200,8155,0.9000,0.0500,10,10,0.0000,0
a-n60-k9.vrp,ga,1,1406.8370,2533.4319,1878.0901,266.6102,200,8156,0.9000,0.0500,10,10,0.0000,0
a-n60-k9.vrp,ga,1,1406.8370,2644.5081,1907.4128,290.3080,200,8157,0.9000,0.0500,10,10,0.0000,0
a-n60-k9.vrp,ga,1,1406.8370,2712.0945,1898.9058,256.8933,200,8158,0.9000,0.0500,10,10,0.0000,0
a-n60-k9.vrp,ga,1,1406.8370,2627.1812,1898.5586,265.9721,200,8159,0.9000,0.0500,10,10,0.0000,0
a-n60-k9.vrp,ga,1,1406.8370,2640.1123,1905.0448,274.1340,200,8160,0.9000,0.0500,10,10,0.0000,0
a-n60-k9.vrp,ga,1,1406.8370,2722.2163,1901.0636,268.5366,200,8161,0.9000,0.0500,10,10,0.0000,0
a-n60-k9.vrp,ga,1,1406.8370,2749.6472,1904.4724,291.0952,200,8162,0.9000,0.0500,10,10,0.0000,0
a-n60-k9.vrp,ga,1,1406.8370,2831.1101,1867.8766,277.3477,200,8163,0.9000,0.0500,10,10,0.0000,0
a-n60-k9.vrp,ga,1,1406.8370,2520.2163,1872.9708,276.4864,200,8164,0.9000,0.0500,10,10,0.0000,0
a-n60-k9.vrp,ga,1,1406.8370,2793.2317,1865.7506,285.7257,200,8165,0.9000,0.0500,10,10,0.0000,0
a-n60-k9.vrp,ga,1,1406.8370,2647.0808,1879.2526,274.1573,200,8166,0.9000,0.0500,10,10,0.0000,0
a-n60-k9.vrp,ga,1,1406.8370,2432.7495,1842.7448,274.0138,200,8167,0.9000,0.0500,10,10,0.0000,0
a-n60-k9.vrp,ga,1,1406.8370,2827.0007,1892.0072,282.0327,200,8168,0.9000,0.0500,10,10,0.0000,0
a-n60-k9.vrp,ga,1,1406.8370,2772.4434,1946.8914,291.3261,200,8169,0.9000,0.0500,10,10,0.0000,0
a-n60-k9.vrp,ga,1,1406.8370,2542.8601,1922.0272,273.7366,200,8170,0.9000,0.0500,10,10,0.0000,0
a-n60-k9.vrp,ga,1,1406.8370,2739.1177,1929.8134,294.4343,200,8171,0.9000,0.0500,10,10,0.0000,0
a-n60-k9.vrp,ga,1,1406.8370,2727.7446,1960.2864,290.5869,200,8172,0.9000,0.0500,10,10,0.0000,0
a-n60-k9.vrp,ga,1,1406.8370,2656.1641,1912.1300,291.5281,200,8173,0.9000,0.0500,10,10,0.0000,0
a-n60-k9.vrp,ga,1,1406.8370,2812.8042,1917.8929,285.7158,200,8174,0.9000,0.0500,10,10,0.0000,0
a-n60-k9.vrp,ga,1,1406.8370,2743.8096,1916.0619,322.6871,200,8175,0.9000,0.0500,10,10,0.0000,0
a-n60-k9.vrp,ga,1,1406.8370,2687.5957,1908.1033,282.3543,200,8176,0.9000,0.0500,10,10,0.0000,0
a-n60-k9.vrp,ga,1,1406.8370,2584.0923,1908.1713,307.2185,200,8177,0.9000,0.0500,10,10,0.0000,0
a-n60-k9.vrp,ga,1,1406.8370,2983.0564,1956.1669,314.8506,200,8178,0.9000,0.0500,10,10,0.0000,0
a-n60-k9.vrp,ga,1,1406.8370,2787.5693,1921.1458,292.6224,200,8179,0.9000,0.0500,10,10,0.0000,0
a-n60-k9.vrp,ga,1,1406.8370,2843.9954,1915.9697,306.4012,200,8180,0.9000,0.0500,10,10,0.0000,0
a-n60-k9.vrp,ga,1,1406.8370,2609.7886,1900.8735,281.1696,200,8181,0.9000,0.0500,10,10,0.0000,0
a-n60-k9.vrp,ga,1,1406.8370,2516.6514,1889.6703,279.3057,200,8182,0.9000,0.0500,10,10,0.0000,0
a-n60-k9.vrp,ga,1,1406.8370,2828.6028,1876.6071,279.6628,200,8183,0.9000,0.0500,10,10,0.0000,0
a-n60-k9.vrp,ga,1,1406.8370,2393.1548,1879.0493,263.8112,200,8184,0.9000,0.0500,10,10,0.0000,0
a-n60-k9.vrp,ga,1,1406.8370,2709.9692,1879.6294,269.7608,200,8185,0.9000,0.0500,10,10,0.0000,0
a-n60-k9.vrp,ga,1,1406.8370,2558.2761,1900.0537,253.8934,200,8186,0.9000,0.0500,10,10,0.0000,0
a-n60-k9.vrp,ga,1,1406.8370,2429.7356,1854.0151,251.3135,200,8187,0.9000,0.0500,10,10,0.0000,0
a-n60-k9.vrp,ga,1,1406.8370,2570.2310,1910.9327,271.4930,200,8188,0.9000,0.0500,10,10,0.0000,0
a-n60-k9.vrp,ga,1,1406.8370,2741.5269,1945.2689,302.7581,200,8189,0.9000,0.0500,10,10,0.0000,0
a-n60-k9.vrp,ga,1,1406.8370,2674.4702,1936.2433,287.2473,200,8190,0.9000,0.0500,10,10,0.0000,0
a-n60-k9.vrp,ga,1,1406.8370,2666.9832,1912.2407,279.7865,200,8191,0.9000,0.0500,10,10,0.0000,0
a-n60-k9.vrp,ga,1,1406.8370,2503.0376,1882.9089,281.6859,200,8192,0.9000,0.0500,10,10,0.0000,0
a-n60-k9.vrp,ga,1,1406.8370,2594.2476,1886.8044,296.9939,200,8193,0.9000,0.0500,10,10,0.0000,0
a-n60-k9.vrp,ga,1,1406.8370,2704.5059,1903.0260,298.1853,200,8194,0.9000,0.0500,10,10,0.0000,0
a-n60-k9.vrp,ga,1,1406.8370,2681.6750,1891.1785,280.3379,200,8195,0.9000,0.0500,10,10,0.0000,0
a-n60-k9.vrp,ga,1,1406.8370,2746.2896,1903.5691,292.9488,200,8196,0.9000,0.0500,10,10,0.0000,0
a-n60-k9.vrp,ga,1,1406.8370,2662.4341,1917.5503,286.1261,200,8197,0.9000,0.0500,10,10,0.0000,0
a-n60-k9.vrp,ga,1,1406.8370,2505.8611,1905.3600,297.8983,200,8198,0.9000,0.0500,10,10,0.0000,0
a-n60-k9.vrp,ga,1,1406.8370,2440.5393,1882.3241,278.2542,200,8199,0.9000,0.0500,10,10,0.0000,0
a-n60-k9.vrp,ga,1,1406.8370,2726.6047,1881.3898,304.4612,200,8200,0.9000,0.0500,10,10,0.0000,0
a-n60-k9.vrp,ga,1,1406.8370,2536.0444,1929.5223,276.0510,200,8201,0.9000,0.0500,10,10,0.0000,0
a-n60-k9.vrp,ga,1,1406.8370,2863.6753,1925.0991,316.0419,200,8202,0.9000,0.0500,10,10,0.0000,0
a-n60-k9.vrp,ga,1,1406.8370,2759.3972,1889.8745,319.3945,200,8203,0.9000,0.0500,10,10,0.0000,0
a-n60-k9.vrp,ga,1,1406.8370,2604.2463,1876.0160,290.6021,200,8204,0.9000,0.0500,10,10,0.0000,0
a-n60-k9.vrp,ga,1,1406.8370,2675.3850,1881.9570,280.0997,200,8205,0.9000,0.0500,10,10,0.0000,0
a-n60-k9.vrp,ga,1,1406.8370,2630.5002,1873.3524,290.6897,200,8206,0.9000,0.0500,10,10,0.0000,0
a-n60-k9.vrp,ga,1,1406.8370,2537.1572,1888.6379,265.3080,200,8207,0.9000,0.0500,10,10,0.0000,0
a-n60-k9.vrp,ga,1,1406.8370,2602.1870,1859.6969,277.2450,200,8208,0.9000,0.0500,10,10,0.0000,0
a-n60-k9.vrp,ga,1,1406.8370,2630.3025,1885.0398,285.2635,200,8209,0.9000,0.0500,10,10,0.0000,0
a-n60-k9.vrp,ga,1,1406.8370,2697.5054,1852.8567,281.8948,200,8210,0.9000,0.0500,10,10,0.0000,0
a-n60-k9.vrp,ga,1,1406.8370,2440.1699,1874.7114,263.2931,200,8211,0.9000,0.0500,10,10,0.0000,0
a-n60-k9.vrp,ga,1,1406.8370,2520.4045,1896.9436,266.5628,200,8212,0.9000,0.0500,10,10,0.0000,0
a-n60-k9.vrp,ga,1,1406.8370,2622.9548,1934.7587,277.7892,200,8213,0.9000,0.0500,10,10,0.0000,0
a-n60-k9.vrp,ga,1,1406.8370,2557.1672,1922.2837,304.2141,200,8214,0.9000,0.0500,10,10,0.0000,0
a-n60-k9.vrp,ga,1,1406.8370,2823.0452,1904.8259,301.1950,200,8215,0.9000,0.0500,10,10,0.0000,0
a-n60-k9.vrp,ga,1,1406.8370,2608.4897,1848.4779,273.3736,200,8216,0.9000,0.0500,10,10,0.0000,0
a-n60-k9.vrp,ga,1,1406.8370,2546.6848,1851.6892,282.7715,200,8217,0.9000,0.0500,10,10,0.0000,0
a-n60-k9.vrp,ga,1,1406.8370,2554.6990,1830.6913,274.3766,200,8218,0.9000,0.0500,10,10,0.0000,0
a-n60-k9.vrp,ga,1,1406.8370,2459.0557,1832.5371,276.1266,200,8219,0.9000,0.0500,10,10,0.0000,0
a-n60-k9.vrp,ga,1,1406.8370,2574.9753,1850.1710,282.1837,200,8220,0.9000,0.0500,10,10,0.0000,0
a-n60-k9.vrp,ga,1,1406.8370,2724.6931,1887.3655,301.3960,200,8221,0.9000,0.0500,10,10,0.0000,0
a-n60-k9.vrp,ga,1,1406.8370,2574.8879,1846.2372,271.7846,200,8222,0.9000,0.0500,10,10,0.0000,0
a-n60-k9.vrp,ga,1,1406.8370,2440.1289,1874.7684,250.9247,200,8223,0.9000,0.0500,10,10,0.0000,0
a-n60-k9.vrp,ga,1,1406.8370,2477.2114,1858.1045,294.0890,200,8224,0.9000,0.0500,10,10,0.0000,0
a-n60-k9.vrp,ga,1,1406.8370,2424.6636,1865.4122,273.7669,200,8225,0.9000,0.0500,10,10,0.0000,0
a-n60-k9.vrp,ga,1,1406.8370,2557.9490,1852.1262,272.7258,200,8226,0.9000,0.0500,10,10,0.0000,0
a-n60-k9.vrp,ga,1,1406.8370,2503.1248,1882.8433,270.4453,200,8227,0.9000,0.0500,10,10,0.0000,0
a-n60-k9.vrp,ga,1,1406.8370,2646.1616,1885.4745,285.5154,200,8228,0.9000,0.0500,10,10,0.0000,0
a-n60-k9.vrp,ga,1,1406.8370,2748.2517,1841.9181,289.9348,200,8229,0.9000,0.0500,10,10,0.0000,0
a-n60-k9.vrp,ga,1,1406.8370,2502.4839,1856.9443,276.1122,200,8230,0.9000,0.0500,10,10,0.0000,0
a-n60-k9.vrp,ga,1,1406.8370,2395.7981,1849.1414,263.3220,200,8231,0.9000,0.0500,10,10,0.0000,0
a-n60-k9.vrp,ga,1,1406.8370,2592.3516,1840.6638,278.5634,200,8232,0.9000,0.0500,10,10,0.0000,0
a-n60-k9.vrp,ga,1,1406.8370,2481.0156,1832.5642,275.5361,200,8233,0.9000,0.0500,10,10,0.0000,0
a-n60-k9.vrp,ga,1,1406.8370,2466.1255,1838.2905,271.7823,200,8234,0.9000,0.0500,10,10,0.0000,0
a-n60-k9.vrp,ga,1,1406.8370,2459.1738,1860.3752,275.6656,200,8235,0.9000,0.0500,10,10,0.0000,0
a-n60-k9.vrp,ga,1,1406.8370,2377.7383,1874.9564,258.4674,200,8236,0.9000,0.0500,10,10,0.0000,0
a-n60-k9.vrp,ga,1,1406.8370,2565.1277,1858.6383,280.9855,200,8237,0.9000,0.0500,10,10,0.0000,0
a-n60-k9.vrp,ga,1,1406.8370,2453.1680,1862.5668,280.9059,200,8238,0.9000,0.0500,10,10,0.0000,0
a-n60-k9.vrp,ga,1,1406.8370,2444.9849,1852.6971,273.9889,200,8239,0.9000,0.0500,10,10,0.0000,0
a-n60-k9.vrp,ga,1,1406.8370,2450.4998,1859.8542,257.9356,200,8240,0.9000,0.0500,10,10,0.0000,0
a-n60-k9.vrp,ga,1,1406.8370,2646.1616,1916.4508,270.7363,200,8241,0.9000,0.0500,10,10,0.0000,0
a-n60-k9.vrp,ga,1,1406.8370,2493.2024,1864.2344,256.6883,200,8242,0.9000,0.0500,10,10,0.0000,0
a-n60-k9.vrp,ga,1,1406.8370,2573.5803,1894.9388,298.4203,200,8243,0.9000,0.0500,10,10,0.0000,0
a-n60-k9.vrp,ga,1,1406.8370,2635.1689,1917.0815,280.6268,200,8244,0.9000,0.0500,10,10,0.0000,0
a-n60-k9.vrp,ga,1,1406.8370,2653.6873,1918.2018,253.9354,200,8245,0.9000,0.0500,10,10,0.0000,0
a-n60-k9.vrp,ga,1,1406.8370,2458.7979,1867.0217,255.6183,200,8246,0.9000,0.0500,10,10,0.0000,0
a-n60-k9.vrp,ga,1,1406.8370,2587.9641,1874.1045,264.5219,200,8247,0.9000,0.0500,10,10,0.0000,0
a-n60-k9.vrp,ga,1,1406.8370,2419.7791,1878.1731,266.7312,200,8248,0.9000,0.0500,10,10,0.0000,0
a-n60-k9.vrp,ga,1,1406.8370,2444.4900,1878.9414,274.1317,200,8249,0.9000,0.0500,10,10,0.0000,0
a-n60-k9.vrp,ga,1,1406.8370,2447.7864,1851.5245,279.4453,200,8250,0.9000,0.0500,10,10,0.0000,0
a-n60-k9.vrp,ga,1,1406.8370,2698.0662,1860.2070,271.6427,200,8251,0.9000,0.0500,10,10,0.0000,0
a-n60-k9.vrp,ga,1,1406.8370,2572.6692,1874.0265,302.8632,200,8252,0.9000,0.0500,10,10,0.0000,0
a-n60-k9.vrp,ga,1,1406.8370,2514.8770,1866.3621,299.6287,200,8253,0.9000,0.0500,10,10,0.0000,0
a-n60-k9.vrp,ga,1,1406.8370,2616.1851,1875.9814,290.7521,200,8254,0.9000,0.0500,10,10,0.0000,0
a-n60-k9.vrp,ga,1,1406.8370,2518.8538,1888.6415,293.9421,200,8255,0.9000,0.0500,10,10,0.0000,0
a-n60-k9.vrp,ga,1,1406.8370,2562.9424,1893.4139,279.8598,200,8256,0.9000,0.0500,10,10,0.0000,0
a-n60-k9.vrp,ga,1,1406.8370,2644.6665,1861.6987,290.0327,200,8257,0.9000,0.0500,10,10,0.0000,0
a-n60-k9.vrp,ga,1,1406.8370,2703.3972,1900.4403,275.0938,200,8258,0.9000,0.0500,10,10,0.0000,0
a-n60-k9.vrp,ga,1,1406.8370,2487.1438,1860.0107,277.7165,200,8259,0.9000,0.0500,10,10,0.0000,0
a-n60-k9.vrp,ga,1,1406.8370,2615.1558,1864.9263,269.9037,200,8260,0.9000,0.0500,10,10,0.0000,0
a-n60-k9.vrp,ga,1,1406.8370,2452.9260,1834.7307,285.1366,200,8261,0.9000,0.0500,10,10,0.0000,0
a-n60-k9.vrp,ga,1,1406.8370,2576.2461,1885.6848,280.7350,200,8262,0.9000,0.0500,10,10,0.0000,0
a-n60-k9.vrp,ga,1,1406.8370,2690.7512,1892.6310,268.6837,200,8263,0.9000,0.0500,10,10,0.0000,0
a-n60-k9.vrp,ga,1,1406.8370,2553.5112,1890.8485,281.2692,200,8264,0.9000,0.0500,10,10,0.0000,0
a-n60-k9.vrp,ga,1,1406.8370,2725.8333,1885.6536,280.8950,200,8265,0.9000,0.0500,10,10,0.0000,0
a-n60-k9.vrp,ga,1,1406.8370,2622.8938,1865.4625,303.4703,200,8266,0.9000,0.0500,10,10,0.0000,0
a-n60-k9.vrp,ga,1,1406.8370,2545.2107,1862.1808,285.0564,200,8267,0.9000,0.0500,10,10,0.0000,0
a-n60-k9.vrp,ga,1,1406.8370,2790.1384,1908.8864,294.3198,200,8268,0.9000,0.0500,10,10,0.0000,0
a-n60-k9.vrp,ga,1,1406.8370,2576.5625,1880.5775,297.6328,200,8269,0.9000,0.0500,10,10,0.0000,0
a-n60-k9.vrp,ga,1,1406.8370,2700.1489,1884.7010,317.4576,200,8270,0.9000,0.0500,10,10,0.0000,0
a-n60-k9.vrp,ga,1,1406.8370,2538.8953,1856.0375,292.0574,200,8271,0.9000,0.0500,10,10,0.0000,0
a-n60-k9.vrp,ga,1,1406.8370,2673.8279,1862.0334,277.5168,200,8272,0.9000,0.0500,10,10,0.0000,0
a-n60-k9.vrp,ga,1,1406.8370,2577.6121,1890.4797,280.8707,200,8273,0.9000,0.0500,10,10,0.0000,0
a-n60-k9.vrp,ga,1,1406.8370,2875.7449,1938.8566,300.4038,200,8274,0.9000,0.0500,10,10,0.0000,0
a-n60-k9.vrp,ga,1,1406.8370,2790.4790,1927.9677,275.0014,200,8275,0.9000,0.0500,10,10,0.0000,0
a-n60-k9.vrp,ga,1,1406.8370,2878.0227,1942.2777,298.9504,200,8276,0.9000,0.0500,10,10,0.0000,0
a-n60-k9.vrp,ga,1,1406.8370,2630.8105,1923.2454,288.7442,200,8277,0.9000,0.0500,10,10,0.0000,0
a-n60-k9.vrp,ga,1,1406.8370,2663.8467,1909.4138,311.6660,200,8278,0.9000,0.0500,10,10,0.0000,0
a-n60-k9.vrp,ga,1,1406.8370,2385.4976,1835.7776,275.1583,200,8279,0.9000,0.0500,10,10,0.0000,0
a-n60-k9.vrp,ga,1,1406.8370,2522.3127,1849.3027,268.6550,200,8280,0.9000,0.0500,10,10,0.0000,0
a-n60-k9.vrp,ga,1,1406.8370,2738.5793,1880.7435,299.1382,200,8281,0.9000,0.0500,10,10,0.0000,0
a-n60-k9.vrp,ga,1,1406.8370,2827.5532,1869.3326,297.3368,200,8282,0.9000,0.0500,10,10,0.0000,0
a-n60-k9.vrp,ga,1,1406.8370,2818.4680,1841.8870,291.8897,200,8283,0.9000,0.0500,10,10,0.0000,0
a-n60-k9.vrp,ga,1,1406.8370,2604.9343,1862.9269,263.5906,200,8284,0.9000,0.0500,10,10,0.0000,0
a-n60-k9.vrp,ga,1,1406.8370,2516.3945,1897.5717,279.2947,200,8285,0.9000,0.0500,10,10,0.0000,0
a-n60-k9.vrp,ga,1,1406.8370,2467.5754,1901.9794,274.9749,200,8286,0.9000,0.0500,10,10,0.0000,0
a-n60-k9.vrp,ga,1,1406.8370,2482.8755,1903.1669,272.7009,200,8287,0.9000,0.0500,10,10,0.0000,0
a-n60-k9.vrp,ga,1,1406.8370,2427.9580,1881.7786,251.2494,200,8288,0.9000,0.0500,10,10,0.0000,0
a-n60-k9.vrp,ga,1,1406.8370,2600.4436,1917.4641,290.7855,200,8289,0.9000,0.0500,10,10,0.0000,0
a-n60-k9.vrp,ga,1,1406.8370,2596.6250,1869.9397,286.5746,200,8290,0.9000,0.0500,10,10,0.0000,0
a-n60-k9.vrp,ga,1,1406.8370,2586.1235,1861.8041,279.7731,200,8291,0.9000,0.0500,10,10,0.0000,0
a-n60-k9.vrp,ga,1,1406.8370,2474.5227,1882.2383,269.1329,200,8292,0.9000,0.0500,10,10,0.0000,0
a-n60-k9.vrp,ga,1,1406.8370,2449.6772,1869.5385,248.5723,200,8293,0.9000,0.0500,10,10,0.0000,0
a-n60-k9.vrp,ga,1,1406.8370,2612.7009,1867.5822,273.4991,200,8294,0.9000,0.0500,10,10,0.0000,0
a-n60-k9.vrp,ga,1,1406.8370,2697.1094,1923.5164,282.1998,200,8295,0.9000,0.0500,10,10,0.0000,0
a-n60-k9.vrp,ga,1,1406.8370,2529.6978,1873.8325,267.5606,200,8296,0.9000,0.0500,10,10,0.0000,0
a-n60-k9.vrp,ga,1,1406.8370,2509.3113,1868.6099,274.9863,200,8297,0.9000,0.0500,10,10,0.0000,0
a-n60-k9.vrp,ga,1,1406.8370,2721.2693,1863.1158,288.1410,200,8298,0.9000,0.0500,10,10,0.0000,0
a-n60-k9.vrp,ga,1,1406.8370,2525.3955,1858.1556,264.0186,200,8299,0.9000,0.0500,10,10,0.0000,0
a-n60-k9.vrp,ga,1,1406.8370,2670.5295,1880.5055,307.2758,200,8300,0.9000,0.0500,10,10,0.0000,0
a-n60-k9.vrp,ga,1,1406.8370,2592.2217,1887.5043,289.0010,200,8301,0.9000,0.0500,10,10,0.0000,0
a-n60-k9.vrp,ga,1,1406.8370,2480.3418,1876.5172,284.4730,200,8302,0.9000,0.0500,10,10,0.0000,0
a-n60-k9.vrp,ga,1,1406.8370,2601.9944,1823.5919,291.5614,200,8303,0.9000,0.0500,10,10,0.0000,0
a-n60-k9.vrp,ga,1,1406.8370,2586.5364,1835.0414,276.7686,200,8304,0.9000,0.0500,10,10,0.0000,0
a-n60-k9.vrp,ga,1,1406.8370,2672.2546,1905.3870,273.3802,200,8305,0.9000,0.0500,10,10,0.0000,0
a-n60-k9.vrp,ga,1,1406.8370,2588.5969,1909.1390,262.1712,200,8306,0.9000,0.0500,10,10,0.0000,0
a-n60-k9.vrp,ga,1,1406.8370,2423.1724,1857.1595,274.4326,200,8307,0.9000,0.0500,10,10,0.0000,0
a-n60-k9.vrp,ga,1,1406.8370,2562.1606,1876.7174,263.8988,200,8308,0.9000,0.0500,10,10,0.0000,0
a-n60-k9.vrp,ga,1,1406.8370,2436.0391,1881.2480,269.3184,200,8309,0.9000,0.0500,10,10,0.0000,0
a-n60-k9.vrp,ga,1,1406.8370,2519.2461,1852.0302,295.2878,200,8310,0.9000,0.0500,10,10,0.0000,0
a-n60-k9.vrp,ga,1,1406.8370,2706.7937,1924.0789,317.1372,200,8311,0.9000,0.0500,10,10,0.0000,0
a-n60-k9.vrp,ga,1,1406.8370,2636.7346,1895.6000,296.5628,200,8312,0.9000,0.0500,10,10,0.0000,0
a-n60-k9.vrp,ga,1,1406.8370,2792.0664,1886.7979,287.8938,200,8313,0.9000,0.0500,10,10,0.0000,0
a-n60-k9.vrp,ga,1,1406.8370,2469.4365,1864.6676,282.8610,200,8314,0.9000,0.0500,10,10,0.0000,0
a-n60-k9.vrp,ga,1,1406.8370,2463.7393,1867.8672,274.9109,200,8315,0.9000,0.0500,10,10,0.0000,0
a-n60-k9.vrp,ga,1,1406.8370,2591.9050,1901.0087,287.8088,200,8316,0.9000,0.0500,10,10,0.0000,0
a-n60-k9.vrp,ga,1,1406.8370,2656.4944,1917.9172,274.6973,200,8317,0.9000,0.0500,10,10,0.0000,0
a-n60-k9.vrp,ga,1,1406.8370,2574.9226,1911.8599,288.5691,200,8318,0.9000,0.0500,10,10,0.0000,0
a-n60-k9.vrp,ga,1,1406.8370,2709.8853,1892.2408,294.2531,200,8319,0.9000,0.0500,10,10,0.0000,0
a-n60-k9.vrp,ga,1,1406.8370,2467.4128,1918.5989,278.7283,200,8320,0.9000,0.0500,10,10,0.0000,0
a-n60-k9.vrp,ga,1,1406.8370,2667.4192,1899.2861,275.4732,200,8321,0.9000,0.0500,10,10,0.0000,0
a-n60-k9.vrp,ga,1,1406.8370,2624.9680,1915.0337,281.6705,200,8322,0.9000,0.0500,10,10,0.0000,0
a-n60-k9.vrp,ga,1,1406.8370,2476.0662,1889.4502,277.8142,200,8323,0.9000,0.0500,10,10,0.0000,0
a-n60-k9.vrp,ga,1,1406.8370,2623.4409,1913.1780,291.0563,200,8324,0.9000,0.0500,10,10,0.0000,0
a-n60-k9.vrp,ga,1,1406.8370,2770.4680,1872.9215,298.2914,200,8325,0.9000,0.0500,10,10,0.0000,0
a-n60-k9.vrp,ga,1,1406.8370,2697.8457,1870.1521,298.2547,200,8326,0.9000,0.0500,10,10,0.0000,0
a-n60-k9.vrp,ga,1,1406.8370,2614.2546,1883.1610,296.7464,200,8327,0.9000,0.0500,10,10,0.0000,0
a-n60-k9.vrp,ga,1,1406.8370,2787.6995,1876.5979,294.5627,200,8328,0.9000,0.0500,10,10,0.0000,0
a-n60-k9.vrp,ga,1,1406.8370,2547.3384,1883.0736,274.5699,200,8329,0.9000,0.0500,10,10,0.0000,0
a-n60-k9.vrp,ga,1,1406.8370,2582.8945,1867.5835,293.2819,200,8330,0.9000,0.0500,10,10,0.0000,0
a-n60-k9.vrp,ga,1,1406.8370,2601.0432,1859.1621,283.2097,200,8331,0.9000,0.0500,10,10,0.0000,0
a-n60-k9.vrp,ga,1,1406.8370,2559.0828,1905.4510,270.3776,200,8332,0.9000,0.0500,10,10,0.0000,0
a-n60-k9.vrp,ga,1,1406.8370,2584.7473,1881.6526,282.7202,200,8333,0.9000,0.0500,10,10,0.0000,0
a-n60-k9.vrp,ga,1,1406.8370,2573.5820,1866.2496,289.0068,200,8334,0.9000,0.0500,10,10,0.0000,0
a-n60-k9.vrp,ga,1,1406.8370,2586.5364,1866.0518,286.8258,200,8335,0.9000,0.0500,10,10,0.0000,0
a-n60-k9.vrp,ga,1,1406.8370,2456.0032,1891.8015,280.0745,200,8336,0.9000,0.0500,10,10,0.0000,0
a-n60-k9.vrp,ga,1,1406.8370,2614.6526,1883.3663,274.0241,200,8337,0.9000,0.0500,10,10,0.0000,0
a-n60-k9.vrp,ga,1,1406.8370,2594.8501,1920.9086,295.1645,200,8338,0.9000,0.0500,10,10,0.0000,0
a-n60-k9.vrp,ga,1,1406.8370,2553.0552,1915.6412,308.6252,200,8339,0.9000,0.0500,10,10,0.0000,0
a-n60-k9.vrp,ga,1,1406.8370,2630.6797,1901.2850,285.7619,200,8340,0.9000,0.0500,10,10,0.0000,0
a-n60-k9.vrp,ga,1,1406.8370,2723.5706,1907.1409,308.7037,200,8341,0.9000,0.0500,10,10,0.0000,0
a-n60-k9.vrp,ga,1,1406.8370,2707.8489,1962.2758,274.2576,200,8342,0.9000,0.0500,10,10,0.0000,0
a-n60-k9.vrp,ga,1,1406.8370,2708.4380,1967.4783,296.4079,200,8343,0.9000,0.0500,10,10,0.0000,0
a-n60-k9.vrp,ga,1,1406.8370,2611.3479,1960.5441,286.8286,200,8344,0.9000,0.0500,10,10,0.0000,0
a-n60-k9.vrp,ga,1,1406.8370,2722.0371,1949.4202,303.0402,200,8345,0.9000,0.0500,10,10,0.0000,0
a-n60-k9.vrp,ga,1,1406.8370,2542.0264,1884.5956,286.2199,200,8346,0.9000,0.0500,10,10,0.0000,0
a-n60-k9.vrp,ga,1,1406.8370,2573.1917,1905.4775,278.2027,200,8347,0.9000,0.0500,10,10,0.0000,0
a-n60-k9.vrp,ga,1,1406.8370,2585.6743,1903.0967,274.0659,200,8348,0.9000,0.0500,10,10,0.0000,0
a-n60-k9.vrp,ga,1,1406.8370,2672.8950,1870.7405,294.2143,200,8349,0.9000,0.0500,10,10,0.0000,0
a-n60-k9.vrp,ga,1,1406.8370,2636.1665,1894.4183,278.5692,200,8350,0.9000,0.0500,10,10,0.0000,0
a-n60-k9.vrp,ga,1,1406.8370,2532.7646,1905.1488,286.2326,200,8351,0.9000,0.0500,10,10,0.0000,0
a-n60-k9.vrp,ga,1,1406.8370,2673.2585,1889.9279,313.7744,200,8352,0.9000,0.0500,10,10,0.0000,0
a-n60-k9.vrp,ga,1,1406.8370,2566.1833,1897.0610,281.0314,200,8353,0.9000,0.0500,10,10,0.0000,0
a-n60-k9.vrp,ga,1,1406.8370,2631.7039,1913.1664,275.0246,200,8354,0.9000,0.0500,10,10,0.0000,0
a-n60-k9.vrp,ga,1,1406.8370,2741.0837,1875.7047,274.8293,200,8355,0.9000,0.0500,10,10,0.0000,0
a-n60-k9.vrp,ga,1,1406.8370,2635.2974,1888.6400,285.4572,200,8356,0.9000,0.0500,10,10,0.0000,0
a-n60-k9.vrp,ga,1,1406.8370,2725.9460,1900.2322,285.0308,200,8357,0.9000,0.0500,10,10,0.0000,0
a-n60-k9.vrp,ga,1,1406.8370,3037.5964,1905.0776,305.8266,200,8358,0.9000,0.0500,10,10,0.0000,0
a-n60-k9.vrp,ga,1,1406.8370,2552.8264,1877.8523,295.0613,200,8359,0.9000,0.0500,10,10,0.0000,0
a-n60-k9.vrp,ga,1,1406.8370,2634.1479,1846.4000,304.4606,200,8360,0.9000,0.0500,10,10,0.0000,0
a-n60-k9.vrp,ga,1,1406.8370,2652.8699,1852.7130,289.6789,200,8361,0.9000,0.0500,10,10,0.0000,0
a-n60-k9.vrp,ga,1,1406.8370,2703.4380,1855.5209,286.9088,200,8362,0.9000,0.0500,10,10,0.0000,0
a-n60-k9.vrp,ga,1,1406.8370,2671.7678,1887.9998,268.1611,200,8363,0.9000,0.0500,10,10,0.0000,0
a-n60-k9.vrp,ga,1,1406.8370,2923.1743,1913.8534,306.7350,200,8364,0.9000,0.0500,10,10,0.0000,0
a-n60-k9.vrp,ga,1,1406.8370,2680.5581,1926.6779,277.7522,200,8365,0.9000,0.0500,10,10,0.0000,0
a-n60-k9.vrp,ga,1,1406.8370,2639.0706,1954.0638,270.0630,200,8366,0.9000,0.0500,10,10,0.0000,0
a-n60-k9.vrp,ga,1,1406.8370,2641.7964,1908.6501,277.9273,200,8367,0.9000,0.0500,10,10,0.0000,0
a-n60-k9.vrp,ga,1,1406.8370,2594.9180,1899.1895,284.1036,200,8368,0.9000,0.0500,10,10,0.0000,0
a-n60-k9.vrp,ga,1,1406.8370,2635.9041,1903.9141,271.8058,200,8369,0.9000,0.0500,10,10,0.0000,0
a-n60-k9.vrp,ga,1,1406.8370,2658.9060,1894.7421,254.4026,200,8370,0.9000,0.0500,10,10,0.0000,0
a-n60-k9.vrp,ga,1,1406.8370,2674.7654,1907.4681,278.5672,200,8371,0.9000,0.0500,10,10,0.0000,0
a-n60-k9.vrp,ga,1,1406.8370,2700.9426,1884.2120,269.7634,200,8372,0.9000,0.0500,10,10,0.0000,0
a-n60-k9.vrp,ga,1,1406.8370,2726.0598,1891.7246,288.4221,200,8373,0.9000,0.0500,10,10,0.0000,0
a-n60-k9.vrp,ga,1,1406.8370,2682.9871,1893.4563,280.7693,200,8374,0.9000,0.0500,10,10,0.0000,0
a-n60-k9.vrp,ga,1,1406.8370,2393.1487,1883.1942,244.5370,200,8375,0.9000,0.0500,10,10,0.0000,0
a-n60-k9.vrp,ga,1,1406.8370,2403.0898,1877.2902,279.9783,200,8376,0.9000,0.0500,10,10,0.0000,0
a-n60-k9.vrp,ga,1,1406.8370,2573.5876,1866.5334,291.0382,200,8377,0.9000,0.0500,10,10,0.0000,0
a-n60-k9.vrp,ga,1,1406.8370,2519.0828,1859.9491,269.8472,200,8378,0.9000,0.0500,10,10,0.0000,0
a-n60-k9.vrp,ga,1,1406.8370,2519.9080,1891.4844,283.6237,200,8379,0.9000,0.0500,10,10,0.0000,0
a-n60-k9.vrp,ga,1,1406.8370,2540.9082,1863.4193,270.4351,200,8380,0.9000,0.0500,10,10,0.0000,0
a-n60-k9.vrp,ga,1,1406.8370,2495.7622,1904.7628,242.9239,200,8381,0.9000,0.0500,10,10,0.0000,0
a-n60-k9.vrp,ga,1,1406.8370,2522.2480,1899.1580,273.6336,200,8382,0.9000,0.0500,10,10,0.0000,0
a-n60-k9.vrp,ga,1,1406.8370,2524.9224,1870.8817,293.7590,200,8383,0.9000,0.0500,10,10,0.0000,0
a-n60-k9.vrp,ga,1,1406.8370,2480.4185,1867.6123,266.8242,200,8384,0.9000,0.0500,10,10,0.0000,0
a-n60-k9.vrp,ga,1,1406.8370,2420.1233,1846.9453,262.9298,200,8385,0.9000,0.0500,10,10,0.0000,0
a-n60-k9.vrp,ga,1,1406.8370,2534.8606,1843.7343,272.8482,200,8386,0.9000,0.0500,10,10,0.0000,0
a-n60-k9.vrp,ga,1,1406.8370,2456.1953,1889.9545,269.1120,200,8387,0.9000,0.0500,10,10,0.0000,0
a-n60-k9.vrp,ga,1,1406.8370,2566.8987,1836.0088,268.9640,200,8388,0.9000,0.0500,10,10,0.0000,0
a-n60-k9.vrp,ga,1,1406.8370,2452.2778,1852.2838,255.1214,200,8389,0.9000,0.0500,10,10,0.0000,0
a-n60-k9.vrp,ga,1,1406.8370,2515.4185,1861.0367,258.4121,200,8390,0.9000,0.0500,10,10,0.0000,0
a-n60-k9.vrp,ga,1,1406.8370,2522.8374,1847.1162,262.1277,200,8391,0.9000,0.0500,10,10,0.0000,0
a-n60-k9.vrp,ga,1,1406.8370,2504.2578,1841.2723,259.3976,200,8392,0.9000,0.0500,10,10,0.0000,0
a-n60-k9.vrp,ga,1,1406.8370,2417.3513,1858.6738,271.8627,200,8393,0.9000,0.0500,10,10,0.0000,0
a-n60-k9.vrp,ga,1,1406.8370,2448.2117,1875.9594,263.0250,200,8394,0.9000,0.0500,10,10,0.0000,0
a-n60-k9.vrp,ga,1,1406.8370,2868.7493,1886.0229,288.4506,200,8395,0.9000,0.0500,10,10,0.0000,0
a-n60-k9.vrp,ga,1,1406.8370,2525.1770,1860.5071,279.9364,200,8396,0.9000,0.0500,10,10,0.0000,0
a-n60-k9.vrp,ga,1,1406.8370,2573.9856,1899.4867,277.2599,200,8397,0.9000,0.0500,10,10,0.0000,0
a-n60-k9.vrp,ga,1,1406.8370,2468.6401,1857.0720,280.6101,200,8398,0.9000,0.0500,10,10,0.0000,0
a-n60-k9.vrp,ga,1,1406.8370,2562.3472,1886.4037,290.2610,200,8399,0.9000,0.0500,10,10,0.0000,0
a-n60-k9.vrp,ga,1,1406.8370,2634.7175,1897.1696,282.3800,200,8400,0.9000,0.0500,10,10,0.0000,0
a-n60-k9.vrp,ga,1,1406.8370,2595.1621,1904.0156,287.1585,200,8401,0.9000,0.0500,10,10,0.0000,0
a-n60-k9.vrp,ga,1,1406.8370,2469.8601,1894.5913,275.0894,200,8402,0.9000,0.0500,10,10,0.0000,0
a-n60-k9.vrp,ga,1,1406.8370,2506.5896,1906.2335,280.0652,200,8403,0.9000,0.0500,10,10,0.0000,0
a-n60-k9.vrp,ga,1,1406.8370,2474.9543,1882.3889,273.4908,200,8404,0.9000,0.0500,10,10,0.0000,0
a-n60-k9.vrp,ga,1,1406.8370,2661.9216,1905.3363,286.0212,200,8405,0.9000,0.0500,10,10,0.0000,0
a-n60-k9.vrp,ga,1,1406.8370,2511.2021,1878.2933,273.1878,200,8406,0.9000,0.0500,10,10,0.0000,0
a-n60-k9.vrp,ga,1,1406.8370,2692.4299,1872.8555,287.6982,200,8407,0.9000,0.0500,10,10,0.0000,0
a-n60-k9.vrp,ga,1,1406.8370,2575.5344,1896.7992,273.2433,200,8408,0.9000,0.0500,10,10,0.0000,0
a-n60-k9.vrp,ga,1,1406.8370,2407.7439,1869.1289,281.5533,200,8409,0.9000,0.0500,10,10,0.0000,0
a-n60-k9.vrp,ga,1,1406.8370,2599.8855,1923.4318,300.9366,200,8410,0.9000,0.0500,10,10,0.0000,0
a-n60-k9.vrp,ga,1,1406.8370,2538.0063,1899.7065,277.0872,200,8411,0.9000,0.0500,10,10,0.0000,0
a-n60-k9.vrp,ga,1,1406.8370,2637.4773,1872.4523,275.5472,200,8412,0.9000,0.0500,10,10,0.0000,0
a-n60-k9.vrp,ga,1,1406.8370,2425.9390,1869.0100,268.6586,200,8413,0.9000,0.0500,10,10,0.0000,0
a-n60-k9.vrp,ga,1,1406.8370,2501.0295,1883.0543,281.9339,200,8414,0.9000,0.0500,10,10,0.0000,0
a-n60-k9.vrp,ga,1,1406.8370,2548.7783,1887.3397,271.9972,200,8415,0.9000,0.0500,10,10,0.0000,0
a-n60-k9.vrp,ga,1,1406.8370,2649.3601,1900.5137,297.9531,200,8416,0.9000,0.0500,10,10,0.0000,0
a-n60-k9.vrp,ga,1,1406.8370,2490.2373,1887.5692,253.9714,200,8417,0.9000,0.0500,10,10,0.0000,0
a-n60-k9.vrp,ga,1,1406.8370,2514.3384,1904.9467,274.3440,200,8418,0.9000,0.0500,10,10,0.0000,0
a-n60-k9.vrp,ga,1,1406.8370,2632.9250,1864.3760,300.6225,200,8419,0.9000,0.0500,10,10,0.0000,0
a-n60-k9.vrp,ga,1,1406.8370,2367.0430,1865.8885,270.7115,200,8420,0.9000,0.0500,10,10,0.0000,0
a-n60-k9.vrp,ga,1,1406.8370,2522.7229,1868.2052,281.6436,200,8421,0.9000,0.0500,10,10,0.0000,0
a-n60-k9.vrp,ga,1,1406.8370,2455.4153,1887.1212,271.9952,200,8422,0.9000,0.0500,10,10,0.0000,0
a-n60-k9.vrp,ga,1,1406.8370,2400.5908,1859.5156,263.5208,200,8423,0.9000,0.0500,10,10,0.0000,0
a-n60-k9.vrp,ga,1,1406.8370,2613.4282,1889.4230,290.1165,200,8424,0.9000,0.0500,10,10,0.0000,0
a-n60-k9.vrp,ga,1,1406.8370,2470.0889,1859.8125,272.1477,200,8425,0.9000,0.0500,10,10,0.0000,0
a-n60-k9.vrp,ga,1,1406.8370,2493.9600,1839.3763,272.1795,200,8426,0.9000,0.0500,10,10,0.0000,0
a-n60-k9.vrp,ga,1,1406.8370,2489.7644,1831.9570,273.6712,200,8427,0.9000,0.0500,10,10,0.0000,0
a-n60-k9.vrp,ga,1,1406.8370,2546.6943,1848.8984,276.8318,200,8428,0.9000,0.0500,10,10,0.0000,0
a-n60-k9.vrp,ga,1,1406.8370,2448.0652,1819.1219,282.0562,200,8429,0.9000,0.0500,10,10,0.0000,0
a-n60-k9.vrp,ga,1,1406.8370,2474.8845,1846.9805,292.6991,200,8430,0.9000,0.0500,10,10,0.0000,0
a-n60-k9.vrp,ga,1,1406.8370,2594.8279,1848.9167,279.1918,200,8431,0.9000,0.0500,10,10,0.0000,0
a-n60-k9.vrp,ga,1,1406.8370,2603.0713,1908.0188,281.9666,200,8432,0.9000,0.0500,10,10,0.0000,0
a-n60-k9.vrp,ga,1,1406.8370,2539.2185,1863.8668,281.3693,200,8433,0.9000,0.0500,10,10,0.0000,0
a-n60-k9.vrp,ga,1,1406.8370,2391.0408,1850.4615,269.6226,200,8434,0.9000,0.0500,10,10,0.0000,0
a-n60-k9.vrp,ga,1,1406.8370,2379.1887,1828.6426,268.2755,200,8435,0.9000,0.0500,10,10,0.0000,0
a-n60-k9.vrp,ga,1,1406.8370,2515.7029,1876.5325,261.5853,200,8436,0.9000,0.0500,10,10,0.0000,0
a-n60-k9.vrp,ga,1,1406.8370,2593.3406,1897.7546,301.1375,200,8437,0.9000,0.0500,10,10,0.0000,0
a-n60-k9.vrp,ga,1,1406.8370,2485.9946,1897.0746,252.8323,200,8438,0.9000,0.0500,10,10,0.0000,0
a-n60-k9.vrp,ga,1,1406.8370,2607.7385,1898.9512,272.9077,200,8439,0.9000,0.0500,10,10,0.0000,0
a-n60-k9.vrp,ga,1,1406.8370,2566.8818,1902.6636,267.7325,200,8440,0.9000,0.0500,10,10,0.0000,0
a-n60-k9.vrp,ga,1,1406.8370,2613.9624,1867.3550,263.1551,200,8441,0.9000,0.0500,10,10,0.0000,0
a-n60-k9.vrp,ga,1,1406.8370,2835.5137,1898.7136,282.8109,200,8442,0.9000,0.0500,10,10,0.0000,0
a-n60-k9.vrp,ga,1,1406.8370,2597.9595,1888.0916,282.7976,200,8443,0.9000,0.0500,10,10,0.0000,0
a-n60-k9.vrp,ga,1,1406.8370,2878.9160,1896.4919,274.7943,200,8444,0.9000,0.0500,10,10,0.0000,0
a-n60-k9.vrp,ga,1,1406.8370,2621.8704,1881.4885,267.3221,200,8445,0.9000,0.0500,10,10,0.0000,0
a-n60-k9.vrp,ga,1,1406.8370,2452.7280,1885.0507,261.7624,200,8446,0.9000,0.0500,10,10,0.0000,0
a-n60-k9.vrp,ga,1,1406.8370,2458.5356,1869.6429,279.8120,200,8447,0.9000,0.0500,10,10,0.0000,0
a-n60-k9.vrp,ga,1,1406.8370,2681.7847,1853.5197,302.4844,200,8448,0.9000,0.0500,10,10,0.0000,0
a-n60-k9.vrp,ga,1,1406.8370,2421.2468,1848.2941,288.9459,200,8449,0.9000,0.0500,10,10,0.0000,0
a-n60-k9.vrp,ga,1,1406.8370,2410.9038,1846.4229,280.1405,200,8450,0.9000,0.0500,10,10,0.0000,0
a-n60-k9.vrp,ga,1,1406.8370,2533.1245,1850.3945,278.1458,200,8451,0.9000,0.0500,10,10,0.0000,0
a-n60-k9.vrp,ga,1,1406.8370,2528.4961,1849.0472,275.8173,200,8452,0.9000,0.0500,10,10,0.0000,0
a-n60-k9.vrp,ga,1,1406.8370,2531.2476,1892.3687,265.6991,200,8453,0.9000,0.0500,10,10,0.0000,0
a-n60-k9.vrp,ga,1,1406.8370,2522.5105,1879.2596,276.5751,200,8454,0.9000,0.0500,10,10,0.0000,0
a-n60-k9.vrp,ga,1,1406.8370,2388.4304,1880.3428,257.9621,200,8455,0.9000,0.0500,10,10,0.0000,0
a-n60-k9.vrp,ga,1,1406.8370,2400.5845,1902.3306,266.2312,200,8456,0.9000,0.0500,10,10,0.0000,0
a-n60-k9.vrp,ga,1,1406.8370,2634.4980,1882.7113,288.0669,200,8457,0.9000,0.0500,10,10,0.0000,0
a-n60-k9.vrp,ga,1,1406.8370,2478.3047,1844.8723,270.7589,200,8458,0.9000,0.0500,10,10,0.0000,0
a-n60-k9.vrp,ga,1,1406.8370,2490.9165,1838.6277,280.5778,200,8459,0.9000,0.0500,10,10,0.0000,0
a-n60-k9.vrp,ga,1,1406.8370,2450.7114,1837.8054,262.3833,200,8460,0.9000,0.0500,10,10,0.0000,0
a-n60-k9.vrp,ga,1,1406.8370,2470.8391,1860.6478,272.3238,200,8461,0.9000,0.0500,10,10,0.0000,0
a-n60-k9.vrp,ga,1,1406.8370,2441.6172,1823.1409,280.3675,200,8462,0.9000,0.0500,10,10,0.0000,0
a-n60-k9.vrp,ga,1,1406.8370,2620.4285,1807.0021,272.4444,200,8463,0.9000,0.0500,10,10,0.0000,0
a-n60-k9.vrp,ga,1,1406.8370,2514.1741,1838.4772,256.2721,200,8464,0.9000,0.0500,10,10,0.0000,0
a-n60-k9.vrp,ga,1,1406.8370,2549.5562,1841.6903,278.5484,200,8465,0.9000,0.0500,10,10,0.0000,0
a-n60-k9.vrp,ga,1,1406.8370,2439.0750,1844.0851,277.0532,200,8466,0.9000,0.0500,10,10,0.0000,0
a-n60-k9.vrp,ga,1,1406.8370,2429.6277,1818.9309,269.1428,200,8467,0.9000,0.0500,10,10,0.0000,0
a-n60-k9.vrp,ga,1,1406.8370,2524.7393,1806.7980,278.5753,200,8468,0.9000,0.0500,10,10,0.0000,0
a-n60-k9.vrp,ga,1,1406.8370,2539.5322,1865.5886,281.5096,200,8469,0.9000,0.0500,10,10,0.0000,0
a-n60-k9.vrp,ga,1,1406.8370,2484.4155,1854.5276,282.9003,200,8470,0.9000,0.0500,10,10,0.0000,0
a-n60-k9.vrp,ga,1,1406.8370,2612.6704,1861.3461,286.6344,200,8471,0.9000,0.0500,10,10,0.0000,0
a-n60-k9.vrp,ga,1,1406.8370,2554.3757,1846.1206,281.2693,200,8472,0.9000,0.0500,10,10,0.0000,0
a-n60-k9.vrp,ga,1,1406.8370,2573.6716,1871.8553,274.8480,200,8473,0.9000,0.0500,10,10,0.0000,0
a-n60-k9.vrp,ga,1,1406.8370,2358.7529,1838.5177,255.9357,200,8474,0.9000,0.0500,10,10,0.0000,0
a-n60-k9.vrp,ga,1,1406.8370,2547.1221,1899.0291,283.1239,200,8475,0.9000,0.0500,10,10,0.0000,0
a-n60-k9.vrp,ga,1,1406.8370,2544.0950,1858.6738,290.3639,200,8476,0.9000,0.0500,10,10,0.0000,0
a-n60-k9.vrp,ga,1,1406.8370,2458.7156,1805.9314,297.3507,200,8477,0.9000,0.0500,10,10,0.0000,0
a-n60-k9.vrp,ga,1,1406.8370,2435.1602,1847.0226,262.7444,200,8478,0.9000,0.0500,10,10,0.0000,0
a-n60-k9.vrp,ga,1,1406.8370,2537.3633,1870.1986,273.8725,200,8479,0.9000,0.0500,10,10,0.0000,0
a-n60-k9.vrp,ga,1,1406.8370,2578.0571,1870.6365,291.4460,200,8480,0.9000,0.0500,10,10,0.0000,0
a-n60-k9.vrp,ga,1,1406.8370,2495.5745,1883.3480,276.3365,200,8481,0.9000,0.0500,10,10,0.0000,0
a-n60-k9.vrp,ga,1,1406.8370,2363.8149,1883.3838,250.8487,200,8482,0.9000,0.0500,10,10,0.0000,0
a-n60-k9.vrp,ga,1,1406.8370,2464.4419,1887.8391,258.9759,200,8483,0.9000,0.0500,10,10,0.0000,0
a-n60-k9.vrp,ga,1,1406.8370,2514.5850,1900.2772,298.4688,200,8484,0.9000,0.0500,10,10,0.0000,0
a-n60-k9.vrp,ga,1,1406.8370,2648.4485,1936.7043,291.5009,200,8485,0.9000,0.0500,10,10,0.0000,0
a-n60-k9.vrp,ga,1,1406.8370,2538.7529,1926.5724,279.3866,200,8486,0.9000,0.0500,10,10,0.0000,0
a-n60-k9.vrp,ga,1,1406.8370,2637.9243,1917.3833,280.9548,200,8487,0.9000,0.0500,10,10,0.0000,0
a-n60-k9.vrp,ga,1,1406.8370,2463.7605,1886.5814,273.2177,200,8488,0.9000,0.0500,10,10,0.0000,0
a-n60-k9.vrp,ga,1,1406.8370,2711.2305,1887.9475,287.5968,200,8489,0.9000,0.0500,10,10,0.0000,0
a-n60-k9.vrp,ga,1,1406.8370,2614.5134,1853.8240,283.0277,200,8490,0.9000,0.0500,10,10,0.0000,0
a-n60-k9.vrp,ga,1,1406.8370,2541.5620,1853.6141,300.2632,200,8491,0.9000,0.0500,10,10,0.0000,0
a-n60-k9.vrp,ga,1,1406.8370,2529.3618,1865.9446,264.5734,200,8492,0.9000,0.0500,10,10,0.0000,0
a-n60-k9.vrp,ga,1,1406.8370,2497.4771,1847.7599,271.2293,200,8493,0.9000,0.0500,10,10,0.0000,0
a-n60-k9.vrp,ga,1,1406.8370,2379.1887,1833.5172,263.0863,200,8494,0.9000,0.0500,10,10,0.0000,0
a-n60-k9.vrp,ga,1,1406.8370,2451.5520,1867.8656,282.0598,200,8495,0.9000,0.0500,10,10,0.0000,0
a-n60-k9.vrp,ga,1,1406.8370,2559.5242,1852.2014,275.9517,200,8496,0.9000,0.0500,10,10,0.0000,0
a-n60-k9.vrp,ga,1,1406.8370,2549.3923,1857.2286,276.4552,200,8497,0.9000,0.0500,10,10,0.0000,0
a-n60-k9.vrp,ga,1,1406.8370,2512.1624,1894.8776,248.0268,200,8498,0.9000,0.0500,10,10,0.0000,0
a-n60-k9.vrp,ga,1,1406.8370,2676.3459,1897.4529,274.9218,200,8499,0.9000,0.0500,10,10,0.0000,0
a-n60-k9.vrp,ga,1,1406.8370,2548.1511,1864.7667,273.4332,200,8500,0.9000,0.0500,10,10,0.0000,0
a-n60-k9.vrp,ga,1,1406.8370,2570.8657,1834.9469,281.3864,200,8501,0.9000,0.0500,10,10,0.0000,0
a-n60-k9.vrp,ga,1,1406.8370,2695.6321,1882.0549,289.5207,200,8502,0.9000,0.0500,10,10,0.0000,0
a-n60-k9.vrp,ga,1,1406.8370,2683.2600,1878.5443,283.8284,200,8503,0.9000,0.0500,10,10,0.0000,0
a-n60-k9.vrp,ga,1,1406.8370,2422.8171,1891.8879,274.9721,200,8504,0.9000,0.0500,10,10,0.0000,0
a-n60-k9.vrp,ga,1,1406.8370,2511.2070,1880.1578,290.3250,200,8505,0.9000,0.0500,10,10,0.0000,0
a-n60-k9.vrp,ga,1,1406.8370,2517.5447,1873.4114,277.4451,200,8506,0.9000,0.0500,10,10,0.0000,0
a-n60-k9.vrp,ga,1,1406.8370,2536.6873,1877.5891,276.6788,200,8507,0.9000,0.0500,10,10,0.0000,0
a-n60-k9.vrp,ga,1,1406.8370,2537.2690,1899.8093,286.4321,200,8508,0.9000,0.0500,10,10,0.0000,0
a-n60-k9.vrp,ga,1,1406.8370,2446.7559,1857.3285,277.8540,200,8509,0.9000,0.0500,10,10,0.0000,0
a-n60-k9.vrp,ga,1,1406.8370,2568.9629,1857.9445,280.0518,200,8510,0.9000,0.0500,10,10,0.0000,0
a-n60-k9.vrp,ga,1,1406.8370,2504.6433,1861.7703,263.9243,200,8511,0.9000,0.0500,10,10,0.0000,0
a-n60-k9.vrp,ga,1,1406.8370,2726.1558,1885.6064,278.9808,200,8512,0.9000,0.0500,10,10,0.0000,0
a-n60-k9.vrp,ga,1,1406.8370,2671.3904,1839.0170,284.0452,200,8513,0.9000,0.0500,10,10,0.0000,0
a-n60-k9.vrp,ga,1,1406.8370,2603.2417,1845.1688,278.6824,200,8514,0.9000,0.0500,10,10,0.0000,0
a-n60-k9.vrp,ga,1,1406.8370,2548.5811,1854.0275,292.5518,200,8515,0.9000,0.0500,10,10,0.0000,0
a-n60-k9.vrp,ga,1,1406.8370,2671.3904,1890.5140,289.8207,200,8516,0.9000,0.0500,10,10,0.0000,0
a-n60-k9.vrp,ga,1,1406.8370,2783.4070,1875.2714,270.9116,200,8517,0.9000,0.0500,10,10,0.0000,0
a-n60-k9.vrp,ga,1,1406.8370,2671.3904,1862.4823,270.2612,200,8518,0.9000,0.0500,10,10,0.0000,0
a-n60-k9.vrp,ga,1,1406.8370,2739.1487,1850.3059,299.3875,200,8519,0.9000,0.0500,10,10,0.0000,0
a-n60-k9.vrp,ga,1,1406.8370,2671.3904,1864.3894,280.8208,200,8520,0.9000,0.0500,10,10,0.0000,0
a-n60-k9.vrp,ga,1,1406.8370,2760.6365,1869.3309,270.5281,200,8521,0.9000,0.0500,10,10,0.0000,0
a-n60-k9.vrp,ga,1,1406.8370,2671.3904,1869.5862,293.0312,200,8522,0.9000,0.0500,10,10,0.0000,0
a-n60-k9.vrp,ga,1,1406.8370,2565.1062,1848.5222,266.7694,200,8523,0.9000,0.0500,10,10,0.0000,0
a-n60-k9.vrp,ga,1,1406.8370,2671.3904,1866.1296,284.2293,200,8524,0.9000,0.0500,10,10,0.0000,0
a-n60-k9.vrp,ga,1,1406.8370,2602.6040,1869.1194,288.3972,200,8525,0.9000,0.0500,10,10,0.0000,0
a-n60-k9.vrp,ga,1,1406.8370,2671.3904,1865.7832,276.0172,200,8526,0.9000,0.0500,10,10,0.0000,0
a-n60-k9.vrp,ga,1,1406.8370,2462.6768,1890.6484,247.6349,200,8527,0.9000,0.0500,10,10,0.0000,0
a-n60-k9.vrp,ga,1,1406.8370,2755.3896,1893.2668,309.7444,200,8528,0.9000,0.0500,10,10,0.0000,0
a-n60-k9.vrp,ga,1,1406.8370,2573.2148,1851.7463,264.1463,200,8529,0.9000,0.0500,10,10,0.0000,0
a-n60-k9.vrp,ga,1,1406.8370,2471.6206,1845.9252,263.9038,200,8530,0.9000,0.0500,10,10,0.0000,0
a-n60-k9.vrp,ga,1,1406.8370,2671.3904,1861.8275,287.1465,200,8531,0.9000,0.0500,10,10,0.0000,0
a-n60-k9.vrp,ga,1,1406.8370,2671.3904,1851.6127,277.6891,200,8532,0.9000,0.0500,10,10,0.0000,0
a-n60-k9.vrp,ga,1,1406.8370,2671.3904,1865.3632,282.5745,200,8533,0.9000,0.0500,10,10,0.0000,0
a-n60-k9.vrp,ga,1,1406.8370,2634.9685,1871.7637,304.6914,200,8534,0.9000,0.0500,10,10,0.0000,0
a-n60-k9.vrp,ga,1,1406.8370,2680.6292,1855.1920,294.9076,200,8535,0.9000,0.0500,10,10,0.0000,0
a-n60-k9.vrp,ga,1,1406.8370,2782.1055,1940.1168,304.9593,200,8536,0.9000,0.0500,10,10,0.0000,0
a-n60-k9.vrp,ga,1,1406.8370,2667.5857,1869.0171,294.8058,200,8537,0.9000,0.0500,10,10,0.0000,0
a-n60-k9.vrp,ga,1,1406.8370,2712.6782,1851.6462,301.6736,200,8538,0.9000,0.0500,10,10,0.0000,0
a-n60-k9.vrp,ga,1,1406.8370,2695.0061,1859.7402,271.3062,200,8539,0.9000,0.0500,10,10,0.0000,0
a-n60-k9.vrp,ga,1,1406.8370,2598.6609,1876.8726,269.1557,200,8540,0.9000,0.0500,10,10,0.0000,0
a-n60-k9.vrp,ga,1,1406.8370,2671.3904,1876.5922,281.2918,200,8541,0.9000,0.0500,10,10,0.0000,0
a-n60-k9.vrp,ga,1,1406.8370,2671.3904,1873.8771,260.9901,200,8542,0.9000,0.0500,10,10,0.0000,0
a-n60-k9.vrp,ga,1,1406.8370,2714.0083,1852.7684,282.0773,200,8543,0.9000,0.0500,10,10,0.0000,0
a-n60-k9.vrp,ga,1,1406.8370,2753.2673,1907.6095,288.3368,200,8544,0.9000,0.0500,10,10,0.0000,0
a-n60-k9.vrp,ga,1,1406.8370,2677.4910,1875.4553,261.6606,200,8545,0.9000,0.0500,10,10,0.0000,0
a-n60-k9.vrp,ga,1,1406.8370,2824.7988,1880.2825,284.6278,200,8546,0.9000,0.0500,10,10,0.0000,0
a-n60-k9.vrp,ga,1,1406.8370,2884.9807,1854.2373,298.7667,200,8547,0.9000,0.0500,10,10,0.0000,0
a-n60-k9.vrp,ga,1,1406.8370,2671.3904,1890.2722,302.5295,200,8548,0.9000,0.0500,10,10,0.0000,0
a-n60-k9.vrp,ga,1,1406.8370,2695.5635,1872.6852,293.9325,200,8549,0.9000,0.0500,10,10,0.0000,0
a-n60-k9.vrp,ga,1,1406.8370,2769.4490,1877.7598,293.2606,200,8550,0.9000,0.0500,10,10,0.0000,0
a-n60-k9.vrp,ga,1,1406.8370,2671.3904,1874.3481,291.5587,200,8551,0.9000,0.0500,10,10,0.0000,0
a-n60-k9.vrp,ga,1,1406.8370,2561.9504,1887.4326,287.3076,200,8552,0.9000,0.0500,10,10,0.0000,0
a-n60-k9.vrp,ga,1,1406.8370,2838.8618,1901.3760,296.7831,200,8553,0.9000,0.0500,10,10,0.0000,0
a-n60-k9.vrp,ga,1,1406.8370,2862.7627,1914.9590,301.3065,200,8554,0.9000,0.0500,10,10,0.0000,0
a-n60-k9.vrp,ga,1,1406.8370,2772.5410,1874.1730,295.5907,200,8555,0.9000,0.0500,10,10,0.0000,0
a-n60-k9.vrp,ga,1,1406.8370,2671.3904,1899.6528,299.4020,200,8556,0.9000,0.0500,10,10,0.0000,0
a-n60-k9.vrp,ga,1,1406.8370,2490.0205,1859.1633,275.8985,200,8557,0.9000,0.0500,10,10,0.0000,0
a-n60-k9.vrp,ga,1,1406.8370,2369.6687,1838.1594,256.5389,200,8558,0.9000,0.0500,10,10,0.0000,0
a-n60-k9.vrp,ga,1,1406.8370,2491.0942,1873.5607,277.3055,200,8559,0.9000,0.0500,10,10,0.0000,0
a-n60-k9.vrp,ga,1,1406.8370,2432.1228,1842.8856,273.9035,200,8560,0.9000,0.0500,10,10,0.0000,0
a-n60-k9.vrp,ga,1,1406.8370,2501.7852,1830.2073,276.1398,200,8561,0.9000,0.0500,10,10,0.0000,0
a-n60-k9.vrp,ga,1,1406.8370,2486.5161,1877.5466,272.1049,200,8562,0.9000,0.0500,10,10,0.0000,0
a-n60-k9.vrp,ga,1,1406.8370,2394.6677,1879.3787,255.8494,200,8563,0.9000,0.0500,10,10,0.0000,0
a-n60-k9.vrp,ga,1,1406.8370,2499.4619,1845.5333,270.3254,200,8564,0.9000,0.0500,10,10,0.0000,0
a-n60-k9.vrp,ga,1,1406.8370,2449.1226,1838.5197,275.7019,200,8565,0.9000,0.0500,10,10,0.0000,0
a-n60-k9.vrp,ga,1,1406.8370,2504.3044,1854.0936,276.8698,200,8566,0.9000,0.0500,10,10,0.0000,0
a-n60-k9.vrp,ga,1,1406.8370,2413.8955,1868.2119,271.5921,200,8567,0.9000,0.0500,10,10,0.0000,0
a-n60-k9.vrp,ga,1,1406.8370,2733.4661,1860.0847,270.0067,200,8568,0.9000,0.0500,10,10,0.0000,0
a-n60-k9.vrp,ga,1,1406.8370,2602.9875,1843.5905,281.2180,200,8569,0.9000,0.0500,10,10,0.0000,0
a-n60-k9.vrp,ga,1,1406.8370,2429.2993,1847.1200,253.7267,200,8570,0.9000,0.0500,10,10,0.0000,0
a-n60-k9.vrp,ga,1,1406.8370,2543.2520,1878.1217,268.6303,200,8571,0.9000,0.0500,10,10,0.0000,0
a-n60-k9.vrp,ga,1,1406.8370,2531.5779,1847.5020,280.4430,200,8572,0.9000,0.0500,10,10,0.0000,0
a-n60-k9.vrp,ga,1,1406.8370,2551.5952,1871.5043,270.5651,200,8573,0.9000,0.0500,10,10,0.0000,0
a-n60-k9.vrp,ga,1,1406.8370,2522.3306,1859.7872,291.9391,200,8574,0.9000,0.0500,10,10,0.0000,0
a-n60-k9.vrp,ga,1,1406.8370,2605.3909,1864.5583,288.0730,200,8575,0.9000,0.0500,10,10,0.0000,0
a-n60-k9.vrp,ga,1,1406.8370,2603.9055,1857.8546,295.6942,200,8576,0.9000,0.0500,10,10,0.0000,0
a-n60-k9.vrp,ga,1,1406.8370,2502.3848,1880.4119,281.1997,200,8577,0.9000,0.0500,10,10,0.0000,0
a-n60-k9.vrp,ga,1,1406.8370,2465.8574,1870.5176,279.5564,200,8578,0.9000,0.0500,10,10,0.0000,0
a-n60-k9.vrp,ga,1,1406.8370,2733.0947,1887.7146,278.5613,200,8579,0.9000,0.0500,10,10,0.0000,0
a-n60-k9.vrp,ga,1,1406.8370,2440.0254,1869.9784,263.8827,200,8580,0.9000,0.0500,10,10,0.0000,0
a-n60-k9.vrp,ga,1,1406.8370,2540.9141,1867.8794,278.5108,200,8581,0.9000,0.0500,10,10,0.0000,0
a-n60-k9.vrp,ga,1,1406.8370,2563.7869,1879.5192,283.1233,200,8582,0.9000,0.0500,10,10,0.0000,0
a-n60-k9.vrp,ga,1,1406.8370,2601.6692,1898.0530,275.8915,200,8583,0.9000,0.0500,10,10,0.0000,0
a-n60-k9.vrp,ga,1,1406.8370,2731.1514,1895.5356,308.6501,200,8584,0.9000,0.0500,10,10,0.0000,0
a-n60-k9.vrp,ga,1,1406.8370,2653.7659,1891.9182,276.2711,200,8585,0.9000,0.0500,10,10,0.0000,0
a-n60-k9.vrp,ga,1,1406.8370,2586.1809,1860.9399,274.2348,200,8586,0.9000,0.0500,10,10,0.0000,0
a-n60-k9.vrp,ga,1,1406.8370,2561.8589,1889.0387,286.2216,200,8587,0.9000,0.0500,10,10,0.0000,0
a-n60-k9.vrp,ga,1,1406.8370,2596.0940,1860.7600,264.7614,200,8588,0.9000,0.0500,10,10,0.0000,0
a-n60-k9.vrp,ga,1,1406.8370,2502.9387,1882.2384,267.6238,200,8589,0.9000,0.0500,10,10,0.0000,0
a-n60-k9.vrp,ga,1,1406.8370,2525.2493,1910.2606,288.7617,200,8590,0.9000,0.0500,10,10,0.0000,0
a-n60-k9.vrp,ga,1,1406.8370,2515.4902,1860.0714,290.7601,200,8591,0.9000,0.0500,10,10,0.0000,0
a-n60-k9.vrp,ga,1,1406.8370,2568.6565,1854.7184,273.1989,200,8592,0.9000,0.0500,10,10,0.0000,0
a-n60-k9.vrp,ga,1,1406.8370,2496.3389,1861.0513,263.0416,200,8593,0.9000,0.0500,10,10,0.0000,0
a-n60-k9.vrp,ga,1,1406.8370,2603.9927,1883.7155,274.2255,200,8594,0.9000,0.0500,10,10,0.0000,0
a-n60-k9.vrp,ga,1,1406.8370,2557.6875,1871.5889,273.9136,200,8595,0.9000,0.0500,10,10,0.0000,0
a-n60-k9.vrp,ga,1,1406.8370,2526.1123,1852.6255,267.6342,200,8596,0.9000,0.0500,10,10,0.0000,0
a-n60-k9.vrp,ga,1,1406.8370,2471.8818,1857.0526,260.9382,200,8597,0.9000,0.0500,10,10,0.0000,0
a-n60-k9.vrp,ga,1,1406.8370,2683.0708,1845.8011,296.9327,200,8598,0.9000,0.0500,10,10,0.0000,0
a-n60-k9.vrp,ga,1,1406.8370,2584.2783,1842.3062,270.2697,200,8599,0.9000,0.0500,10,10,0.0000,0
a-n60-k9.vrp,ga,1,1406.8370,2666.3530,1887.1309,283.1920,200,8600,0.9000,0.0500,10,10,0.0000,0
a-n60-k9.vrp,ga,1,1406.8370,2431.4434,1865.6637,256.4070,200,8601,0.9000,0.0500,10,10,0.0000,0
a-n60-k9.vrp,ga,1,1406.8370,2469.1343,1898.6931,280.4939,200,8602,0.9000,0.0500,10,10,0.0000,0
a-n60-k9.vrp,ga,1,1406.8370,2619.6704,1940.3304,252.4001,200,8603,0.9000,0.0500,10,10,0.0000,0
a-n60-k9.vrp,ga,1,1406.8370,2704.6506,1909.2328,283.2436,200,8604,0.9000,0.0500,10,10,0.0000,0
a-n60-k9.vrp,ga,1,1406.8370,2853.4700,1867.1842,291.9589,200,8605,0.9000,0.0500,10,10,0.0000,0
a-n60-k9.vrp,ga,1,1406.8370,2448.7124,1854.7181,282.4922,200,8606,0.9000,0.0500,10,10,0.0000,0
a-n60-k9.vrp,ga,1,1406.8370,2526.0730,1899.0793,278.3844,200,8607,0.9000,0.0500,10,10,0.0000,0
a-n60-k9.vrp,ga,1,1406.8370,2671.2791,1884.3961,293.8640,200,8608,0.9000,0.0500,10,10,0.0000,0
a-n60-k9.vrp,ga,1,1406.8370,2677.4556,1865.4097,279.6862,200,8609,0.9000,0.0500,10,10,0.0000,0
a-n60-k9.vrp,ga,1,1406.8370,2523.5229,1890.9279,267.7702,200,8610,0.9000,0.0500,10,10,0.0000,0
a-n60-k9.vrp,ga,1,1406.8370,2425.7568,1897.1934,261.4033,200,8611,0.9000,0.0500,10,10,0.0000,0
a-n60-k9.vrp,ga,1,1406.8370,2378.6091,1870.0739,269.6894,200,8612,0.9000,0.0500,10,10,0.0000,0
a-n60-k9.vrp,ga,1,1406.8370,2505.1687,1858.7855,273.7719,200,8613,0.9000,0.0500,10,10,0.0000,0
a-n60-k9.vrp,ga,1,1406.8370,2486.6418,1840.4037,258.9359,200,8614,0.9000,0.0500,10,10,0.0000,0
a-n60-k9.vrp,ga,1,1406.8370,2429.6277,1849.6169,263.4333,200,8615,0.9000,0.0500,10,10,0.0000,0
a-n60-k9.vrp,ga,1,1406.8370,2480.3599,1867.0109,270.1017,200,8616,0.9000,0.0500,10,10,0.0000,0
a-n60-k9.vrp,ga,1,1406.8370,2517.4636,1830.3086,264.4311,200,8617,0.9000,0.0500,10,10,0.0000,0
a-n60-k9.vrp,ga,1,1406.8370,2429.6277,1827.9119,273.9443,200,8618,0.9000,0.0500,10,10,0.0000,0
a-n60-k9.vrp,ga,1,1406.8370,2384.0840,1820.7560,278.2215,200,8619,0.9000,0.0500,10,10,0.0000,0
a-n60-k9.vrp,ga,1,1406.8370,2587.1272,1834.3754,279.0125,200,8620,0.9000,0.0500,10,10,0.0000,0
a-n60-k9.vrp,ga,1,1406.8370,2384.3074,1845.7930,273.8234,200,8621,0.9000,0.0500,10,10,0.0000,0
a-n60-k9.vrp,ga,1,1406.8370,2482.0681,1879.3909,249.1508,200,8622,0.9000,0.0500,10,10,0.0000,0
a-n60-k9.vrp,ga,1,1406.8370,2437.7134,1846.2144,256.1522,200,8623,0.9000,0.0500,10,10,0.0000,0
a-n60-k9.vrp,ga,1,1406.8370,2645.2031,1880.2590,265.8633,200,8624,0.9000,0.0500,10,10,0.0000,0
a-n60-k9.vrp,ga,1,1406.8370,2377.2581,1897.2509,246.2600,200,8625,0.9000,0.0500,10,10,0.0000,0
a-n60-k9.vrp,ga,1,1406.8370,2634.4114,1881.3483,267.5117,200,8626,0.9000,0.0500,10,10,0.0000,0
a-n60-k9.vrp,ga,1,1406.8370,2421.3428,1860.3833,258.4845,200,8627,0.9000,0.0500,10,10,0.0000,0
a-n60-k9.vrp,ga,1,1406.8370,2393.2729,1867.6259,246.8035,200,8628,0.9000,0.0500,10,10,0.0000,0
a-n60-k9.vrp,ga,1,1406.8370,2379.1887,1867.5477,271.2139,200,8629,0.9000,0.0500,10,10,0.0000,0
a-n60-k9.vrp,ga,1,1406.8370,2411.0979,1837.5833,267.4778,200,8630,0.9000,0.0500,10,10,0.0000,0
a-n60-k9.vrp,ga,1,1406.8370,2393.0527,1817.4193,280.1389,200,8631,0.9000,0.0500,10,10,0.0000,0
a-n60-k9.vrp,ga,1,1406.8370,2412.9514,1836.8372,273.5108,200,8632,0.9000,0.0500,10,10,0.0000,0
a-n60-k9.vrp,ga,1,1406.8370,2455.4578,1815.9053,279.7943,200,8633,0.9000,0.0500,10,10,0.0000,0
a-n60-k9.vrp,ga,1,1406.8370,2536.0842,1846.5612,285.1432,200,8634,0.9000,0.0500,10,10,0.0000,0
a-n60-k9.vrp,ga,1,1406.8370,2469.6936,1870.7966,259.8312,200,8635,0.9000,0.0500,10,10,0.0000,0
a-n60-k9.vrp,ga,1,1406.8370,2534.5830,1894.2177,268.2667,200,8636,0.9000,0.0500,10,10,0.0000,0
a-n60-k9.vrp,ga,1,1406.8370,2583.5527,1941.8359,276.8049,200,8637,0.9000,0.0500,10,10,0.0000,0
a-n60-k9.vrp,ga,1,1406.8370,2834.9143,1963.9326,275.8721,200,8638,0.9000,0.0500,10,10,0.0000,0
a-n60-k9.vrp,ga,1,1406.8370,2579.7253,1949.7924,281.2936,200,8639,0.9000,0.0500,10,10,0.0000,0
a-n60-k9.vrp,ga,1,1406.8370,2502.5098,1939.0944,260.0677,200,8640,0.9000,0.0500,10,10,0.0000,0
a-n60-k9.vrp,ga,1,1406.8370,2525.0925,1958.0104,259.1016,200,8641,0.9000,0.0500,10,10,0.0000,0
a-n60-k9.vrp,ga,1,1406.8370,2712.6477,1930.3580,287.3214,200,8642,0.9000,0.0500,10,10,0.0000,0
a-n60-k9.vrp,ga,1,1406.8370,2537.6074,1861.1056,290.1701,200,8643,0.9000,0.0500,10,10,0.0000,0
a-n60-k9.vrp,ga,1,1406.8370,2548.3254,1883.6082,295.3199,200,8644,0.9000,0.0500,10,10,0.0000,0
a-n60-k9.vrp,ga,1,1406.8370,2545.8450,1915.0585,280.2854,200,8645,0.9000,0.0500,10,10,0.0000,0
a-n60-k9.vrp,ga,1,1406.8370,2485.6067,1899.9304,267.2505,200,8646,0.9000,0.0500,10,10,0.0000,0
a-n60-k9.vrp,ga,1,1406.8370,2618.1555,1889.2017,294.3691,200,8647,0.9000,0.0500,10,10,0.0000,0
a-n60-k9.vrp,ga,1,1406.8370,2502.9075,1862.5312,283.1465,200,8648,0.9000,0.0500,10,10,0.0000,0
a-n60-k9.vrp,ga,1,1406.8370,2684.4690,1874.1094,287.1690,200,8649,0.9000,0.0500,10,10,0.0000,0
a-n60-k9.vrp,ga,1,1406.8370,2674.2144,1893.9674,286.6153,200,8650,0.9000,0.0500,10,10,0.0000,0
a-n60-k9.vrp,ga,1,1406.8370,2572.2114,1896.3939,290.1837,200,8651,0.9000,0.0500,10,10,0.0000,0
a-n60-k9.vrp,ga,1,1406.8370,2521.2144,1899.1451,281.1559,200,8652,0.9000,0.0500,10,10,0.0000,0
a-n60-k9.vrp,ga,1,1406.8370,2630.0757,1879.0107,264.0636,200,8653,0.9000,0.0500,10,10,0.0000,0
a-n60-k9.vrp,ga,1,1406.8370,2585.2549,1886.0332,262.5850,200,8654,0.9000,0.0500,10,10,0.0000,0
a-n60-k9.vrp,ga,1,1406.8370,2666.8884,1885.3003,281.3701,200,8655,0.9000,0.0500,10,10,0.0000,0
a-n60-k9.vrp,ga,1,1406.8370,2604.9670,1895.0851,301.8898,200,8656,0.9000,0.0500,10,10,0.0000,0
a-n60-k9.vrp,ga,1,1406.8370,2774.2188,1830.8009,302.3109,200,8657,0.9000,0.0500,10,10,0.0000,0
a-n60-k9.vrp,ga,1,1406.8370,2720.1648,1881.3461,288.3171,200,8658,0.9000,0.0500,10,10,0.0000,0
a-n60-k9.vrp,ga,1,1406.8370,2508.2502,1916.1254,289.8753,200,8659,0.9000,0.0500,10,10,0.0000,0
a-n60-k9.vrp,ga,1,1406.8370,2711.3276,1941.5066,309.0568,200,8660,0.9000,0.0500,10,10,0.0000,0
a-n60-k9.vrp,ga,1,1406.8370,2777.2556,1876.8325,307.9918,200,8661,0.9000,0.0500,10,10,0.0000,0
a-n60-k9.vrp,ga,1,1406.8370,2758.2371,1870.3674,299.3057,200,8662,0.9000,0.0500,10,10,0.0000,0
a-n60-k9.vrp,ga,1,1406.8370,2822.8638,1898.3585,303.6520,200,8663,0.9000,0.0500,10,10,0.0000,0
a-n60-k9.vrp,ga,1,1406.8370,2762.6646,1894.6156,304.7614,200,8664,0.9000,0.0500,10,10,0.0000,0
a-n60-k9.vrp,ga,1,1406.8370,3018.5095,1946.4386,339.0104,200,8665,0.9000,0.0500,10,10,0.0000,0
a-n60-k9.vrp,ga,1,1406.8370,2809.3835,1904.4849,312.2941,200,8666,0.9000,0.0500,10,10,0.0000,0
a-n60-k9.vrp,ga,1,1406.8370,2771.8894,1924.9620,319.0540,200,8667,0.9000,0.0500,10,10,0.0000,0
a-n60-k9.vrp,ga,1,1406.8370,2713.8013,1932.7675,286.8493,200,8668,0.9000,0.0500,10,10,0.0000,0
a-n60-k9.vrp,ga,1,1406.8370,3022.4197,1931.1123,329.4469,200,8669,0.9000,0.0500,10,10,0.0000,0
a-n60-k9.vrp,ga,1,1406.8370,2715.9993,1868.5546,313.7804,200,8670,0.9000,0.0500,10,10,0.0000,0
a-n60-k9.vrp,ga,1,1406.8370,2552.5859,1907.3486,287.5608,200,8671,0.9000,0.0500,10,10,0.0000,0
a-n60-k9.vrp,ga,1,1406.8370,2698.7007,1913.3832,319.0609,200,8672,0.9000,0.0500,10,10,0.0000,0
a-n60-k9.vrp,ga,1,1406.8370,2640.7253,1925.6779,310.2453,200,8673,0.9000,0.0500,10,10,0.0000,0
a-n60-k9.vrp,ga,1,1406.8370,2806.3943,1926.6127,321.6595,200,8674,0.9000,0.0500,10,10,0.0000,0
a-n60-k9.vrp,ga,1,1406.8370,2675.2073,1963.3527,321.0806,200,8675,0.9000,0.0500,10,10,0.0000,0
a-n60-k9.vrp,ga,1,1406.8370,2897.5342,1938.3245,327.8593,200,8676,0.9000,0.0500,10,10,0.0000,0
a-n60-k9.vrp,ga,1,1406.8370,2882.1208,1954.8210,324.5953,200,8677,0.9000,0.0500,10,10,0.0000,0
a-n60-k9.vrp,ga,1,1406.8370,2759.9795,1935.8291,312.1136,200,8678,0.9000,0.0500,10,10,0.0000,0
a-n60-k9.vrp,ga,1,1406.8370,2669.8440,1898.6882,313.1022,200,8679,0.9000,0.0500,10,10,0.0000,0
a-n60-k9.vrp,ga,1,1406.8370,2724.8337,1891.0859,293.9525,200,8680,0.9000,0.0500,10,10,0.0000,0
a-n60-k9.vrp,ga,1,1406.8370,2606.5159,1896.7650,292.5047,200,8681,0.9000,0.0500,10,10,0.0000,0
a-n60-k9.vrp,ga,1,1406.8370,2567.8555,1936.1757,309.8351,200,8682,0.9000,0.0500,10,10,0.0000,0
a-n60-k9.vrp,ga,1,1406.8370,2855.0183,1924.7792,317.3920,200,8683,0.9000,0.0500,10,10,0.0000,0
a-n60-k9.vrp,ga,1,1406.8370,2658.1309,1887.0027,300.3134,200,8684,0.9000,0.0500,10,10,0.0000,0
a-n60-k9.vrp,ga,1,1406.8370,2669.3259,1904.9219,309.9716,200,8685,0.9000,0.0500,10,10,0.0000,0
a-n60-k9.vrp,ga,1,1406.8370,2836.6562,1890.2667,340.2413,200,8686,0.9000,0.0500,10,10,0.0000,0
a-n60-k9.vrp,ga,1,1406.8370,2690.6902,1836.0751,309.8877,200,8687,0.9000,0.0500,10,10,0.0000,0
a-n60-k9.vrp,ga,1,1406.8370,2871.4104,1860.7222,328.1454,200,8688,0.9000,0.0500,10,10,0.0000,0
a-n60-k9.vrp,ga,1,1406.8370,2830.2324,1874.1831,292.2830,200,8689,0.9000,0.0500,10,10,0.0000,0
a-n60-k9.vrp,ga,1,1406.8370,2525.0686,1857.7324,273.9602,200,8690,0.9000,0.0500,10,10,0.0000,0
a-n60-k9.vrp,ga,1,1406.8370,2643.3577,1899.9070,301.5404,200,8691,0.9000,0.0500,10,10,0.0000,0
a-n60-k9.vrp,ga,1,1406.8370,2733.6323,1903.5634,309.8240,200,8692,0.9000,0.0500,10,10,0.0000,0
a-n60-k9.vrp,ga,1,1406.8370,2734.9631,1899.4199,324.4098,200,8693,0.9000,0.0500,10,10,0.0000,0
a-n60-k9.vrp,ga,1,1406.8370,2852.4468,1849.9486,332.1227,200,8694,0.9000,0.0500,10,10,0.0000,0
a-n60-k9.vrp,ga,1,1406.8370,2876.8613,1868.7749,316.8631,200,8695,0.9000,0.0500,10,10,0.0000,0
a-n60-k9.vrp,ga,1,1406.8370,2645.3296,1839.4500,297.8135,200,8696,0.9000,0.0500,10,10,0.0000,0
a-n60-k9.vrp,ga,1,1406.8370,2814.9407,1894.4781,298.2536,200,8697,0.9000,0.0500,10,10,0.0000,0
a-n60-k9.vrp,ga,1,1406.8370,2676.1411,1884.2655,293.3314,200,8698,0.9000,0.0500,10,10,0.0000,0
a-n60-k9.vrp,ga,1,1406.8370,2652.9341,1910.4071,296.0331,200,8699,0.9000,0.0500,10,10,0.0000,0
a-n60-k9.vrp,ga,1,1406.8370,2699.5627,1892.5374,307.9913,200,8700,0.9000,0.0500,10,10,0.0000,0
a-n60-k9.vrp,ga,1,1406.8370,2723.4470,1857.5275,295.4518,200,8701,0.9000,0.0500,10,10,0.0000,0
a-n60-k9.vrp,ga,1,1406.8370,2536.1704,1912.7003,291.7660,200,8702,0.9000,0.0500,10,10,0.0000,0
a-n60-k9.vrp,ga,1,1406.8370,2694.2800,1906.0013,279.9424,200,8703,0.9000,0.0500,10,10,0.0000,0
a-n60-k9.vrp,ga,1,1406.8370,2631.8628,1886.0818,281.9342,200,8704,0.9000,0.0500,10,10,0.0000,0
a-n60-k9.vrp,ga,1,1406.8370,2821.3428,1906.1865,323.3768,200,8705,0.9000,0.0500,10,10,0.0000,0
a-n60-k9.vrp,ga,1,1406.8370,2876.8613,1841.1809,301.2541,200,8706,0.9000,0.0500,10,10,0.0000,0
a-n60-k9.vrp,ga,1,1406.8370,2618.0928,1893.2417,299.9207,200,8707,0.9000,0.0500,10,10,0.0000,0
a-n60-k9.vrp,ga,1,1406.8370,2646.6992,1906.8121,289.9736,200,8708,0.9000,0.0500,10,10,0.0000,0
a-n60-k9.vrp,ga,1,1406.8370,2747.1426,1919.0726,295.8098,200,8709,0.9000,0.0500,10,10,0.0000,0
a-n60-k9.vrp,ga,1,1406.8370,2552.6741,1896.8864,276.9412,200,8710,0.9000,0.0500,10,10,0.0000,0
a-n60-k9.vrp,ga,1,1406.8370,2597.3953,1893.3134,292.4770,200,8711,0.9000,0.0500,10,10,0.0000,0
a-n60-k9.vrp,ga,1,1406.8370,2779.6809,1903.3700,302.8685,200,8712,0.9000,0.0500,10,10,0.0000,0
a-n60-k9.vrp,ga,1,1406.8370,2624.3779,1890.7996,286.2219,200,8713,0.9000,0.0500,10,10,0.0000,0
a-n60-k9.vrp,ga,1,1406.8370,2608.3672,1914.5055,285.0342,200,8714,0.9000,0.0500,10,10,0.0000,0
a-n60-k9.vrp,ga,1,1406.8370,2730.8174,1911.1619,285.5527,200,8715,0.9000,0.0500,10,10,0.0000,0
a-n60-k9.vrp,ga,1,1406.8370,2657.6509,1955.4336,321.9727,200,8716,0.9000,0.0500,10,10,0.0000,0
a-n60-k9.vrp,ga,1,1406.8370,2640.8188,1907.7261,287.5504,200,8717,0.9000,0.0500,10,10,0.0000,0
a-n60-k9.vrp,ga,1,1406.8370,2561.6504,1888.1129,281.5089,200,8718,0.9000,0.0500,10,10,0.0000,0
a-n60-k9.vrp,ga,1,1406.8370,2546.2075,1877.2905,278.7337,200,8719,0.9000,0.0500,10,10,0.0000,0
a-n60-k9.vrp,ga,1,1406.8370,2427.0552,1908.4454,288.3176,200,8720,0.9000,0.0500,10,10,0.0000,0
a-n60-k9.vrp,ga,1,1406.8370,2577.7322,1876.3295,296.6493,200,8721,0.9000,0.0500,10,10,0.0000,0
a-n60-k9.vrp,ga,1,1406.8370,2804.8013,1882.2123,275.0111,200,8722,0.9000,0.0500,10,10,0.0000,0
a-n60-k9.vrp,ga,1,1406.8370,2702.8853,1912.6240,300.0876,200,8723,0.9000,0.0500,10,10,0.0000,0
a-n60-k9.vrp,ga,1,1406.8370,2424.2693,1896.8608,263.9422,200,8724,0.9000,0.0500,10,10,0.0000,0
a-n60-k9.vrp,ga,1,1406.8370,2645.1440,1900.8992,278.2601,200,8725,0.9000,0.0500,10,10,0.0000,0
a-n60-k9.vrp,ga,1,1406.8370,2848.6594,1966.9250,304.9634,200,8726,0.9000,0.0500,10,10,0.0000,0
a-n60-k9.vrp,ga,1,1406.8370,2512.5955,1911.7137,296.1386,200,8727,0.9000,0.0500,10,10,0.0000,0
a-n60-k9.vrp,ga,1,1406.8370,2522.4983,1864.1497,273.9818,200,8728,0.9000,0.0500,10,10,0.0000,0
a-n60-k9.vrp,ga,1,1406.8370,2613.5239,1883.4170,273.3051,200,8729,0.9000,0.0500,10,10,0.0000,0
a-n60-k9.vrp,ga,1,1406.8370,2785.7168,1877.5299,277.2163,200,8730,0.9000,0.0500,10,10,0.0000,0
a-n60-k9.vrp,ga,1,1406.8370,2459.7812,1872.1602,273.8004,200,8731,0.9000,0.0500,10,10,0.0000,0
a-n60-k9.vrp,ga,1,1406.8370,2500.2217,1847.0631,265.4165,200,8732,0.9000,0.0500,10,10,0.0000,0
a-n60-k9.vrp,ga,1,1406.8370,2457.1013,1869.5237,272.0504,200,8733,0.9000,0.0500,10,10,0.0000,0
a-n60-k9.vrp,ga,1,1406.8370,2574.0806,1883.6960,268.1317,200,8734,0.9000,0.0500,10,10,0.0000,0
a-n60-k9.vrp,ga,1,1406.8370,2592.7883,1869.7959,273.1438,200,8735,0.9000,0.0500,10,10,0.0000,0
a-n60-k9.vrp,ga,1,1406.8370,2464.3171,1872.1379,257.7587,200,8736,0.9000,0.0500,10,10,0.0000,0
a-n60-k9.vrp,ga,1,1406.8370,2559.1409,1841.4033,268.6575,200,8737,0.9000,0.0500,10,10,0.0000,0
a-n60-k9.vrp,ga,1,1406.8370,2426.9666,1839.5887,262.3154,200,8738,0.9000,0.0500,10,10,0.0000,0
a-n60-k9.vrp,ga,1,1406.8370,2494.9858,1847.8159,267.7214,200,8739,0.9000,0.0500,10,10,0.0000,0
a-n60-k9.vrp,ga,1,1406.8370,2591.3809,1804.4706,284.5788,200,8740,0.9000,0.0500,10,10,0.0000,0
a-n60-k9.vrp,ga,1,1406.8370,2618.1123,1841.3484,282.7369,200,8741,0.9000,0.0500,10,10,0.0000,0
a-n60-k9.vrp,ga,1,1406.8370,2518.2004,1863.1729,272.5429,200,8742,0.9000,0.0500,10,10,0.0000,0
a-n60-k9.vrp,ga,1,1406.8370,2545.1443,1883.0841,280.8582,200,8743,0.9000,0.0500,10,10,0.0000,0
a-n60-k9.vrp,ga,1,1406.8370,2602.4631,1891.2870,272.2955,200,8744,0.9000,0.0500,10,10,0.0000,0
a-n60-k9.vrp,ga,1,1406.8370,2529.2571,1863.7003,269.7416,200,8745,0.9000,0.0500,10,10,0.0000,0
a-n60-k9.vrp,ga,1,1406.8370,2459.9016,1878.7615,251.6240,200,8746,0.9000,0.0500,10,10,0.0000,0
a-n60-k9.vrp,ga,1,1406.8370,2435.3796,1881.9542,266.3614,200,8747,0.9000,0.0500,10,10,0.0000,0
a-n60-k9.vrp,ga,1,1406.8370,2580.4360,1838.4460,275.2730,200,8748,0.9000,0.0500,10,10,0.0000,0
a-n60-k9.vrp,ga,1,1406.8370,2590.3396,1860.7346,263.0953,200,8749,0.9000,0.0500,10,10,0.0000,0
a-n60-k9.vrp,ga,1,1406.8370,2584.5562,1877.0659,282.5591,200,8750,0.9000,0.0500,10,10,0.0000,0
a-n60-k9.vrp,ga,1,1406.8370,2384.7568,1886.0122,258.1971,200,8751,0.9000,0.0500,10,10,0.0000,0
a-n60-k9.vrp,ga,1,1406.8370,2690.1978,1901.4523,270.2407,200,8752,0.9000,0.0500,10,10,0.0000,0
a-n60-k9.vrp,ga,1,1406.8370,2462.1113,1880.4116,253.7726,200,8753,0.9000,0.0500,10,10,0.0000,0
a-n60-k9.vrp,ga,1,1406.8370,2518.9700,1861.5535,281.2663,200,8754,0.9000,0.0500,10,10,0.0000,0
a-n60-k9.vrp,ga,1,1406.8370,2369.7341,1837.8297,275.1915,200,8755,0.9000,0.0500,10,10,0.0000,0
a-n60-k9.vrp,ga,1,1406.8370,2460.2444,1860.0643,273.7643,200,8756,0.9000,0.0500,10,10,0.0000,0
a-n60-k9.vrp,ga,1,1406.8370,2432.4624,1879.9668,255.5447,200,8757,0.9000,0.0500,10,10,0.0000,0
a-n60-k9.vrp,ga,1,1406.8370,2394.7285,1866.5735,269.6740,200,8758,0.9000,0.0500,10,10,0.0000,0
a-n60-k9.vrp,ga,1,1406.8370,2577.5881,1837.1298,281.9381,200,8759,0.9000,0.0500,10,10,0.0000,0
a-n60-k9.vrp,ga,1,1406.8370,2541.8601,1816.1212,277.8785,200,8760,0.9000,0.0500,10,10,0.0000,0
a-n60-k9.vrp,ga,1,1406.8370,2409.9353,1839.2935,270.8999,200,8761,0.9000,0.0500,10,10,0.0000,0
a-n60-k9.vrp,ga,1,1406.8370,2562.2068,1864.9386,264.9578,200,8762,0.9000,0.0500,10,10,0.0000,0
a-n60-k9.vrp,ga,1,1406.8370,2482.1047,1884.1897,267.9655,200,8763,0.9000,0.0500,10,10,0.0000,0
a-n60-k9.vrp,ga,1,1406.8370,2588.8667,1846.5111,275.9468,200,8764,0.9000,0.0500,10,10,0.0000,0
a-n60-k9.vrp,ga,1,1406.8370,2574.2144,1895.5518,287.9575,200,8765,0.9000,0.0500,10,10,0.0000,0
a-n60-k9.vrp,ga,1,1406.8370,2428.6040,1882.7799,264.1063,200,8766,0.9000,0.0500,10,10,0.0000,0
a-n60-k9.vrp,ga,1,1406.8370,2514.2327,1874.9817,263.6997,200,8767,0.9000,0.0500,10,10,0.0000,0
a-n60-k9.vrp,ga,1,1406.8370,2527.9258,1874.9886,273.9624,200,8768,0.9000,0.0500,10,10,0.0000,0
a-n60-k9.vrp,ga,1,1406.8370,2526.8430,1863.6581,245.8679,200,8769,0.9000,0.0500,10,10,0.0000,0
a-n60-k9.vrp,ga,1,1406.8370,2498.2781,1836.5541,278.4742,200,8770,0.9000,0.0500,10,10,0.0000,0
a-n60-k9.vrp,ga,1,1406.8370,2440.1528,1853.4199,265.6005,200,8771,0.9000,0.0500,10,10,0.0000,0
a-n60-k9.vrp,ga,1,1406.8370,2798.9856,1869.3894,274.1639,200,8772,0.9000,0.0500,10,10,0.0000,0
a-n60-k9.vrp,ga,1,1406.8370,2432.8135,1844.9604,284.8104,200,8773,0.9000,0.0500,10,10,0.0000,0
a-n60-k9.vrp,ga,1,1406.8370,2564.5762,1874.3544,290.1799,200,8774,0.9000,0.0500,10,10,0.0000,0
a-n60-k9.vrp,ga,1,1406.8370,2436.1267,1834.5172,259.9643,200,8775,0.9000,0.0500,10,10,0.0000,0
a-n60-k9.vrp,ga,1,1406.8370,2624.7329,1870.9510,273.1589,200,8776,0.9000,0.0500,10,10,0.0000,0
a-n60-k9.vrp,ga,1,1406.8370,2586.4570,1847.4657,276.7625,200,8777,0.9000,0.0500,10,10,0.0000,0
a-n60-k9.vrp,ga,1,1406.8370,2506.5198,1887.0950,273.4378,200,8778,0.9000,0.0500,10,10,0.0000,0
a-n60-k9.vrp,ga,1,1406.8370,2605.7058,1856.0789,274.6205,200,8779,0.9000,0.0500,10,10,0.0000,0
a-n60-k9.vrp,ga,1,1406.8370,2406.3049,1836.3270,268.1841,200,8780,0.9000,0.0500,10,10,0.0000,0
a-n60-k9.vrp,ga,1,1406.8370,2544.4780,1865.1520,259.6933,200,8781,0.9000,0.0500,10,10,0.0000,0
a-n60-k9.vrp,ga,1,1406.8370,2745.3455,1820.2356,250.6427,200,8782,0.9000,0.0500,10,10,0.0000,0
a-n60-k9.vrp,ga,1,1406.8370,2481.2039,1827.1587,274.2996,200,8783,0.9000,0.0500,10,10,0.0000,0
a-n60-k9.vrp,ga,1,1406.8370,2374.0408,1856.4075,277.1692,200,8784,0.9000,0.0500,10,10,0.0000,0
a-n60-k9.vrp,ga,1,1406.8370,2400.4639,1862.1254,273.6439,200,8785,0.9000,0.0500,10,10,0.0000,0
a-n60-k9.vrp,ga,1,1406.8370,2539.8103,1829.8297,264.9619,200,8786,0.9000,0.0500,10,10,0.0000,0
a-n60-k9.vrp,ga,1,1406.8370,2321.8877,1853.6899,243.9841,200,8787,0.9000,0.0500,10,10,0.0000,0
a-n60-k9.vrp,ga,1,1406.8370,2741.9768,1866.3774,264.3735,200,8788,0.9000,0.0500,10,10,0.0000,0
a-n60-k9.vrp,ga,1,1406.8370,2579.0278,1877.1827,285.4505,200,8789,0.9000,0.0500,10,10,0.0000,0
a-n60-k9.vrp,ga,1,1406.8370,2404.5933,1837.9647,253.0800,200,8790,0.9000,0.0500,10,10,0.0000,0
a-n60-k9.vrp,ga,1,1406.8370,2431.8855,1846.2164,270.0597,200,8791,0.9000,0.0500,10,10,0.0000,0
a-n60-k9.vrp,ga,1,1406.8370,2572.7725,1859.1370,258.3362,200,8792,0.9000,0.0500,10,10,0.0000,0
a-n60-k9.vrp,ga,1,1406.8370,2589.0757,1872.3865,278.4690,200,8793,0.9000,0.0500,10,10,0.0000,0
a-n60-k9.vrp,ga,1,1406.8370,2575.9243,1893.4288,280.8795,200,8794,0.9000,0.0500,10,10,0.0000,0
a-n60-k9.vrp,ga,1,1406.8370,2506.4197,1852.8508,279.1335,200,8795,0.9000,0.0500,10,10,0.0000,0
a-n60-k9.vrp,ga,1,1406.8370,2539.6968,1875.9902,267.9487,200,8796,0.9000,0.0500,10,10,0.0000,0
a-n60-k9.vrp,ga,1,1406.8370,2492.3176,1852.4407,256.1270,200,8797,0.9000,0.0500,10,10,0.0000,0
a-n60-k9.vrp,ga,1,1406.8370,2487.4885,1857.4025,267.6339,200,8798,0.9000,0.0500,10,10,0.0000,0
a-n60-k9.vrp,ga,1,1406.8370,2420.2505,1804.4062,275.8225,200,8799,0.9000,0.0500,10,10,0.0000,0
a-n60-k9.vrp,ga,1,1406.8370,2493.7341,1839.8662,277.8345,200,8800,0.9000,0.0500,10,10,0.0000,0
a-n60-k9.vrp,ga,1,1406.8370,2448.8687,1879.6245,263.6525,200,8801,0.9000,0.0500,10,10,0.0000,0
a-n60-k9.vrp,ga,1,1406.8370,2644.8308,1929.3788,279.0814,200,8802,0.9000,0.0500,10,10,0.0000,0
a-n60-k9.vrp,ga,1,1406.8370,2568.5439,1898.6560,275.4131,200,8803,0.9000,0.0500,10,10,0.0000,0
a-n60-k9.vrp,ga,1,1406.8370,2421.1335,1845.7626,261.3858,200,8804,0.9000,0.0500,10,10,0.0000,0
a-n60-k9.vrp,ga,1,1406.8370,2417.9165,1859.3773,268.5296,200,8805,0.9000,0.0500,10,10,0.0000,0
a-n60-k9.vrp,ga,1,1406.8370,2478.2256,1847.9688,256.2829,200,8806,0.9000,0.0500,10,10,0.0000,0
a-n60-k9.vrp,ga,1,1406.8370,2528.4365,1860.7028,273.4030,200,8807,0.9000,0.0500,10,10,0.0000,0
a-n60-k9.vrp,ga,1,1406.8370,2442.1768,1872.0375,269.3908,200,8808,0.9000,0.0500,10,10,0.0000,0
a-n60-k9.vrp,ga,1,1406.8370,2937.4043,1892.9170,273.8703,200,8809,0.9000,0.0500,10,10,0.0000,0
a-n60-k9.vrp,ga,1,1406.8370,2500.1816,1867.3409,255.7053,200,8810,0.9000,0.0500,10,10,0.0000,0
a-n60-k9.vrp,ga,1,1406.8370,2421.8564,1876.6216,277.6788,200,8811,0.9000,0.0500,10,10,0.0000,0
a-n60-k9.vrp,ga,1,1406.8370,2341.9094,1872.7174,259.4557,200,8812,0.9000,0.0500,10,10,0.0000,0
a-n60-k9.vrp,ga,1,1406.8370,2501.8584,1894.8334,272.1316,200,8813,0.9000,0.0500,10,10,0.0000,0
a-n60-k9.vrp,ga,1,1406.8370,2504.1016,1870.9127,278.8716,200,8814,0.9000,0.0500,10,10,0.0000,0
a-n60-k9.vrp,ga,1,1406.8370,2554.0095,1860.4572,267.5879,200,8815,0.9000,0.0500,10,10,0.0000,0
a-n60-k9.vrp,ga,1,1406.8370,2461.8123,1855.5381,281.5701,200,8816,0.9000,0.0500,10,10,0.0000,0
a-n60-k9.vrp,ga,1,1406.8370,2501.5784,1878.1730,277.9549,200,8817,0.9000,0.0500,10,10,0.0000,0
a-n60-k9.vrp,ga,1,1406.8370,2412.4336,1856.9821,262.3029,200,8818,0.9000,0.0500,10,10,0.0000,0
a-n60-k9.vrp,ga,1,1406.8370,2618.6636,1880.8462,252.0736,200,8819,0.9000,0.0500,10,10,0.0000,0
a-n60-k9.vrp,ga,1,1406.8370,2620.5359,1856.2345,282.3931,200,8820,0.9000,0.0500,10,10,0.0000,0
a-n60-k9.vrp,ga,1,1406.8370,2683.2737,1880.4323,273.7156,200,8821,0.9000,0.0500,10,10,0.0000,0
a-n60-k9.vrp,ga,1,1406.8370,2473.4573,1902.5527,262.9999,200,8822,0.9000,0.0500,10,10,0.0000,0
a-n60-k9.vrp,ga,1,1406.8370,2614.8865,1861.9436,270.1563,200,8823,0.9000,0.0500,10,10,0.0000,0
a-n60-k9.vrp,ga,1,1406.8370,2487.5254,1877.0227,266.3847,200,8824,0.9000,0.0500,10,10,0.0000,0
a-n60-k9.vrp,ga,1,1406.8370,2488.7432,1881.7522,276.4344,200,8825,0.9000,0.0500,10,10,0.0000,0
a-n60-k9.vrp,ga,1,1406.8370,2438.4426,1870.5481,274.4928,200,8826,0.9000,0.0500,10,10,0.0000,0
a-n60-k9.vrp,ga,1,1406.8370,2419.8906,1841.6725,261.8613,200,8827,0.9000,0.0500,10,10,0.0000,0
a-n60-k9.vrp,ga,1,1406.8370,2420.8904,1845.2900,242.8703,200,8828,0.9000,0.0500,10,10,0.0000,0
a-n60-k9.vrp,ga,1,1406.8370,2568.5063,1853.7579,252.2597,200,8829,0.9000,0.0500,10,10,0.0000,0
a-n60-k9.vrp,ga,1,1406.8370,2495.7771,1893.5226,270.9164,200,8830,0.9000,0.0500,10,10,0.0000,0
a-n60-k9.vrp,ga,1,1406.8370,2413.8955,1852.8994,271.5434,200,8831,0.9000,0.0500,10,10,0.0000,0
a-n60-k9.vrp,ga,1,1406.8370,2347.8447,1865.8108,257.5437,200,8832,0.9000,0.0500,10,10,0.0000,0
a-n60-k9.vrp,ga,1,1406.8370,2480.3643,1825.3353,271.2090,200,8833,0.9000,0.0500,10,10,0.0000,0
a-n60-k9.vrp,ga,1,1406.8370,2442.2048,1825.6436,262.2709,200,8834,0.9000,0.0500,10,10,0.0000,0
a-n60-k9.vrp,ga,1,1406.8370,2482.0791,1863.9513,279.4005,200,8835,0.9000,0.0500,10,10,0.0000,0
a-n60-k9.vrp,ga,1,1406.8370,2429.6277,1887.7238,258.3562,200,8836,0.9000,0.0500,10,10,0.0000,0
a-n60-k9.vrp,ga,1,1406.8370,2586.7769,1923.2091,270.0095,200,8837,0.9000,0.0500,10,10,0.0000,0
a-n60-k9.vrp,ga,1,1406.8370,2559.6450,1904.4034,252.6045,200,8838,0.9000,0.0500,10,10,0.0000,0
a-n60-k9.vrp,ga,1,1406.8370,2530.4265,1896.4810,281.0424,200,8839,0.9000,0.0500,10,10,0.0000,0
a-n60-k9.vrp,ga,1,1406.8370,2433.3147,1858.2552,265.0504,200,8840,0.9000,0.0500,10,10,0.0000,0
a-n60-k9.vrp,ga,1,1406.8370,2561.5579,1868.9327,264.7168,200,8841,0.9000,0.0500,10,10,0.0000,0
a-n60-k9.vrp,ga,1,1406.8370,2494.2791,1849.6340,278.3678,200,8842,0.9000,0.0500,10,10,0.0000,0
a-n60-k9.vrp,ga,1,1406.8370,2558.8994,1851.8590,279.7057,200,8843,0.9000,0.0500,10,10,0.0000,0
a-n60-k9.vrp,ga,1,1406.8370,2538.0884,1845.2760,267.9550,200,8844,0.9000,0.0500,10,10,0.0000,0
a-n60-k9.vrp,ga,1,1406.8370,2555.6423,1862.7981,263.4753,200,8845,0.9000,0.0500,10,10,0.0000,0
a-n60-k9.vrp,ga,1,1406.8370,2654.5251,1909.6676,290.4968,200,8846,0.9000,0.0500,10,10,0.0000,0
a-n60-k9.vrp,ga,1,1406.8370,2537.6753,1863.6187,281.5192,200,8847,0.9000,0.0500,10,10,0.0000,0
a-n60-k9.vrp,ga,1,1406.8370,2446.7993,1879.2419,275.6868,200,8848,0.9000,0.0500,10,10,0.0000,0
a-n60-k9.vrp,ga,1,1406.8370,2532.4663,1899.2902,278.6125,200,8849,0.9000,0.0500,10,10,0.0000,0
a-n60-k9.vrp,ga,1,1406.8370,2564.8853,1879.2426,286.7812,200,8850,0.9000,0.0500,10,10,0.0000,0
a-n60-k9.vrp,ga,1,1406.8370,2496.8181,1884.0236,281.8733,200,8851,0.9000,0.0500,10,10,0.0000,0
a-n60-k9.vrp,ga,1,1406.8370,2595.1074,1899.5588,304.0638,200,8852,0.9000,0.0500,10,10,0.0000,0
a-n60-k9.vrp,ga,1,1406.8370,2521.8411,1850.4264,278.4955,200,8853,0.9000,0.0500,10,10,0.0000,0
a-n60-k9.vrp,ga,1,1406.8370,2835.5112,1872.8712,293.2320,200,8854,0.9000,0.0500,10,10,0.0000,0
a-n60-k9.vrp,ga,1,1406.8370,2500.3948,1870.8109,265.6963,200,8855,0.9000,0.0500,10,10,0.0000,0
a-n60-k9.vrp,ga,1,1406.8370,2605.2937,1889.9462,281.2545,200,8856,0.9000,0.0500,10,10,0.0000,0
a-n60-k9.vrp,ga,1,1406.8370,2485.2693,1867.9705,287.9027,200,8857,0.9000,0.0500,10,10,0.0000,0
a-n60-k9.vrp,ga,1,1406.8370,2587.6575,1872.4971,281.2620,200,8858,0.9000,0.0500,10,10,0.0000,0
a-n60-k9.vrp,ga,1,1406.8370,2473.9800,1852.5675,269.0136,200,8859,0.9000,0.0500,10,10,0.0000,0
a-n60-k9.vrp,ga,1,1406.8370,2538.3625,1879.6268,282.1438,200,8860,0.9000,0.0500,10,10,0.0000,0
a-n60-k9.vrp,ga,1,1406.8370,2430.6785,1861.0945,269.9992,200,8861,0.9000,0.0500,10,10,0.0000,0
a-n60-k9.vrp,ga,1,1406.8370,2603.6338,1865.0046,264.2173,200,8862,0.9000,0.0500,10,10,0.0000,0
a-n60-k9.vrp,ga,1,1406.8370,2711.8201,1880.6261,287.5909,200,8863,0.9000,0.0500,10,10,0.0000,0
a-n60-k9.vrp,ga,1,1406.8370,2735.3469,1889.1930,294.7506,200,8864,0.9000,0.0500,10,10,0.0000,0
a-n60-k9.vrp,ga,1,1406.8370,2549.0981,1865.7386,291.9643,200,8865,0.9000,0.0500,10,10,0.0000,0
a-n60-k9.vrp,ga,1,1406.8370,2634.6504,1868.4740,277.8518,200,8866,0.9000,0.0500,10,10,0.0000,0
a-n60-k9.vrp,ga,1,1406.8370,2554.4827,1897.1744,258.7554,200,8867,0.9000,0.0500,10,10,0.0000,0
a-n60-k9.vrp,ga,1,1406.8370,2783.5232,1890.2252,274.6194,200,8868,0.9000,0.0500,10,10,0.0000,0
a-n60-k9.vrp,ga,1,1406.8370,2455.3911,1873.1127,268.8837,200,8869,0.9000,0.0500,10,10,0.0000,0
a-n60-k9.vrp,ga,1,1406.8370,2445.3374,1866.5686,269.9926,200,8870,0.9000,0.0500,10,10,0.0000,0
a-n60-k9.vrp,ga,1,1406.8370,2723.1121,1864.4585,285.1190,200,8871,0.9000,0.0500,10,10,0.0000,0
a-n60-k9.vrp,ga,1,1406.8370,2566.3962,1862.1858,282.0770,200,8872,0.9000,0.0500,10,10,0.0000,0
a-n60-k9.vrp,ga,1,1406.8370,2529.1389,1851.0242,272.8049,200,8873,0.9000,0.0500,10,10,0.0000,0
a-n60-k9.vrp,ga,1,1406.8370,2596.8279,1885.7072,258.8916,200,8874,0.9000,0.0500,10,10,0.0000,0
a-n60-k9.vrp,ga,1,1406.8370,2460.2700,1896.0194,251.6281,200,8875,0.9000,0.0500,10,10,0.0000,0
a-n60-k9.vrp,ga,1,1406.8370,2485.3337,1879.4027,259.8198,200,8876,0.9000,0.0500,10,10,0.0000,0
a-n60-k9.vrp,ga,1,1406.8370,2551.2986,1888.7292,255.4260,200,8877,0.9000,0.0500,10,10,0.0000,0
a-n60-k9.vrp,ga,1,1406.8370,2527.4998,1905.0955,256.5168,200,8878,0.9000,0.0500,10,10,0.0000,0
a-n60-k9.vrp,ga,1,1406.8370,2627.4556,1917.5865,285.0288,200,8879,0.9000,0.0500,10,10,0.0000,0
a-n60-k9.vrp,ga,1,1406.8370,2679.4246,1883.2922,260.6836,200,8880,0.9000,0.0500,10,10,0.0000,0
a-n60-k9.vrp,ga,1,1406.8370,2555.2686,1900.7330,305.0486,200,8881,0.9000,0.0500,10,10,0.0000,0
a-n60-k9.vrp,ga,1,1406.8370,2545.0300,1876.9497,270.0101,200,8882,0.9000,0.0500,10,10,0.0000,0
a-n60-k9.vrp,ga,1,1406.8370,2478.7031,1871.0082,274.3621,200,8883,0.9000,0.0500,10,10,0.0000,0
a-n60-k9.vrp,ga,1,1406.8370,2620.1848,1880.5251,280.3646,200,8884,0.9000,0.0500,10,10,0.0000,0
a-n60-k9.vrp,ga,1,1406.8370,2555.0122,1875.7057,279.5309,200,8885,0.9000,0.0500,10,10,0.0000,0
a-n60-k9.vrp,ga,1,1406.8370,2588.8438,1870.9816,293.0828,200,8886,0.9000,0.0500,10,10,0.0000,0
a-n60-k9.vrp,ga,1,1406.8370,2404.1309,1837.2456,278.6855,200,8887,0.9000,0.0500,10,10,0.0000,0
a-n60-k9.vrp,ga,1,1406.8370,2530.0247,1859.5028,261.7620,200,8888,0.9000,0.0500,10,10,0.0000,0
a-n60-k9.vrp,ga,1,1406.8370,2542.8108,1896.3879,273.5111,200,8889,0.9000,0.0500,10,10,0.0000,0
a-n60-k9.vrp,ga,1,1406.8370,2622.9290,1931.8306,260.9903,200,8890,0.9000,0.0500,10,10,0.0000,0
a-n60-k9.vrp,ga,1,1406.8370,2511.7512,1918.5173,275.1768,200,8891,0.9000,0.0500,10,10,0.0000,0
a-n60-k9.vrp,ga,1,1406.8370,2625.2805,1947.1130,272.5427,200,8892,0.9000,0.0500,10,10,0.0000,0
a-n60-k9.vrp,ga,1,1406.8370,2676.9846,1937.3395,293.5935,200,8893,0.9000,0.0500,10,10,0.0000,0
a-n60-k9.vrp,ga,1,1406.8370,2548.5828,1873.7406,275.6202,200,8894,0.9000,0.0500,10,10,0.0000,0
a-n60-k9.vrp,ga,1,1406.8370,2556.2566,1898.2001,275.0914,200,8895,0.9000,0.0500,10,10,0.0000,0
a-n60-k9.vrp,ga,1,1406.8370,2525.8271,1917.4647,266.8806,200,8896,0.9000,0.0500,10,10,0.0000,0
a-n60-k9.vrp,ga,1,1406.8370,2558.6733,1922.0708,291.3299,200,8897,0.9000,0.0500,10,10,0.0000,0
a-n60-k9.vrp,ga,1,1406.8370,2530.8657,1900.8083,284.5558,200,8898,0.9000,0.0500,10,10,0.0000,0
a-n60-k9.vrp,ga,1,1406.8370,2557.5029,1890.4451,279.2808,200,8899,0.9000,0.0500,10,10,0.0000,0
a-n60-k9.vrp,ga,1,1406.8370,2624.8562,1906.3132,272.0203,200,8900,0.9000,0.0500,10,10,0.0000,0
a-n60-k9.vrp,ga,1,1406.8370,2573.1938,1905.1968,282.1610,200,8901,0.9000,0.0500,10,10,0.0000,0
a-n60-k9.vrp,ga,1,1406.8370,2595.6587,1970.2815,291.0955,200,8902,0.9000,0.0500,10,10,0.0000,0
a-n60-k9.vrp,ga,1,1406.8370,2763.7878,2027.9113,305.0463,200,8903,0.9000,0.0500,10,10,0.0000,0
a-n60-k9.vrp,ga,1,1406.8370,2757.0413,2006.5061,299.0332,200,8904,0.9000,0.0500,10,10,0.0000,0
a-n60-k9.vrp,ga,1,1406.8370,2593.4937,2015.1534,287.8383,200,8905,0.9000,0.0500,10,10,0.0000,0
a-n60-k9.vrp,ga,1,1406.8370,2855.5637,1971.9595,310.3275,200,8906,0.9000,0.0500,10,10,0.0000,0
a-n60-k9.vrp,ga,1,1406.8370,2730.1223,2010.9000,310.8229,200,8907,0.9000,0.0500,10,10,0.0000,0
a-n60-k9.vrp,ga,1,1406.8370,2702.9458,1976.7178,300.0477,200,8908,0.9000,0.0500,10,10,0.0000,0
a-n60-k9.vrp,ga,1,1406.8370,2919.8369,1968.4312,282.8703,200,8909,0.9000,0.0500,10,10,0.0000,0
a-n60-k9.vrp,ga,1,1406.8370,2760.6702,1963.9738,287.5677,200,8910,0.9000,0.0500,10,10,0.0000,0
a-n60-k9.vrp,ga,1,1406.8370,2659.2747,1936.4326,293.2281,200,8911,0.9000,0.0500,10,10,0.0000,0
a-n60-k9.vrp,ga,1,1406.8370,2737.7600,1945.3995,311.5788,200,8912,0.9000,0.0500,10,10,0.0000,0
a-n60-k9.vrp,ga,1,1406.8370,2646.1438,1912.3069,322.7829,200,8913,0.9000,0.0500,10,10,0.0000,0
a-n60-k9.vrp,ga,1,1406.8370,2745.1685,1901.6803,324.4331,200,8914,0.9000,0.0500,10,10,0.0000,0
a-n60-k9.vrp,ga,1,1406.8370,2749.9897,1849.2823,295.2039,200,8915,0.9000,0.0500,10,10,0.0000,0
a-n60-k9.vrp,ga,1,1406.8370,2866.4946,1888.4628,313.3582,200,8916,0.9000,0.0500,10,10,0.0000,0
a-n60-k9.vrp,ga,1,1406.8370,2648.3037,1886.5669,300.5093,200,8917,0.9000,0.0500,10,10,0.0000,0
a-n60-k9.vrp,ga,1,1406.8370,2767.1370,1883.7090,310.5434,200,8918,0.9000,0.0500,10,10,0.0000,0
a-n60-k9.vrp,ga,1,1406.8370,2670.1499,1865.8481,318.0957,200,8919,0.9000,0.0500,10,10,0.0000,0
a-n60-k9.vrp,ga,1,1406.8370,2692.7312,1880.4008,304.3130,200,8920,0.9000,0.0500,10,10,0.0000,0
a-n60-k9.vrp,ga,1,1406.8370,2710.8721,1865.7894,301.4820,200,8921,0.9000,0.0500,10,10,0.0000,0
a-n60-k9.vrp,ga,1,1406.8370,2682.7234,1891.3993,272.7948,200,8922,0.9000,0.0500,10,10,0.0000,0
a-n60-k9.vrp,ga,1,1406.8370,2779.4753,1931.6355,297.3717,200,8923,0.9000,0.0500,10,10,0.0000,0
a-n60-k9.vrp,ga,1,1406.8370,2711.6360,1905.8627,288.8908,200,8924,0.9000,0.0500,10,10,0.0000,0
a-n60-k9.vrp,ga,1,1406.8370,2717.1819,1943.7588,306.4396,200,8925,0.9000,0.0500,10,10,0.0000,0
a-n60-k9.vrp,ga,1,1406.8370,2761.9780,1892.3076,294.1667,200,8926,0.9000,0.0500,10,10,0.0000,0
a-n60-k9.vrp,ga,1,1406.8370,2738.8022,1905.7964,306.3649,200,8927,0.9000,0.0500,10,10,0.0000,0
a-n60-k9.vrp,ga,1,1406.8370,2702.5796,1907.1573,310.8667,200,8928,0.9000,0.0500,10,10,0.0000,0
a-n60-k9.vrp,ga,1,1406.8370,2829.8311,1914.4917,317.6112,200,8929,0.9000,0.0500,10,10,0.0000,0
a-n60-k9.vrp,ga,1,1406.8370,2767.4561,1920.3639,317.3025,200,8930,0.9000,0.0500,10,10,0.0000,0
a-n60-k9.vrp,ga,1,1406.8370,2759.8408,1908.4507,303.3593,200,8931,0.9000,0.0500,10,10,0.0000,0
a-n60-k9.vrp,ga,1,1406.8370,2701.3928,1883.2836,289.7039,200,8932,0.9000,0.0500,10,10,0.0000,0
a-n60-k9.vrp,ga,1,1406.8370,2693.4810,1906.8966,294.1133,200,8933,0.9000,0.0500,10,10,0.0000,0
a-n60-k9.vrp,ga,1,1406.8370,2816.9087,1908.8555,311.7258,200,8934,0.9000,0.0500,10,10,0.0000,0
a-n60-k9.vrp,ga,1,1406.8370,2714.7141,1916.9036,334.0254,200,8935,0.9000,0.0500,10,10,0.0000,0
a-n60-k9.vrp,ga,1,1406.8370,2735.0698,1919.8781,308.9633,200,8936,0.9000,0.0500,10,10,0.0000,0
a-n60-k9.vrp,ga,1,1406.8370,2729.1326,1878.3940,312.4989,200,8937,0.9000,0.0500,10,10,0.0000,0
a-n60-k9.vrp,ga,1,1406.8370,2802.6003,1871.9540,312.7667,200,8938,0.9000,0.0500,10,10,0.0000,0
a-n60-k9.vrp,ga,1,1406.8370,2690.7808,1854.2450,304.8387,200,8939,0.9000,0.0500,10,10,0.0000,0
a-n60-k9.vrp,ga,1,1406.8370,2846.6934,1937.4994,311.9245,200,8940,0.9000,0.0500,10,10,0.0000,0
a-n60-k9.vrp,ga,1,1406.8370,2810.6462,1868.6071,317.1122,200,8941,0.9000,0.0500,10,10,0.0000,0
a-n60-k9.vrp,ga,1,1406.8370,2691.8704,1875.6812,316.4683,200,8942,0.9000,0.0500,10,10,0.0000,0
a-n60-k9.vrp,ga,1,1406.8370,2627.4927,1889.0964,310.2170,200,8943,0.9000,0.0500,10,10,0.0000,0
a-n60-k9.vrp,ga,1,1406.8370,2755.2375,1888.7278,307.1516,200,8944,0.9000,0.0500,10,10,0.0000,0
a-n60-k9.vrp,ga,1,1406.8370,2762.4146,1901.6196,297.8336,200,8945,0.9000,0.0500,10,10,0.0000,0
a-n60-k9.vrp,ga,1,1406.8370,2767.4561,1871.1287,290.9259,200,8946,0.9000,0.0500,10,10,0.0000,0
a-n60-k9.vrp,ga,1,1406.8370,2687.4102,1899.7211,302.3901,200,8947,0.9000,0.0500,10,10,0.0000,0
a-n60-k9.vrp,ga,1,1406.8370,2672.6570,1897.9884,272.8982,200,8948,0.9000,0.0500,10,10,0.0000,0
a-n60-k9.vrp,ga,1,1406.8370,2643.8115,1896.8629,297.3880,200,8949,0.9000,0.0500,10,10,0.0000,0
a-n60-k9.vrp,ga,1,1406.8370,2720.9248,1868.2317,282.7833,200,8950,0.9000,0.0500,10,10,0.0000,0
a-n60-k9.vrp,ga,1,1406.8370,2765.7705,1866.8042,292.3522,200,8951,0.9000,0.0500,10,10,0.0000,0
a-n60-k9.vrp,ga,1,1406.8370,2641.4478,1868.1517,275.0782,200,8952,0.9000,0.0500,10,10,0.0000,0
a-n60-k9.vrp,ga,1,1406.8370,2761.4270,1895.5310,298.3243,200,8953,0.9000,0.0500,10,10,0.0000,0
a-n60-k9.vrp,ga,1,1406.8370,2722.7983,1890.2677,294.0719,200,8954,0.9000,0.0500,10,10,0.0000,0
a-n60-k9.vrp,ga,1,1406.8370,2709.1975,1911.5140,298.2217,200,8955,0.9000,0.0500,10,10,0.0000,0
a-n60-k9.vrp,ga,1,1406.8370,2657.0564,1906.4229,284.4120,200,8956,0.9000,0.0500,10,10,0.0000,0
a-n60-k9.vrp,ga,1,1406.8370,2643.5608,1885.9321,307.5354,200,8957,0.9000,0.0500,10,10,0.0000,0
a-n60-k9.vrp,ga,1,1406.8370,2680.5210,1876.9568,302.6762,200,8958,0.9000,0.0500,10,10,0.0000,0
a-n60-k9.vrp,ga,1,1406.8370,2669.2571,1873.9688,272.7595,200,8959,0.9000,0.0500,10,10,0.0000,0
a-n60-k9.vrp,ga,1,1406.8370,2771.5129,1909.9990,291.7199,200,8960,0.9000,0.0500,10,10,0.0000,0
a-n60-k9.vrp,ga,1,1406.8370,2585.1272,1852.6467,291.0631,200,8961,0.9000,0.0500,10,10,0.0000,0
a-n60-k9.vrp,ga,1,1406.8370,2688.5791,1899.2413,292.6794,200,8962,0.9000,0.0500,10,10,0.0000,0
a-n60-k9.vrp,ga,1,1406.8370,2621.5469,1876.6399,306.2561,200,8963,0.9000,0.0500,10,10,0.0000,0
a-n60-k9.vrp,ga,1,1406.8370,2455.3091,1824.0137,262.0355,200,8964,0.9000,0.0500,10,10,0.0000,0
a-n60-k9.vrp,ga,1,1406.8370,2478.3931,1850.5449,258.4387,200,8965,0.9000,0.0500,10,10,0.0000,0
a-n60-k9.vrp,ga,1,1406.8370,2615.3423,1854.5272,282.5551,200,8966,0.9000,0.0500,10,10,0.0000,0
a-n60-k9.vrp,ga,1,1406.8370,2740.2415,1815.4358,279.9012,200,8967,0.9000,0.0500,10,10,0.0000,0
a-n60-k9.vrp,ga,1,1406.8370,2834.8521,1848.4789,286.2285,200,8968,0.9000,0.0500,10,10,0.0000,0
a-n60-k9.vrp,ga,1,1406.8370,2810.5332,1860.2466,303.7148,200,8969,0.9000,0.0500,10,10,0.0000,0
a-n60-k9.vrp,ga,1,1406.8370,2810.3250,1889.9259,294.4615,200,8970,0.9000,0.0500,10,10,0.0000,0
a-n60-k9.vrp,ga,1,1406.8370,3104.7163,1880.3105,307.1549,200,8971,0.9000,0.0500,10,10,0.0000,0
a-n60-k9.vrp,ga,1,1406.8370,2675.0684,1862.2269,272.3396,200,8972,0.9000,0.0500,10,10,0.0000,0
a-n60-k9.vrp,ga,1,1406.8370,2559.0437,1847.6233,302.7757,200,8973,0.9000,0.0500,10,10,0.0000,0
a-n60-k9.vrp,ga,1,1406.8370,2776.9956,1893.2177,287.7442,200,8974,0.9000,0.0500,10,10,0.0000,0
a-n60-k9.vrp,ga,1,1406.8370,2878.0913,1919.3739,310.5885,200,8975,0.9000,0.0500,10,10,0.0000,0
a-n60-k9.vrp,ga,1,1406.8370,2858.8674,1890.6316,282.3849,200,8976,0.9000,0.0500,10,10,0.0000,0
a-n60-k9.vrp,ga,1,1406.8370,2837.6099,1921.3463,326.1936,200,8977,0.9000,0.0500,10,10,0.0000,0
a-n60-k9.vrp,ga,1,1406.8370,2712.0469,1888.6617,265.5144,200,8978,0.9000,0.0500,10,10,0.0000,0
a-n60-k9.vrp,ga,1,1406.8370,2816.7161,1867.4409,302.1018,200,8979,0.9000,0.0500,10,10,0.0000,0
a-n60-k9.vrp,ga,1,1406.8370,3001.0793,1895.1021,317.6249,200,8980,0.9000,0.0500,10,10,0.0000,0
a-n60-k9.vrp,ga,1,1406.8370,2979.0664,1905.9181,287.4943,200,8981,0.9000,0.0500,10,10,0.0000,0
a-n60-k9.vrp,ga,1,1406.8370,2794.4302,1936.4124,288.4994,200,8982,0.9000,0.0500,10,10,0.0000,0
a-n60-k9.vrp,ga,1,1406.8370,2790.9929,1911.3457,286.7611,200,8983,0.9000,0.0500,10,10,0.0000,0
a-n60-k9.vrp,ga,1,1406.8370,2884.3994,1884.9106,302.3388,200,8984,0.9000,0.0500,10,10,0.0000,0
a-n60-k9.vrp,ga,1,1406.8370,2953.6208,1911.1215,311.2713,200,8985,0.9000,0.0500,10,10,0.0000,0
a-n60-k9.vrp,ga,1,1406.8370,2969.1375,1904.1445,322.3708,200,8986,0.9000,0.0500,10,10,0.0000,0
a-n60-k9.vrp,ga,1,1406.8370,2912.2920,1870.5067,302.9095,200,8987,0.9000,0.0500,10,10,0.0000,0
a-n60-k9.vrp,ga,1,1406.8370,2603.6426,1900.6132,293.0191,200,8988,0.9000,0.0500,10,10,0.0000,0
a-n60-k9.vrp,ga,1,1406.8370,2922.0850,1905.0215,303.9419,200,8989,0.9000,0.0500,10,10,0.0000,0
a-n60-k9.vrp,ga,1,1406.8370,2852.3137,1881.7549,309.7400,200,8990,0.9000,0.0500,10,10,0.0000,0
a-n60-k9.vrp,ga,1,1406.8370,2920.9424,1892.6133,305.9982,200,8991,0.9000,0.0500,10,10,0.0000,0
a-n60-k9.vrp,ga,1,1406.8370,2884.3726,1920.3593,314.6740,200,8992,0.9000,0.0500,10,10,0.0000,0
a-n60-k9.vrp,ga,1,1406.8370,2936.5447,1874.1565,290.1258,200,8993,0.9000,0.0500,10,10,0.0000,0
a-n60-k9.vrp,ga,1,1406.8370,2936.0088,1859.7656,297.2515,200,8994,0.9000,0.0500,10,10,0.0000,0
a-n60-k9.vrp,ga,1,1406.8370,3031.1724,1844.0336,323.0163,200,8995,0.9000,0.0500,10,10,0.0000,0
a-n60-k9.vrp,ga,1,1406.8370,2600.1514,1836.6366,279.9503,200,8996,0.9000,0.0500,10,10,0.0000,0
a-n60-k9.vrp,ga,1,1406.8370,2705.0144,1874.8779,300.9015,200,8997,0.9000,0.0500,10,10,0.0000,0
a-n60-k9.vrp,ga,1,1406.8370,2792.1958,1897.5813,289.4839,200,8998,0.9000,0.0500,10,10,0.0000,0
a-n60-k9.vrp,ga,1,1406.8370,2889.3215,1867.4531,294.3995,200,8999,0.9000,0.0500,10,10,0.0000,0
a-n60-k9.vrp,ga,1,1406.8370,2983.5715,1905.8165,300.4434,200,9000,0.9000,0.0500,10,10,0.0000,0
a-n60-k9.vrp,ga,1,1406.8370,2970.4404,1928.9052,322.2645,200,9001,0.9000,0.0500,10,10,0.0000,0
a-n60-k9.vrp,ga,1,1406.8370,2978.9648,1856.6267,284.5435,200,9002,0.9000,0.0500,10,10,0.0000,0
a-n60-k9.vrp,ga,1,1406.8370,2787.3669,1909.4674,293.5056,200,9003,0.9000,0.0500,10,10,0.0000,0
a-n60-k9.vrp,ga,1,1406.8370,2878.0913,1926.9109,291.7960,200,9004,0.9000,0.0500,10,10,0.0000,0
a-n60-k9.vrp,ga,1,1406.8370,3000.2288,1942.8508,343.4774,200,9005,0.9000,0.0500,10,10,0.0000,0
a-n60-k9.vrp,ga,1,1406.8370,2852.4927,1947.1743,300.5967,200,9006,0.9000,0.0500,10,10,0.0000,0
a-n60-k9.vrp,ga,1,1406.8370,2872.2292,1867.6344,313.0976,200,9007,0.9000,0.0500,10,10,0.0000,0
a-n60-k9.vrp,ga,1,1406.8370,2996.2456,1907.9580,331.7692,200,9008,0.9000,0.0500,10,10,0.0000,0
a-n60-k9.vrp,ga,1,1406.8370,3066.1763,1885.3552,288.3613,200,9009,0.9000,0.0500,10,10,0.0000,0
a-n60-k9.vrp,ga,1,1406.8370,2925.5750,1869.5344,287.0391,200,9010,0.9000,0.0500,10,10,0.0000,0
a-n60-k9.vrp,ga,1,1406.8370,2986.3608,1867.5497,294.3929,200,9011,0.9000,0.0500,10,10,0.0000,0
a-n60-k9.vrp,ga,1,1406.8370,2830.8784,1886.6903,305.7789,200,9012,0.9000,0.0500,10,10,0.0000,0
a-n60-k9.vrp,ga,1,1406.8370,2707.9138,1849.8586,282.5781,200,9013,0.9000,0.0500,10,10,0.0000,0
a-n60-k9.vrp,ga,1,1406.8370,2702.3213,1861.4006,272.9912,200,9014,0.9000,0.0500,10,10,0.0000,0
a-n60-k9.vrp,ga,1,1406.8370,2565.3687,1868.7156,268.1262,200,9015,0.9000,0.0500,10,10,0.0000,0
a-n60-k9.vrp,ga,1,1406.8370,2847.2607,1883.7438,296.4231,200,9016,0.9000,0.0500,10,10,0.0000,0
a-n60-k9.vrp,ga,1,1406.8370,2879.8064,1870.8922,303.4558,200,9017,0.9000,0.0500,10,10,0.0000,0
a-n60-k9.vrp,ga,1,1406.8370,2830.7991,1892.7561,325.9670,200,9018,0.9000,0.0500,10,10,0.0000,0
a-n60-k9.vrp,ga,1,1406.8370,2720.0737,1887.4731,301.9759,200,9019,0.9000,0.0500,10,10,0.0000,0
a-n60-k9.vrp,ga,1,1406.8370,2944.4619,1865.6375,298.1372,200,9020,0.9000,0.0500,10,10,0.0000,0
a-n60-k9.vrp,ga,1,1406.8370,2647.7708,1860.6477,293.7391,200,9021,0.9000,0.0500,10,10,0.0000,0
a-n60-k9.vrp,ga,1,1406.8370,2898.3228,1883.8429,272.0105,200,9022,0.9000,0.0500,10,10,0.0000,0
a-n60-k9.vrp,ga,1,1406.8370,2972.0652,1898.3744,300.4426,200,9023,0.9000,0.0500,10,10,0.0000,0
a-n60-k9.vrp,ga,1,1406.8370,3011.4343,1878.2356,315.2938,200,9024,0.9000,0.0500,10,10,0.0000,0
a-n60-k9.vrp,ga,1,1406.8370,2662.1677,1864.7776,271.2673,200,9025,0.9000,0.0500,10,10,0.0000,0
a-n60-k9.vrp,ga,1,1406.8370,2899.7207,1872.4546,298.8102,200,9026,0.9000,0.0500,10,10,0.0000,0
a-n60-k9.vrp,ga,1,1406.8370,2791.9680,1857.2922,288.4268,200,9027,0.9000,0.0500,10,10,0.0000,0
a-n60-k9.vrp,ga,1,1406.8370,2873.4346,1861.2667,285.1299,200,9028,0.9000,0.0500,10,10,0.0000,0
a-n60-k9.vrp,ga,1,1406.8370,2801.1560,1868.8018,280.6999,200,9029,0.9000,0.0500,10,10,0.0000,0
a-n60-k9.vrp,ga,1,1406.8370,2639.0498,1897.9463,277.2620,200,9030,0.9000,0.0500,10,10,0.0000,0
a-n60-k9.vrp,ga,1,1406.8370,2773.2407,1917.5839,305.1050,200,9031,0.9000,0.0500,10,10,0.0000,0
a-n60-k9.vrp,ga,1,1406.8370,2636.8770,1859.7260,268.8996,200,9032,0.9000,0.0500,10,10,0.0000,0
a-n60-k9.vrp,ga,1,1406.8370,2800.8748,1876.1300,279.6310,200,9033,0.9000,0.0500,10,10,0.0000,0
a-n60-k9.vrp,ga,1,1406.8370,2802.2573,1871.5542,286.7653,200,9034,0.9000,0.0500,10,10,0.0000,0
a-n60-k9.vrp,ga,1,1406.8370,2941.1880,1866.8019,302.3163,200,9035,0.9000,0.0500,10,10,0.0000,0
a-n60-k9.vrp,ga,1,1406.8370,2825.9187,1928.0869,296.0674,200,9036,0.9000,0.0500,10,10,0.0000,0
a-n60-k9.vrp,ga,1,1406.8370,2697.3586,1849.1050,279.2298,200,9037,0.9000,0.0500,10,10,0.0000,0
a-n60-k9.vrp,ga,1,1406.8370,2880.4695,1813.0237,285.6092,200,9038,0.9000,0.0500,10,10,0.0000,0
a-n60-k9.vrp,ga,1,1406.8370,2842.5034,1847.5227,289.2275,200,9039,0.9000,0.0500,10,10,0.0000,0
a-n60-k9.vrp,ga,1,1406.8370,2642.6826,1857.3840,270.8286,200,9040,0.9000,0.0500,10,10,0.0000,0
a-n60-k9.vrp,ga,1,1406.8370,2803.4458,1875.4689,265.2257,200,9041,0.9000,0.0500,10,10,0.0000,0
a-n60-k9.vrp,ga,1,1406.8370,2732.6138,1893.5853,288.9872,200,9042,0.9000,0.0500,10,10,0.0000,0
a-n60-k9.vrp,ga,1,1406.8370,2686.4202,1899.6453,281.5766,200,9043,0.9000,0.0500,10,10,0.0000,0
a-n60-k9.vrp,ga,1,1406.8370,2739.0632,1876.1866,277.3978,200,9044,0.9000,0.0500,10,10,0.0000,0
a-n60-k9.vrp,ga,1,1406.8370,2843.8604,1894.3254,310.2451,200,9045,0.9000,0.0500,10,10,0.0000,0
a-n60-k9.vrp,ga,1,1406.8370,2862.9053,1872.8286,279.1378,200,9046,0.9000,0.0500,10,10,0.0000,0
a-n60-k9.vrp,ga,1,1406.8370,2778.6536,1879.4468,279.4409,200,9047,0.9000,0.0500,10,10,0.0000,0
a-n60-k9.vrp,ga,1,1406.8370,2918.3611,1932.9807,316.5020,200,9048,0.9000,0.0500,10,10,0.0000,0
a-n60-k9.vrp,ga,1,1406.8370,2809.1067,1929.4132,325.7903,200,9049,0.9000,0.0500,10,10,0.0000,0
a-n60-k9.vrp,ga,1,1406.8370,2791.7610,1911.5621,302.2751,200,9050,0.9000,0.0500,10,10,0.0000,0
a-n60-k9.vrp,ga,1,1406.8370,2964.7354,1863.2428,322.2328,200,9051,0.9000,0.0500,10,10,0.0000,0
a-n60-k9.vrp,ga,1,1406.8370,2906.1062,1896.2418,315.0423,200,9052,0.9000,0.0500,10,10,0.0000,0
a-n60-k9.vrp,ga,1,1406.8370,2937.5405,1931.2205,306.0830,200,9053,0.9000,0.0500,10,10,0.0000,0
a-n60-k9.vrp,ga,1,1406.8370,2781.4175,1899.3732,320.3718,200,9054,0.9000,0.0500,10,10,0.0000,0
a-n60-k9.vrp,ga,1,1406.8370,2913.0195,1901.9045,315.0357,200,9055,0.9000,0.0500,10,10,0.0000,0
a-n60-k9.vrp,ga,1,1406.8370,2915.2605,1946.7650,354.4041,200,9056,0.9000,0.0500,10,10,0.0000,0
a-n60-k9.vrp,ga,1,1406.8370,2992.2603,1966.1425,319.2357,200,9057,0.9000,0.0500,10,10,0.0000,0
a-n60-k9.vrp,ga,1,1406.8370,2728.9663,1980.3035,304.5482,200,9058,0.9000,0.0500,10,10,0.0000,0
a-n60-k9.vrp,ga,1,1406.8370,2832.7244,2004.3359,322.9047,200,9059,0.9000,0.0500,10,10,0.0000,0
a-n60-k9.vrp,ga,1,1406.8370,3129.5210,1973.5261,339.2963,200,9060,0.9000,0.0500,10,10,0.0000,0
a-n60-k9.vrp,ga,1,1406.8370,2965.0674,1920.8633,297.7380,200,9061,0.9000,0.0500,10,10,0.0000,0
a-n60-k9.vrp,ga,1,1406.8370,2973.5203,1901.6853,342.7358,200,9062,0.9000,0.0500,10,10,0.0000,0
a-n60-k9.vrp,ga,1,1406.8370,2805.2278,1895.0055,276.9695,200,9063,0.9000,0.0500,10,10,0.0000,0
a-n60-k9.vrp,ga,1,1406.8370,2894.9353,1963.5916,313.6705,200,9064,0.9000,0.0500,10,10,0.0000,0
a-n60-k9.vrp,ga,1,1406.8370,3001.1360,1980.4712,361.4530,200,9065,0.9000,0.0500,10,10,0.0000,0
a-n60-k9.vrp,ga,1,1406.8370,2926.3467,1924.7201,330.9613,200,9066,0.9000,0.0500,10,10,0.0000,0
a-n60-k9.vrp,ga,1,1406.8370,2447.1680,1855.8855,254.5046,200,9067,0.9000,0.0500,10,10,0.0000,0
a-n60-k9.vrp,ga,1,1406.8370,2618.1467,1876.7083,271.9560,200,9068,0.9000,0.0500,10,10,0.0000,0
a-n60-k9.vrp,ga,1,1406.8370,2685.2490,1850.2582,257.5102,200,9069,0.9000,0.0500,10,10,0.0000,0
a-n60-k9.vrp,ga,1,1406.8370,2456.6003,1872.5605,255.5544,200,9070,0.9000,0.0500,10,10,0.0000,0
a-n60-k9.vrp,ga,1,1406.8370,2534.3801,1873.2941,279.3871,200,9071,0.9000,0.0500,10,10,0.0000,0
a-n60-k9.vrp,ga,1,1406.8370,2668.2832,1850.1281,258.5549,200,9072,0.9000,0.0500,10,10,0.0000,0
a-n60-k9.vrp,ga,1,1406.8370,2470.5891,1826.3862,256.1459,200,9073,0.9000,0.0500,10,10,0.0000,0
a-n60-k9.vrp,ga,1,1406.8370,2525.4175,1831.2306,269.7735,200,9074,0.9000,0.0500,10,10,0.0000,0
a-n60-k9.vrp,ga,1,1406.8370,2927.4648,1836.4557,287.2570,200,9075,0.9000,0.0500,10,10,0.0000,0
a-n60-k9.vrp,ga,1,1406.8370,2618.7053,1816.7593,284.8225,200,9076,0.9000,0.0500,10,10,0.0000,0
a-n60-k9.vrp,ga,1,1406.8370,2898.1782,1840.7245,259.4343,200,9077,0.9000,0.0500,10,10,0.0000,0
a-n60-k9.vrp,ga,1,1406.8370,2738.0073,1811.9781,282.2377,200,9078,0.9000,0.0500,10,10,0.0000,0
a-n60-k9.vrp,ga,1,1406.8370,2814.5168,1828.7406,275.5995,200,9079,0.9000,0.0500,10,10,0.0000,0
a-n60-k9.vrp,ga,1,1406.8370,2547.4368,1789.3287,244.1960,200,9080,0.9000,0.0500,10,10,0.0000,0
a-n60-k9.vrp,ga,1,1406.8370,2592.9709,1817.2299,257.2283,200,9081,0.9000,0.0500,10,10,0.0000,0
a-n60-k9.vrp,ga,1,1406.8370,2391.3501,1790.2999,235.4264,200,9082,0.9000,0.0500,10,10,0.0000,0
a-n60-k9.vrp,ga,1,1406.8370,2576.9333,1835.7104,245.0446,200,9083,0.9000,0.0500,10,10,0.0000,0
a-n60-k9.vrp,ga,1,1406.8370,2551.7148,1840.6232,247.0280,200,9084,0.9000,0.0500,10,10,0.0000,0
a-n60-k9.vrp,ga,1,1406.8370,2470.2542,1796.4098,244.6953,200,9085,0.9000,0.0500,10,10,0.0000,0
a-n60-k9.vrp,ga,1,1406.8370,2350.4678,1805.1256,244.7799,200,9086,0.9000,0.0500,10,10,0.0000,0
a-n60-k9.vrp,ga,1,1406.8370,2536.6135,1867.3625,262.0136,200,9087,0.9000,0.0500,10,10,0.0000,0
a-n60-k9.vrp,ga,1,1406.8370,2543.6367,1816.9192,254.4553,200,9088,0.9000,0.0500,10,10,0.0000,0
a-n60-k9.vrp,ga,1,1406.8370,2548.2634,1807.6027,264.5096,200,9089,0.9000,0.0500,10,10,0.0000,0
a-n60-k9.vrp,ga,1,1406.8370,2695.3772,1804.6425,268.0376,200,9090,0.9000,0.0500,10,10,0.0000,0
a-n60-k9.vrp,ga,1,1406.8370,2533.7852,1827.3490,265.0850,200,9091,0.9000,0.0500,10,10,0.0000,0
a-n60-k9.vrp,ga,1,1406.8370,2610.1238,1842.2563,273.5607,200,9092,0.9000,0.0500,10,10,0.0000,0
a-n60-k9.vrp,ga,1,1406.8370,2450.7493,1825.1193,224.0430,200,9093,0.9000,0.0500,10,10,0.0000,0
a-n60-k9.vrp,ga,1,1406.8370,2516.7292,1827.6813,247.9535,200,9094,0.9000,0.0500,10,10,0.0000,0
a-n60-k9.vrp,ga,1,1406.8370,2575.7288,1840.0270,260.0921,200,9095,0.9000,0.0500,10,10,0.0000,0
a-n60-k9.vrp,ga,1,1406.8370,2401.6218,1840.2952,246.9890,200,9096,0.9000,0.0500,10,10,0.0000,0
a-n60-k9.vrp,ga,1,1406.8370,2499.8330,1838.5756,260.7153,200,9097,0.9000,0.0500,10,10,0.0000,0
a-n60-k9.vrp,ga,1,1406.8370,2471.4583,1828.3295,246.2718,200,9098,0.9000,0.0500,10,10,0.0000,0
a-n60-k9.vrp,ga,1,1406.8370,2356.8813,1827.3450,254.4760,200,9099,0.9000,0.0500,10,10,0.0000,0
a-n60-k9.vrp,ga,1,1406.8370,2516.6765,1860.6034,261.1156,200,9100,0.9000,0.0500,10,10,0.0000,0
a-n60-k9.vrp,ga,1,1406.8370,2359.3970,1850.1515,244.1451,200,9101,0.9000,0.0500,10,10,0.0000,0
a-n60-k9.vrp,ga,1,1406.8370,2437.3350,1853.9948,249.1542,200,9102,0.9000,0.0500,10,10,0.0000,0
a-n60-k9.vrp,ga,1,1406.8370,2385.8777,1813.4982,243.2464,200,9103,0.9000,0.0500,10,10,0.0000,0
a-n60-k9.vrp,ga,1,1406.8370,2440.8447,1826.0789,244.4789,200,9104,0.9000,0.0500,10,10,0.0000,0
a-n60-k9.vrp,ga,1,1406.8370,2717.3674,1864.2988,268.7443,200,9105,0.9000,0.0500,10,10,0.0000,0
a-n60-k9.vrp,ga,1,1406.8370,2426.8911,1869.1169,246.2429,200,9106,0.9000,0.0500,10,10,0.0000,0
a-n60-k9.vrp,ga,1,1406.8370,2595.3149,1855.9043,261.8473,200,9107,0.9000,0.0500,10,10,0.0000,0
a-n60-k9.vrp,ga,1,1406.8370,2696.7791,1837.0437,283.1028,200,9108,0.9000,0.0500,10,10,0.0000,0
a-n60-k9.vrp,ga,1,1406.8370,2479.2319,1854.6509,263.7020,200,9109,0.9000,0.0500,10,10,0.0000,0
a-n60-k9.vrp,ga,1,1406.8370,2648.9766,1859.5896,273.0736,200,9110,0.9000,0.0500,10,10,0.0000,0
a-n60-k9.vrp,ga,1,1406.8370,2411.2031,1814.6177,251.0304,200,9111,0.9000,0.0500,10,10,0.0000,0
a-n60-k9.vrp,ga,1,1406.8370,2433.8689,1857.3823,260.2302,200,9112,0.9000,0.0500,10,10,0.0000,0
a-n60-k9.vrp,ga,1,1406.8370,2645.8972,1842.6801,270.4066,200,9113,0.9000,0.0500,10,10,0.0000,0
a-n60-k9.vrp,ga,1,1406.8370,2421.9690,1814.4607,237.1038,200,9114,0.9000,0.0500,10,10,0.0000,0
a-n60-k9.vrp,ga,1,1406.8370,2464.2090,1822.3472,238.4344,200,9115,0.9000,0.0500,10,10,0.0000,0
a-n60-k9.vrp,ga,1,1406.8370,2579.8269,1842.7368,261.6362,200,9116,0.9000,0.0500,10,10,0.0000,0
a-n60-k9.vrp,ga,1,1406.8370,2635.7378,1846.7363,244.3662,200,9117,0.9000,0.0500,10,10,0.0000,0
a-n60-k9.vrp,ga,1,1406.8370,2662.3938,1885.3473,267.6975,200,9118,0.9000,0.0500,10,10,0.0000,0
a-n60-k9.vrp,ga,1,1406.8370,2530.5747,1859.1199,258.0876,200,9119,0.9000,0.0500,10,10,0.0000,0
a-n60-k9.vrp,ga,1,1406.8370,2592.2886,1850.1274,255.2527,200,9120,0.9000,0.0500,10,10,0.0000,0
a-n60-k9.vrp,ga,1,1406.8370,2633.2976,1873.3690,279.3942,200,9121,0.9000,0.0500,10,10,0.0000,0
a-n60-k9.vrp,ga,1,1406.8370,2559.5166,1830.6044,254.7112,200,9122,0.9000,0.0500,10,10,0.0000,0
a-n60-k9.vrp,ga,1,1406.8370,2436.0989,1849.7761,250.5113,200,9123,0.9000,0.0500,10,10,0.0000,0
a-n60-k9.vrp,ga,1,1406.8370,2613.8792,1843.0482,257.8400,200,9124,0.9000,0.0500,10,10,0.0000,0
a-n60-k9.vrp,ga,1,1406.8370,2831.7471,1869.8431,273.2508,200,9125,0.9000,0.0500,10,10,0.0000,0
a-n60-k9.vrp,ga,1,1406.8370,2737.3684,1831.7294,281.7231,200,9126,0.9000,0.0500,10,10,0.0000,0
a-n60-k9.vrp,ga,1,1406.8370,2503.2620,1851.0894,254.7832,200,9127,0.9000,0.0500,10,10,0.0000,0
a-n60-k9.vrp,ga,1,1406.8370,2794.8467,1847.2463,285.9709,200,9128,0.9000,0.0500,10,10,0.0000,0
a-n60-k9.vrp,ga,1,1406.8370,2755.2903,1849.1213,268.4564,200,9129,0.9000,0.0500,10,10,0.0000,0
a-n60-k9.vrp,ga,1,1406.8370,2601.5356,1838.3713,250.3246,200,9130,0.9000,0.0500,10,10,0.0000,0
a-n60-k9.vrp,ga,1,1406.8370,2619.1443,1845.4805,239.3203,200,9131,0.9000,0.0500,10,10,0.0000,0
a-n60-k9.vrp,ga,1,1406.8370,2534.8127,1817.1180,241.6961,200,9132,0.9000,0.0500,10,10,0.0000,0
a-n60-k9.vrp,ga,1,1406.8370,2642.4678,1859.3547,261.9298,200,9133,0.9000,0.0500,10,10,0.0000,0
a-n60-k9.vrp,ga,1,1406.8370,2584.0632,1845.0758,263.6756,200,9134,0.9000,0.0500,10,10,0.0000,0
a-n60-k9.vrp,ga,1,1406.8370,2833.5110,1833.8668,283.4040,200,9135,0.9000,0.0500,10,10,0.0000,0
a-n60-k9.vrp,ga,1,1406.8370,2654.5266,1813.1199,245.2122,200,9136,0.9000,0.0500,10,10,0.0000,0
a-n60-k9.vrp,ga,1,1406.8370,2908.7849,1846.0902,280.2305,200,9137,0.9000,0.0500,10,10,0.0000,0
a-n60-k9.vrp,ga,1,1406.8370,2880.9839,1851.4152,284.5869,200,9138,0.9000,0.0500,10,10,0.0000,0
a-n60-k9.vrp,ga,1,1406.8370,2743.9712,1853.0044,273.6839,200,9139,0.9000,0.0500,10,10,0.0000,0
a-n60-k9.vrp,ga,1,1406.8370,2643.3628,1802.5430,253.7926,200,9140,0.9000,0.0500,10,10,0.0000,0
a-n60-k9.vrp,ga,1,1406.8370,2908.7341,1822.2312,265.2229,200,9141,0.9000,0.0500,10,10,0.0000,0
a-n60-k9.vrp,ga,1,1406.8370,2877.4612,1841.2733,264.1618,200,9142,0.9000,0.0500,10,10,0.0000,0
a-n60-k9.vrp,ga,1,1406.8370,2875.7622,1851.7319,269.1826,200,9143,0.9000,0.0500,10,10,0.0000,0
a-n60-k9.vrp,ga,1,1406.8370,2738.2798,1847.4879,272.5094,200,9144,0.9000,0.0500,10,10,0.0000,0
a-n60-k9.vrp,ga,1,1406.8370,2689.4631,1845.4349,269.8654,200,9145,0.9000,0.0500,10,10,0.0000,0
a-n60-k9.vrp,ga,1,1406.8370,2609.8965,1888.0640,275.6494,200,9146,0.9000,0.0500,10,10,0.0000,0
a-n60-k9.vrp,ga,1,1406.8370,2806.6453,1867.6061,276.5391,200,9147,0.9000,0.0500,10,10,0.0000,0
a-n60-k9.vrp,ga,1,1406.8370,2728.2383,1826.3301,245.3700,200,9148,0.9000,0.0500,10,10,0.0000,0
a-n60-k9.vrp,ga,1,1406.8370,2581.6868,1825.3440,257.3134,200,9149,0.9000,0.0500,10,10,0.0000,0
a-n60-k9.vrp,ga,1,1406.8370,2669.4250,1842.7817,279.1911,200,9150,0.9000,0.0500,10,10,0.0000,0
a-n60-k9.vrp,ga,1,1406.8370,2844.9751,1898.7839,290.2839,200,9151,0.9000,0.0500,10,10,0.0000,0
a-n60-k9.vrp,ga,1,1406.8370,2648.2129,1886.4077,270.8651,200,9152,0.9000,0.0500,10,10,0.0000,0
a-n60-k9.vrp,ga,1,1406.8370,2746.8420,1864.7289,284.6671,200,9153,0.9000,0.0500,10,10,0.0000,0
a-n60-k9.vrp,ga,1,1406.8370,2768.0422,1852.9241,289.8560,200,9154,0.9000,0.0500,10,10,0.0000,0
a-n60-k9.vrp,ga,1,1406.8370,2412.6455,1806.3673,265.6434,200,9155,0.9000,0.0500,10,10,0.0000,0
a-n60-k9.vrp,ga,1,1406.8370,2398.0437,1837.4635,231.5776,200,9156,0.9000,0.0500,10,10,0.0000,0
a-n60-k9.vrp,ga,1,1406.8370,2372.1877,1817.7024,249.1488,200,9157,0.9000,0.0500,10,10,0.0000,0
a-n60-k9.vrp,ga,1,1406.8370,2331.5457,1821.7333,235.5003,200,9158,0.9000,0.0500,10,10,0.0000,0
a-n60-k9.vrp,ga,1,1406.8370,2432.0256,1848.6830,239.9312,200,9159,0.9000,0.0500,10,10,0.0000,0
a-n60-k9.vrp,ga,1,1406.8370,2815.2102,1858.7639,248.9212,200,9160,0.9000,0.0500,10,10,0.0000,0
a-n60-k9.vrp,ga,1,1406.8370,2502.7200,1852.1184,239.7282,200,9161,0.9000,0.0500,10,10,0.0000,0
a-n60-k9.vrp,ga,1,1406.8370,2481.0044,1860.7224,254.2330,200,9162,0.9000,0.0500,10,10,0.0000,0
a-n60-k9.vrp,ga,1,1406.8370,2760.2351,1840.5160,269.1918,200,9163,0.9000,0.0500,10,10,0.0000,0
a-n60-k9.vrp,ga,1,1406.8370,2557.5591,1831.3639,273.2274,200,9164,0.9000,0.0500,10,10,0.0000,0
a-n60-k9.vrp,ga,1,1406.8370,2455.0588,1838.1483,263.7172,200,9165,0.9000,0.0500,10,10,0.0000,0
a-n60-k9.vrp,ga,1,1406.8370,2411.0300,1846.4930,236.7570,200,9166,0.9000,0.0500,10,10,0.0000,0
a-n60-k9.vrp,ga,1,1406.8370,2545.5054,1857.4928,262.5383,200,9167,0.9000,0.0500,10,10,0.0000,0
a-n60-k9.vrp,ga,1,1406.8370,2714.9131,1842.1304,271.2525,200,9168,0.9000,0.0500,10,10,0.0000,0
a-n60-k9.vrp,ga,1,1406.8370,2455.7012,1830.5731,237.7814,200,9169,0.9000,0.0500,10,10,0.0000,0
a-n60-k9.vrp,ga,1,1406.8370,2651.5413,1863.2368,264.7291,200,9170,0.9000,0.0500,10,10,0.0000,0
a-n60-k9.vrp,ga,1,1406.8370,2806.9810,1884.6508,289.1227,200,9171,0.9000,0.0500,10,10,0.0000,0
a-n60-k9.vrp,ga,1,1406.8370,2543.3472,1871.9884,268.5975,200,9172,0.9000,0.0500,10,10,0.0000,0
a-n60-k9.vrp,ga,1,1406.8370,2713.6245,1850.3735,267.9519,200,9173,0.9000,0.0500,10,10,0.0000,0
a-n60-k9.vrp,ga,1,1406.8370,2395.4902,1880.4503,267.9603,200,9174,0.9000,0.0500,10,10,0.0000,0
a-n60-k9.vrp,ga,1,1406.8370,2511.5002,1851.3301,271.5531,200,9175,0.9000,0.0500,10,10,0.0000,0
a-n60-k9.vrp,ga,1,1406.8370,2407.1331,1832.8213,246.1457,200,9176,0.9000,0.0500,10,10,0.0000,0
a-n60-k9.vrp,ga,1,1406.8370,2529.0957,1840.6154,249.7880,200,9177,0.9000,0.0500,10,10,0.0000,0
a-n60-k9.vrp,ga,1,1406.8370,2463.1582,1808.6116,260.8207,200,9178,0.9000,0.0500,10,10,0.0000,0
a-n60-k9.vrp,ga,1,1406.8370,2515.9297,1850.6163,253.6856,200,9179,0.9000,0.0500,10,10,0.0000,0
a-n60-k9.vrp,ga,1,1406.8370,2494.4067,1820.4170,253.3356,200,9180,0.9000,0.0500,10,10,0.0000,0
a-n60-k9.vrp,ga,1,1406.8370,2552.8108,1856.2410,280.3725,200,9181,0.9000,0.0500,10,10,0.0000,0
a-n60-k9.vrp,ga,1,1406.8370,2689.2754,1875.1199,262.3730,200,9182,0.9000,0.0500,10,10,0.0000,0
a-n60-k9.vrp,ga,1,1406.8370,2680.8252,1837.9551,283.8864,200,9183,0.9000,0.0500,10,10,0.0000,0
a-n60-k9.vrp,ga,1,1406.8370,2500.6946,1804.2356,266.9710,200,9184,0.9000,0.0500,10,10,0.0000,0
a-n60-k9.vrp,ga,1,1406.8370,2705.5256,1827.3054,272.4741,200,9185,0.9000,0.0500,10,10,0.0000,0
a-n60-k9.vrp,ga,1,1406.8370,2665.5088,1837.3999,268.3588,200,9186,0.9000,0.0500,10,10,0.0000,0
a-n60-k9.vrp,ga,1,1406.8370,2527.1755,1845.5013,268.1303,200,9187,0.9000,0.0500,10,10,0.0000,0
a-n60-k9.vrp,ga,1,1406.8370,2835.9094,1866.2252,296.4644,200,9188,0.9000,0.0500,10,10,0.0000,0
a-n60-k9.vrp,ga,1,1406.8370,2619.9084,1849.7455,268.3921,200,9189,0.9000,0.0500,10,10,0.0000,0
a-n60-k9.vrp,ga,1,1406.8370,2642.6025,1850.9349,251.9027,200,9190,0.9000,0.0500,10,10,0.0000,0
a-n60-k9.vrp,ga,1,1406.8370,2663.2898,1866.8198,252.1329,200,9191,0.9000,0.0500,10,10,0.0000,0
a-n60-k9.vrp,ga,1,1406.8370,2619.9966,1849.2482,286.8315,200,9192,0.9000,0.0500,10,10,0.0000,0
a-n60-k9.vrp,ga,1,1406.8370,2628.1853,1868.7837,254.5289,200,9193,0.9000,0.0500,10,10,0.0000,0
a-n60-k9.vrp,ga,1,1406.8370,2585.0872,1887.4214,295.7783,200,9194,0.9000,0.0500,10,10,0.0000,0
a-n60-k9.vrp,ga,1,1406.8370,2437.0010,1834.4274,278.9653,200,9195,0.9000,0.0500,10,10,0.0000,0
a-n60-k9.vrp,ga,1,1406.8370,2412.2903,1856.7198,250.1700,200,9196,0.9000,0.0500,10,10,0.0000,0
a-n60-k9.vrp,ga,1,1406.8370,2602.6619,1881.7932,267.3175,200,9197,0.9000,0.0500,10,10,0.0000,0
a-n60-k9.vrp,ga,1,1406.8370,2545.2429,1850.1809,294.5577,200,9198,0.9000,0.0500,10,10,0.0000,0
a-n60-k9.vrp,ga,1,1406.8370,2809.1399,1874.2012,285.3962,200,9199,0.9000,0.0500,10,10,0.0000,0
a-n60-k9.vrp,ga,1,1406.8370,2700.9558,1862.2953,290.4048,200,9200,0.9000,0.0500,10,10,0.0000,0
a-n60-k9.vrp,ga,1,1406.8370,2448.3376,1856.4332,254.0143,200,9201,0.9000,0.0500,10,10,0.0000,0
a-n60-k9.vrp,ga,1,1406.8370,2712.8340,1846.2382,275.8169,200,9202,0.9000,0.0500,10,10,0.0000,0
a-n60-k9.vrp,ga,1,1406.8370,2511.7231,1853.3959,297.6106,200,9203,0.9000,0.0500,10,10,0.0000,0
a-n60-k9.vrp,ga,1,1406.8370,2704.6575,1877.5811,295.2793,200,9204,0.9000,0.0500,10,10,0.0000,0
a-n60-k9.vrp,ga,1,1406.8370,2432.4216,1828.8351,264.6104,200,9205,0.9000,0.0500,10,10,0.0000,0
a-n60-k9.vrp,ga,1,1406.8370,2576.0498,1813.9167,269.1877,200,9206,0.9000,0.0500,10,10,0.0000,0
a-n60-k9.vrp,ga,1,1406.8370,2627.7559,1837.6482,271.7495,200,9207,0.9000,0.0500,10,10,0.0000,0
a-n60-k9.vrp,ga,1,1406.8370,2760.3562,1827.9026,266.3544,200,9208,0.9000,0.0500,10,10,0.0000,0
a-n60-k9.vrp,ga,1,1406.8370,2475.2800,1820.0942,271.4964,200,9209,0.9000,0.0500,10,10,0.0000,0
a-n60-k9.vrp,ga,1,1406.8370,2501.8777,1842.8896,274.7697,200,9210,0.9000,0.0500,10,10,0.0000,0
a-n60-k9.vrp,ga,1,1406.8370,2600.4443,1823.6910,279.4731,200,9211,0.9000,0.0500,10,10,0.0000,0
a-n60-k9.vrp,ga,1,1406.8370,2645.9858,1892.5194,269.3756,200,9212,0.9000,0.0500,10,10,0.0000,0
a-n60-k9.vrp,ga,1,1406.8370,2709.9434,1852.3304,285.4408,200,9213,0.9000,0.0500,10,10,0.0000,0
a-n60-k9.vrp,ga,1,1406.8370,2429.1826,1860.7056,243.7634,200,9214,0.9000,0.0500,10,10,0.0000,0
a-n60-k9.vrp,ga,1,1406.8370,2578.8713,1868.9457,285.6514,200,9215,0.9000,0.0500,10,10,0.0000,0
a-n60-k9.vrp,ga,1,1406.8370,2643.5928,1861.4417,271.8758,200,9216,0.9000,0.0500,10,10,0.0000,0
a-n60-k9.vrp,ga,1,1406.8370,2490.7471,1845.2357,248.2523,200,9217,0.9000,0.0500,10,10,0.0000,0
a-n60-k9.vrp,ga,1,1406.8370,2804.3567,1852.2445,264.6238,200,9218,0.9000,0.0500,10,10,0.0000,0
a-n60-k9.vrp,ga,1,1406.8370,2614.6892,1879.4592,261.9887,200,9219,0.9000,0.0500,10,10,0.0000,0
a-n60-k9.vrp,ga,1,1406.8370,2663.7441,1882.4961,295.9557,200,9220,0.9000,0.0500,10,10,0.0000,0
a-n60-k9.vrp,ga,1,1406.8370,2608.6597,1876.4231,290.0354,200,9221,0.9000,0.0500,10,10,0.0000,0
a-n60-k9.vrp,ga,1,1406.8370,2603.9268,1829.0320,256.2878,200,9222,0.9000,0.0500,10,10,0.0000,0
a-n60-k9.vrp,ga,1,1406.8370,2506.3850,1851.5153,278.0934,200,9223,0.9000,0.0500,10,10,0.0000,0
a-n60-k9.vrp,ga,1,1406.8370,2658.2053,1901.5800,289.5418,200,9224,0.9000,0.0500,10,10,0.0000,0
a-n60-k9.vrp,ga,1,1406.8370,2711.8892,1916.1134,300.4967,200,9225,0.9000,0.0500,10,10,0.0000,0
a-n60-k9.vrp,ga,1,1406.8370,2574.1152,1894.7261,277.0174,200,9226,0.9000,0.0500,10,10,0.0000,0
a-n60-k9.vrp,ga,1,1406.8370,2646.0439,1837.9313,288.3721,200,9227,0.9000,0.0500,10,10,0.0000,0
a-n60-k9.vrp,ga,1,1406.8370,2498.9221,1875.4110,269.3600,200,9228,0.9000,0.0500,10,10,0.0000,0
a-n60-k9.vrp,ga,1,1406.8370,2556.7896,1871.1553,290.7561,200,9229,0.9000,0.0500,10,10,0.0000,0
a-n60-k9.vrp,ga,1,1406.8370,2656.8364,1839.2068,278.9146,200,9230,0.9000,0.0500,10,10,0.0000,0
a-n60-k9.vrp,ga,1,1406.8370,2683.8203,1847.8676,287.2639,200,9231,0.9000,0.0500,10,10,0.0000,0
a-n60-k9.vrp,ga,1,1406.8370,2619.9387,1859.6271,282.7817,200,9232,0.9000,0.0500,10,10,0.0000,0
a-n60-k9.vrp,ga,1,1406.8370,2661.5112,1921.3975,282.1269,200,9233,0.9000,0.0500,10,10,0.0000,0
a-n60-k9.vrp,ga,1,1406.8370,2669.9304,1904.0717,297.6495,200,9234,0.9000,0.0500,10,10,0.0000,0
a-n60-k9.vrp,ga,1,1406.8370,2733.6770,1905.7592,296.8798,200,9235,0.9000,0.0500,10,10,0.0000,0
a-n60-k9.vrp,ga,1,1406.8370,2737.8149,1884.0386,277.1603,200,9236,0.9000,0.0500,10,10,0.0000,0
a-n60-k9.vrp,ga,1,1406.8370,2767.4631,1876.3510,295.0571,200,9237,0.9000,0.0500,10,10,0.0000,0
a-n60-k9.vrp,ga,1,1406.8370,2476.0127,1865.5475,283.4550,200,9238,0.9000,0.0500,10,10,0.0000,0
a-n60-k9.vrp,ga,1,1406.8370,2919.0964,1896.9081,304.0070,200,9239,0.9000,0.0500,10,10,0.0000,0
a-n60-k9.vrp,ga,1,1406.8370,2645.4392,1893.9564,274.5051,200,9240,0.9000,0.0500,10,10,0.0000,0
a-n60-k9.vrp,ga,1,1406.8370,2521.0132,1903.0248,279.8148,200,9241,0.9000,0.0500,10,10,0.0000,0
a-n60-k9.vrp,ga,1,1406.8370,2798.6335,1888.0227,296.0386,200,9242,0.9000,0.0500,10,10,0.0000,0
a-n60-k9.vrp,ga,1,1406.8370,2533.2683,1915.5087,289.9902,200,9243,0.9000,0.0500,10,10,0.0000,0
a-n60-k9.vrp,ga,1,1406.8370,2659.5161,1891.6973,297.0354,200,9244,0.9000,0.0500,10,10,0.0000,0
a-n60-k9.vrp,ga,1,1406.8370,2493.5618,1859.1284,249.2393,200,9245,0.9000,0.0500,10,10,0.0000,0
a-n60-k9.vrp,ga,1,1406.8370,2613.1711,1883.9327,291.8168,200,9246,0.9000,0.0500,10,10,0.0000,0
a-n60-k9.vrp,ga,1,1406.8370,2570.6929,1853.0677,279.2903,200,9247,0.9000,0.0500,10,10,0.0000,0
a-n60-k9.vrp,ga,1,1406.8370,2709.2178,1860.2128,275.1944,200,9248,0.9000,0.0500,10,10,0.0000,0
a-n60-k9.vrp,ga,1,1406.8370,2754.9329,1878.1003,262.9358,200,9249,0.9000,0.0500,10,10,0.0000,0
a-n60-k9.vrp,ga,1,1406.8370,2485.1963,1876.2168,277.7859,200,9250,0.9000,0.0500,10,10,0.0000,0
a-n60-k9.vrp,ga,1,1406.8370,2452.7463,1845.7794,273.9083,200,9251,0.9000,0.0500,10,10,0.0000,0
a-n60-k9.vrp,ga,1,1406.8370,2582.5935,1841.5013,242.1024,200,9252,0.9000,0.0500,10,10,0.0000,0
a-n60-k9.vrp,ga,1,1406.8370,2496.6687,1841.4816,262.6993,200,9253,0.9000,0.0500,10,10,0.0000,0
a-n60-k9.vrp,ga,1,1406.8370,2469.0076,1794.8821,254.7038,200,9254,0.9000,0.0500,10,10,0.0000,0
a-n60-k9.vrp,ga,1,1406.8370,2293.9268,1811.1946,221.3533,200,9255,0.9000,0.0500,10,10,0.0000,0
a-n60-k9.vrp,ga,1,1406.8370,2471.8726,1833.9183,256.8295,200,9256,0.9000,0.0500,10,10,0.0000,0
a-n60-k9.vrp,ga,1,1406.8370,2525.6592,1835.9882,243.7987,200,9257,0.9000,0.0500,10,10,0.0000,0
a-n60-k9.vrp,ga,1,1406.8370,2576.9688,1871.0024,271.4200,200,9258,0.9000,0.0500,10,10,0.0000,0
a-n60-k9.vrp,ga,1,1406.8370,2524.8315,1836.2295,269.7201,200,9259,0.9000,0.0500,10,10,0.0000,0
a-n60-k9.vrp,ga,1,1406.8370,2368.7244,1835.3436,236.1945,200,9260,0.9000,0.0500,10,10,0.0000,0
a-n60-k9.vrp,ga,1,1406.8370,2455.8843,1905.4297,256.7573,200,9261,0.9000,0.0500,10,10,0.0000,0
a-n60-k9.vrp,ga,1,1406.8370,2508.0967,1925.2432,275.7339,200,9262,0.9000,0.0500,10,10,0.0000,0
a-n60-k9.vrp,ga,1,1406.8370,2639.9609,1924.3578,269.0929,200,9263,0.9000,0.0500,10,10,0.0000,0
a-n60-k9.vrp,ga,1,1406.8370,2552.2617,1916.8818,282.6061,200,9264,0.9000,0.0500,10,10,0.0000,0
a-n60-k9.vrp,ga,1,1406.8370,2530.6113,1877.4873,277.4065,200,9265,0.9000,0.0500,10,10,0.0000,0
a-n60-k9.vrp,ga,1,1406.8370,2594.0327,1856.9662,283.6338,200,9266,0.9000,0.0500,10,10,0.0000,0
a-n60-k9.vrp,ga,1,1406.8370,2432.6934,1847.6212,250.1009,200,9267,0.9000,0.0500,10,10,0.0000,0
a-n60-k9.vrp,ga,1,1406.8370,2372.1877,1829.7345,260.4537,200,9268,0.9000,0.0500,10,10,0.0000,0
a-n60-k9.vrp,ga,1,1406.8370,2563.4607,1817.4551,268.2346,200,9269,0.9000,0.0500,10,10,0.0000,0
a-n60-k9.vrp,ga,1,1406.8370,2367.5308,1824.9799,236.3422,200,9270,0.9000,0.0500,10,10,0.0000,0
a-n60-k9.vrp,ga,1,1406.8370,2486.4927,1860.8508,267.6667,200,9271,0.9000,0.0500,10,10,0.0000,0
a-n60-k9.vrp,ga,1,1406.8370,2609.4365,1865.0278,271.5445,200,9272,0.9000,0.0500,10,10,0.0000,0
a-n60-k9.vrp,ga,1,1406.8370,2436.7075,1831.5735,262.3843,200,9273,0.9000,0.0500,10,10,0.0000,0
a-n60-k9.vrp,ga,1,1406.8370,2361.3862,1857.4600,252.2163,200,9274,0.9000,0.0500,10,10,0.0000,0
a-n60-k9.vrp,ga,1,1406.8370,2498.4529,1839.7994,246.1635,200,9275,0.9000,0.0500,10,10,0.0000,0
a-n60-k9.vrp,ga,1,1406.8370,2488.3318,1849.4659,256.6746,200,9276,0.9000,0.0500,10,10,0.0000,0
a-n60-k9.vrp,ga,1,1406.8370,2410.4714,1832.0795,244.6688,200,9277,0.9000,0.0500,10,10,0.0000,0
a-n60-k9.vrp,ga,1,1406.8370,2397.1658,1807.8489,253.2544,200,9278,0.9000,0.0500,10,10,0.0000,0
a-n60-k9.vrp,ga,1,1406.8370,2454.4089,1831.5452,248.2282,200,9279,0.9000,0.0500,10,10,0.0000,0
a-n60-k9.vrp,ga,1,1406.8370,2405.8064,1818.8232,254.7051,200,9280,0.9000,0.0500,10,10,0.0000,0
a-n60-k9.vrp,ga,1,1406.8370,2418.4768,1858.5380,251.7122,200,9281,0.9000,0.0500,10,10,0.0000,0
a-n60-k9.vrp,ga,1,1406.8370,2481.1145,1833.4896,262.6302,200,9282,0.9000,0.0500,10,10,0.0000,0
a-n60-k9.vrp,ga,1,1406.8370,2633.8279,1841.4723,259.6798,200,9283,0.9000,0.0500,10,10,0.0000,0
a-n60-k9.vrp,ga,1,1406.8370,2379.3323,1834.8544,254.5104,200,9284,0.9000,0.0500,10,10,0.0000,0
a-n60-k9.vrp,ga,1,1406.8370,2363.4509,1823.6143,255.3052,200,9285,0.9000,0.0500,10,10,0.0000,0
a-n60-k9.vrp,ga,1,1406.8370,2342.9236,1820.8634,245.9159,200,9286,0.9000,0.0500,10,10,0.0000,0
a-n60-k9.vrp,ga,1,1406.8370,2416.0457,1872.5867,235.1094,200,9287,0.9000,0.0500,10,10,0.0000,0
a-n60-k9.vrp,ga,1,1406.8370,2546.2849,1862.0143,257.9930,200,9288,0.9000,0.0500,10,10,0.0000,0
a-n60-k9.vrp,ga,1,1406.8370,2533.8796,1854.9388,239.7210,200,9289,0.9000,0.0500,10,10,0.0000,0
a-n60-k9.vrp,ga,1,1406.8370,2395.5151,1853.6949,269.6683,200,9290,0.9000,0.0500,10,10,0.0000,0
a-n60-k9.vrp,ga,1,1406.8370,2526.0662,1861.0046,267.0519,200,9291,0.9000,0.0500,10,10,0.0000,0
a-n60-k9.vrp,ga,1,1406.8370,2384.1204,1839.3433,249.8155,200,9292,0.9000,0.0500,10,10,0.0000,0
a-n60-k9.vrp,ga,1,1406.8370,2458.4617,1838.1527,259.7522,200,9293,0.9000,0.0500,10,10,0.0000,0
a-n60-k9.vrp,ga,1,1406.8370,2400.7183,1852.0828,261.6363,200,9294,0.9000,0.0500,10,10,0.0000,0
a-n60-k9.vrp,ga,1,1406.8370,2375.9783,1863.4241,235.2219,200,9295,0.9000,0.0500,10,10,0.0000,0
a-n60-k9.vrp,ga,1,1406.8370,2602.4907,1874.1211,252.5695,200,9296,0.9000,0.0500,10,10,0.0000,0
a-n60-k9.vrp,ga,1,1406.8370,2477.5720,1853.6028,240.6006,200,9297,0.9000,0.0500,10,10,0.0000,0
a-n60-k9.vrp,ga,1,1406.8370,2718.3459,1861.4314,259.2786,200,9298,0.9000,0.0500,10,10,0.0000,0
a-n60-k9.vrp,ga,1,1406.8370,2480.8582,1849.5204,261.4501,200,9299,0.9000,0.0500,10,10,0.0000,0
a-n60-k9.vrp,ga,1,1406.8370,2531.4258,1880.1749,256.7368,200,9300,0.9000,0.0500,10,10,0.0000,0
a-n60-k9.vrp,ga,1,1406.8370,2526.1191,1854.1656,270.9086,200,9301,0.9000,0.0500,10,10,0.0000,0
a-n60-k9.vrp,ga,1,1406.8370,2483.8740,1858.6011,248.3557,200,9302,0.9000,0.0500,10,10,0.0000,0
a-n60-k9.vrp,ga,1,1406.8370,2450.0454,1836.1716,249.3306,200,9303,0.9000,0.0500,10,10,0.0000,0
a-n60-k9.vrp,ga,1,1406.8370,2374.5139,1820.9598,249.6172,200,9304,0.9000,0.0500,10,10,0.0000,0
a-n60-k9.vrp,ga,1,1406.8370,2419.6118,1832.8813,262.9467,200,9305,0.9000,0.0500,10,10,0.0000,0
a-n60-k9.vrp,ga,1,1406.8370,2450.3044,1791.6837,257.7570,200,9306,0.9000,0.0500,10,10,0.0000,0
a-n60-k9.vrp,ga,1,1406.8370,2491.0593,1823.9991,279.8235,200,9307,0.9000,0.0500,10,10,0.0000,0
a-n60-k9.vrp,ga,1,1406.8370,2505.2456,1821.8959,254.1100,200,9308,0.9000,0.0500,10,10,0.0000,0
a-n60-k9.vrp,ga,1,1406.8370,2365.0361,1854.0089,240.4382,200,9309,0.9000,0.0500,10,10,0.0000,0
a-n60-k9.vrp,ga,1,1406.8370,2415.6812,1845.0378,244.8816,200,9310,0.9000,0.0500,10,10,0.0000,0
a-n60-k9.vrp,ga,1,1406.8370,2493.4219,1829.2981,281.4524,200,9311,0.9000,0.0500,10,10,0.0000,0
a-n60-k9.vrp,ga,1,1406.8370,2435.3533,1787.4470,267.6181,200,9312,0.9000,0.0500,10,10,0.0000,0
a-n60-k9.vrp,ga,1,1406.8370,2339.5605,1813.4562,247.4774,200,9313,0.9000,0.0500,10,10,0.0000,0
a-n60-k9.vrp,ga,1,1406.8370,2477.7207,1811.5400,257.7971,200,9314,0.9000,0.0500,10,10,0.0000,0
a-n60-k9.vrp,ga,1,1406.8370,2354.2888,1826.9788,246.9658,200,9315,0.9000,0.0500,10,10,0.0000,0
a-n60-k9.vrp,ga,1,1406.8370,2477.3557,1821.2478,247.6247,200,9316,0.9000,0.0500,10,10,0.0000,0
a-n60-k9.vrp,ga,1,1406.8370,2369.3794,1840.8513,263.7933,200,9317,0.9000,0.0500,10,10,0.0000,0
a-n60-k9.vrp,ga,1,1406.8370,2520.5034,1841.0410,238.5504,200,9318,0.9000,0.0500,10,10,0.0000,0
a-n60-k9.vrp,ga,1,1406.8370,2411.9458,1870.4156,240.7338,200,9319,0.9000,0.0500,10,10,0.0000,0
a-n60-k9.vrp,ga,1,1406.8370,2432.3569,1860.0322,242.5252,200,9320,0.9000,0.0500,10,10,0.0000,0
a-n60-k9.vrp,ga,1,1406.8370,2523.8098,1870.0717,262.0806,200,9321,0.9000,0.0500,10,10,0.0000,0
a-n60-k9.vrp,ga,1,1406.8370,2524.1558,1862.9380,253.2347,200,9322,0.9000,0.0500,10,10,0.0000,0
a-n60-k9.vrp,ga,1,1406.8370,2411.4670,1885.3909,256.2076,200,9323,0.9000,0.0500,10,10,0.0000,0
a-n60-k9.vrp,ga,1,1406.8370,2564.0281,1860.1521,246.4026,200,9324,0.9000,0.0500,10,10,0.0000,0
a-n60-k9.vrp,ga,1,1406.8370,2459.2476,1864.7407,260.4603,200,9325,0.9000,0.0500,10,10,0.0000,0
a-n60-k9.vrp,ga,1,1406.8370,2544.1887,1870.0341,243.8366,200,9326,0.9000,0.0500,10,10,0.0000,0
a-n60-k9.vrp,ga,1,1406.8370,2401.1116,1863.7651,260.3688,200,9327,0.9000,0.0500,10,10,0.0000,0
a-n60-k9.vrp,ga,1,1406.8370,2495.2383,1873.5365,255.7170,200,9328,0.9000,0.0500,10,10,0.0000,0
a-n60-k9.vrp,ga,1,1406.8370,2473.0969,1872.1641,273.2159,200,9329,0.9000,0.0500,10,10,0.0000,0
a-n60-k9.vrp,ga,1,1406.8370,2517.2910,1863.8430,250.5779,200,9330,0.9000,0.0500,10,10,0.0000,0
a-n60-k9.vrp,ga,1,1406.8370,2575.7915,1902.7974,269.3039,200,9331,0.9000,0.0500,10,10,0.0000,0
a-n60-k9.vrp,ga,1,1406.8370,2422.7800,1879.5583,260.3000,200,9332,0.9000,0.0500,10,10,0.0000,0
a-n60-k9.vrp,ga,1,1406.8370,2697.3931,1943.1472,283.9990,200,9333,0.9000,0.0500,10,10,0.0000,0
a-n60-k9.vrp,ga,1,1406.8370,2596.9502,1892.8661,283.2254,200,9334,0.9000,0.0500,10,10,0.0000,0
a-n60-k9.vrp,ga,1,1406.8370,2502.0872,1885.6674,294.8654,200,9335,0.9000,0.0500,10,10,0.0000,0
a-n60-k9.vrp,ga,1,1406.8370,2507.8704,1872.3457,253.8795,200,9336,0.9000,0.0500,10,10,0.0000,0
a-n60-k9.vrp,ga,1,1406.8370,2702.7957,1893.6793,271.6164,200,9337,0.9000,0.0500,10,10,0.0000,0
a-n60-k9.vrp,ga,1,1406.8370,2632.5220,1922.9926,291.4682,200,9338,0.9000,0.0500,10,10,0.0000,0
a-n60-k9.vrp,ga,1,1406.8370,2634.5378,1877.1223,297.5530,200,9339,0.9000,0.0500,10,10,0.0000,0
a-n60-k9.vrp,ga,1,1406.8370,2550.5627,1864.0806,244.1133,200,9340,0.9000,0.0500,10,10,0.0000,0
a-n60-k9.vrp,ga,1,1406.8370,2446.0493,1871.8948,266.8566,200,9341,0.9000,0.0500,10,10,0.0000,0
a-n60-k9.vrp,ga,1,1406.8370,2638.3723,1878.7371,270.1579,200,9342,0.9000,0.0500,10,10,0.0000,0
a-n60-k9.vrp,ga,1,1406.8370,2572.7795,1914.3947,285.2105,200,9343,0.9000,0.0500,10,10,0.0000,0
a-n60-k9.vrp,ga,1,1406.8370,2538.0278,1869.1307,267.0015,200,9344,0.9000,0.0500,10,10,0.0000,0
a-n60-k9.vrp,ga,1,1406.8370,2690.7375,1913.1901,298.1434,200,9345,0.9000,0.0500,10,10,0.0000,0
a-n60-k9.vrp,ga,1,1406.8370,2633.9561,1911.0404,264.1749,200,9346,0.9000,0.0500,10,10,0.0000,0
a-n60-k9.vrp,ga,1,1406.8370,2473.4683,1921.1466,260.5164,200,9347,0.9000,0.0500,10,10,0.0000,0
a-n60-k9.vrp,ga,1,1406.8370,2613.5686,1923.1743,293.8341,200,9348,0.9000,0.0500,10,10,0.0000,0
a-n60-k9.vrp,ga,1,1406.8370,2536.5422,1853.3198,266.0919,200,9349,0.9000,0.0500,10,10,0.0000,0
a-n60-k9.vrp,ga,1,1406.8370,2480.2285,1893.4897,268.2192,200,9350,0.9000,0.0500,10,10,0.0000,0
a-n60-k9.vrp,ga,1,1406.8370,2372.2009,1857.0238,263.7687,200,9351,0.9000,0.0500,10,10,0.0000,0
a-n60-k9.vrp,ga,1,1406.8370,2502.9219,1862.9143,264.5540,200,9352,0.9000,0.0500,10,10,0.0000,0
a-n60-k9.vrp,ga,1,1406.8370,2589.3555,1872.3636,269.0760,200,9353,0.9000,0.0500,10,10,0.0000,0
a-n60-k9.vrp,ga,1,1406.8370,2590.7808,1859.2133,271.1369,200,9354,0.9000,0.0500,10,10,0.0000,0
a-n60-k9.vrp,ga,1,1406.8370,2434.9351,1806.7209,255.7801,200,9355,0.9000,0.0500,10,10,0.0000,0
a-n60-k9.vrp,ga,1,1406.8370,2533.1318,1795.4254,252.9506,200,9356,0.9000,0.0500,10,10,0.0000,0
a-n60-k9.vrp,ga,1,1406.8370,2472.4910,1853.6948,251.8833,200,9357,0.9000,0.0500,10,10,0.0000,0
a-n60-k9.vrp,ga,1,1406.8370,2455.2893,1863.6071,261.7265,200,9358,0.9000,0.0500,10,10,0.0000,0
a-n60-k9.vrp,ga,1,1406.8370,2530.7576,1829.3868,239.3553,200,9359,0.9000,0.0500,10,10,0.0000,0
a-n60-k9.vrp,ga,1,1406.8370,2407.1331,1876.4503,253.2691,200,9360,0.9000,0.0500,10,10,0.0000,0
a-n60-k9.vrp,ga,1,1406.8370,2424.2002,1888.7058,272.8739,200,9361,0.9000,0.0500,10,10,0.0000,0
a-n60-k9.vrp,ga,1,1406.8370,2490.9934,1889.3834,242.6915,200,9362,0.9000,0.0500,10,10,0.0000,0
a-n60-k9.vrp,ga,1,1406.8370,2545.5300,1863.4995,270.2787,200,9363,0.9000,0.0500,10,10,0.0000,0
a-n60-k9.vrp,ga,1,1406.8370,2786.6121,1878.4054,271.3748,200,9364,0.9000,0.0500,10,10,0.0000,0
a-n60-k9.vrp,ga,1,1406.8370,2512.9314,1858.4702,286.8724,200,9365,0.9000,0.0500,10,10,0.0000,0
a-n60-k9.vrp,ga,1,1406.8370,2593.5232,1852.8931,274.3752,200,9366,0.9000,0.0500,10,10,0.0000,0
a-n60-k9.vrp,ga,1,1406.8370,2518.8054,1858.0320,267.9054,200,9367,0.9000,0.0500,10,10,0.0000,0
a-n60-k9.vrp,ga,1,1406.8370,2565.1519,1835.2174,262.6451,200,9368,0.9000,0.0500,10,10,0.0000,0
a-n60-k9.vrp,ga,1,1406.8370,2720.6245,1858.9160,282.4650,200,9369,0.9000,0.0500,10,10,0.0000,0
a-n60-k9.vrp,ga,1,1406.8370,2523.2324,1846.9705,246.5551,200,9370,0.9000,0.0500,10,10,0.0000,0
a-n60-k9.vrp,ga,1,1406.8370,2698.2368,1862.8655,274.4944,200,9371,0.9000,0.0500,10,10,0.0000,0
a-n60-k9.vrp,ga,1,1406.8370,2514.2576,1835.1398,277.2619,200,9372,0.9000,0.0500,10,10,0.0000,0
a-n60-k9.vrp,ga,1,1406.8370,2520.4092,1851.7159,248.7741,200,9373,0.9000,0.0500,10,10,0.0000,0
a-n60-k9.vrp,ga,1,1406.8370,2530.3599,1841.0680,284.1429,200,9374,0.9000,0.0500,10,10,0.0000,0
a-n60-k9.vrp,ga,1,1406.8370,2579.5981,1866.2650,261.2575,200,9375,0.9000,0.0500,10,10,0.0000,0
a-n60-k9.vrp,ga,1,1406.8370,2704.9934,1814.9746,284.6465,200,9376,0.9000,0.0500,10,10,0.0000,0
a-n60-k9.vrp,ga,1,1406.8370,2658.9321,1878.3425,256.2888,200,9377,0.9000,0.0500,10,10,0.0000,0
a-n60-k9.vrp,ga,1,1406.8370,2605.6357,1830.1040,255.8005,200,9378,0.9000,0.0500,10,10,0.0000,0
a-n60-k9.vrp,ga,1,1406.8370,2617.4937,1841.4551,276.6129,200,9379,0.9000,0.0500,10,10,0.0000,0
a-n60-k9.vrp,ga,1,1406.8370,2477.4141,1817.8430,242.3381,200,9380,0.9000,0.0500,10,10,0.0000,0
a-n60-k9.vrp,ga,1,1406.8370,2577.9868,1827.1093,265.8797,200,9381,0.9000,0.0500,10,10,0.0000,0
a-n60-k9.vrp,ga,1,1406.8370,2416.1609,1849.4346,258.1425,200,9382,0.9000,0.0500,10,10,0.0000,0
a-n60-k9.vrp,ga,1,1406.8370,2614.7063,1835.1637,283.6342,200,9383,0.9000,0.0500,10,10,0.0000,0
a-n60-k9.vrp,ga,1,1406.8370,2448.9741,1865.9583,264.3672,200,9384,0.9000,0.0500,10,10,0.0000,0
a-n60-k9.vrp,ga,1,1406.8370,2560.7292,1805.2783,255.9368,200,9385,0.9000,0.0500,10,10,0.0000,0
a-n60-k9.vrp,ga,1,1406.8370,2372.5457,1826.2905,253.3987,200,9386,0.9000,0.0500,10,10,0.0000,0
a-n60-k9.vrp,ga,1,1406.8370,2374.5793,1806.8605,263.9398,200,9387,0.9000,0.0500,10,10,0.0000,0
a-n60-k9.vrp,ga,1,1406.8370,2453.7861,1845.5793,252.8790,200,9388,0.9000,0.0500,10,10,0.0000,0
a-n60-k9.vrp,ga,1,1406.8370,2472.8738,1820.3547,261.4289,200,9389,0.9000,0.0500,10,10,0.0000,0
a-n60-k9.vrp,ga,1,1406.8370,2444.2717,1855.8729,254.0044,200,9390,0.9000,0.0500,10,10,0.0000,0
a-n60-k9.vrp,ga,1,1406.8370,2567.0376,1824.8074,266.5055,200,9391,0.9000,0.0500,10,10,0.0000,0
a-n60-k9.vrp,ga,1,1406.8370,2499.0764,1846.1377,253.6427,200,9392,0.9000,0.0500,10,10,0.0000,0
a-n60-k9.vrp,ga,1,1406.8370,2475.9585,1846.2406,258.3766,200,9393,0.9000,0.0500,10,10,0.0000,0
a-n60-k9.vrp,ga,1,1406.8370,2642.9780,1817.0229,256.3709,200,9394,0.9000,0.0500,10,10,0.0000,0
a-n60-k9.vrp,ga,1,1406.8370,2565.4702,1820.5511,261.1639,200,9395,0.9000,0.0500,10,10,0.0000,0
a-n60-k9.vrp,ga,1,1406.8370,2404.9080,1835.4988,238.6971,200,9396,0.9000,0.0500,10,10,0.0000,0
a-n60-k9.vrp,ga,1,1406.8370,2368.7400,1846.2982,240.8636,200,9397,0.9000,0.0500,10,10,0.0000,0
a-n60-k9.vrp,ga,1,1406.8370,2654.7861,1871.2784,254.3825,200,9398,0.9000,0.0500,10,10,0.0000,0
a-n60-k9.vrp,ga,1,1406.8370,2336.4141,1808.7106,251.1497,200,9399,0.9000,0.0500,10,10,0.0000,0
a-n60-k9.vrp,ga,1,1406.8370,2289.7966,1829.9387,246.8664,200,9400,0.9000,0.0500,10,10,0.0000,0
a-n60-k9.vrp,ga,1,1406.8370,2518.3562,1816.7891,240.5922,200,9401,0.9000,0.0500,10,10,0.0000,0
a-n60-k9.vrp,ga,1,1406.8370,2269.7339,1815.9851,228.3526,200,9402,0.9000,0.0500,10,10,0.0000,0
a-n60-k9.vrp,ga,1,1406.8370,2493.9697,1777.7825,246.6629,200,9403,0.9000,0.0500,10,10,0.0000,0
a-n60-k9.vrp,ga,1,1406.8370,2313.6763,1792.2599,223.6851,200,9404,0.9000,0.0500,10,10,0.0000,0
a-n60-k9.vrp,ga,1,1406.8370,2391.4009,1799.2446,252.2236,200,9405,0.9000,0.0500,10,10,0.0000,0
a-n60-k9.vrp,ga,1,1406.8370,2351.2859,1853.1392,252.7007,200,9406,0.9000,0.0500,10,10,0.0000,0
a-n60-k9.vrp,ga,1,1406.8370,2337.4983,1833.0331,241.4341,200,9407,0.9000,0.0500,10,10,0.0000,0
a-n60-k9.vrp,ga,1,1406.8370,2481.0879,1842.3666,254.3024,200,9408,0.9000,0.0500,10,10,0.0000,0
a-n60-k9.vrp,ga,1,1406.8370,2349.8611,1784.8726,244.3398,200,9409,0.9000,0.0500,10,10,0.0000,0
a-n60-k9.vrp,ga,1,1406.8370,2530.0635,1810.2729,250.8399,200,9410,0.9000,0.0500,10,10,0.0000,0
a-n60-k9.vrp,ga,1,1406.8370,2417.5637,1844.1462,233.4930,200,9411,0.9000,0.0500,10,10,0.0000,0
a-n60-k9.vrp,ga,1,1406.8370,2441.4136,1841.4694,251.0436,200,9412,0.9000,0.0500,10,10,0.0000,0
a-n60-k9.vrp,ga,1,1406.8370,2742.1482,1847.7433,244.3412,200,9413,0.9000,0.0500,10,10,0.0000,0
a-n60-k9.vrp,ga,1,1406.8370,2307.4436,1852.1852,230.1228,200,9414,0.9000,0.0500,10,10,0.0000,0
a-n60-k9.vrp,ga,1,1406.8370,2421.5562,1894.9595,247.5813,200,9415,0.9000,0.0500,10,10,0.0000,0
a-n60-k9.vrp,ga,1,1406.8370,2488.5352,1848.3934,271.4892,200,9416,0.9000,0.0500,10,10,0.0000,0
a-n60-k9.vrp,ga,1,1406.8370,2631.4678,1855.5922,278.4901,200,9417,0.9000,0.0500,10,10,0.0000,0
a-n60-k9.vrp,ga,1,1406.8370,2526.7295,1844.7557,275.7071,200,9418,0.9000,0.0500,10,10,0.0000,0
a-n60-k9.vrp,ga,1,1406.8370,2444.3347,1836.2465,258.0728,200,9419,0.9000,0.0500,10,10,0.0000,0
a-n60-k9.vrp,ga,1,1406.8370,2513.3125,1833.9777,269.4793,200,9420,0.9000,0.0500,10,10,0.0000,0
a-n60-k9.vrp,ga,1,1406.8370,2566.6008,1826.2366,251.7704,200,9421,0.9000,0.0500,10,10,0.0000,0
a-n60-k9.vrp,ga,1,1406.8370,2503.5122,1854.2599,258.4449,200,9422,0.9000,0.0500,10,10,0.0000,0
a-n60-k9.vrp,ga,1,1406.8370,2781.4277,1870.2430,287.7627,200,9423,0.9000,0.0500,10,10,0.0000,0
a-n60-k9.vrp,ga,1,1406.8370,2595.3909,1827.1191,272.4444,200,9424,0.9000,0.0500,10,10,0.0000,0
a-n60-k9.vrp,ga,1,1406.8370,2631.4385,1848.6187,270.8625,200,9425,0.9000,0.0500,10,10,0.0000,0
a-n60-k9.vrp,ga,1,1406.8370,2500.2124,1840.1405,268.6826,200,9426,0.9000,0.0500,10,10,0.0000,0
a-n60-k9.vrp,ga,1,1406.8370,2564.6858,1859.1940,265.0015,200,9427,0.9000,0.0500,10,10,0.0000,0
a-n60-k9.vrp,ga,1,1406.8370,2529.9790,1860.8016,278.8353,200,9428,0.9000,0.0500,10,10,0.0000,0
a-n60-k9.vrp,ga,1,1406.8370,2524.9319,1850.2633,270.6066,200,9429,0.9000,0.0500,10,10,0.0000,0
a-n60-k9.vrp,ga,1,1406.8370,2545.6135,1848.2812,258.1317,200,9430,0.9000,0.0500,10,10,0.0000,0
a-n60-k9.vrp,ga,1,1406.8370,2632.1853,1865.6669,258.6110,200,9431,0.9000,0.0500,10,10,0.0000,0
a-n60-k9.vrp,ga,1,1406.8370,2511.0354,1870.8977,264.8303,200,9432,0.9000,0.0500,10,10,0.0000,0
a-n60-k9.vrp,ga,1,1406.8370,2622.1194,1839.9915,266.2201,200,9433,0.9000,0.0500,10,10,0.0000,0
a-n60-k9.vrp,ga,1,1406.8370,2687.0293,1828.3250,277.4100,200,9434,0.9000,0.0500,10,10,0.0000,0
a-n60-k9.vrp,ga,1,1406.8370,2606.6926,1820.2976,273.5037,200,9435,0.9000,0.0500,10,10,0.0000,0
a-n60-k9.vrp,ga,1,1406.8370,2786.4436,1838.5698,293.8129,200,9436,0.9000,0.0500,10,10,0.0000,0
a-n60-k9.vrp,ga,1,1406.8370,2781.1897,1819.1958,274.0066,200,9437,0.9000,0.0500,10,10,0.0000,0
a-n60-k9.vrp,ga,1,1406.8370,2786.3936,1836.6744,274.1798,200,9438,0.9000,0.0500,10,10,0.0000,0
a-n60-k9.vrp,ga,1,1406.8370,2632.3171,1849.5212,269.7617,200,9439,0.9000,0.0500,10,10,0.0000,0
a-n60-k9.vrp,ga,1,1406.8370,2797.7764,1888.3040,280.1397,200,9440,0.9000,0.0500,10,10,0.0000,0
a-n60-k9.vrp,ga,1,1406.8370,2520.0371,1879.0857,276.2267,200,9441,0.9000,0.0500,10,10,0.0000,0
a-n60-k9.vrp,ga,1,1406.8370,2615.0317,1851.6106,239.8715,200,9442,0.9000,0.0500,10,10,0.0000,0
a-n60-k9.vrp,ga,1,1406.8370,2502.9084,1833.9005,273.1236,200,9443,0.9000,0.0500,10,10,0.0000,0
a-n60-k9.vrp,ga,1,1406.8370,2398.1597,1809.8152,251.1633,200,9444,0.9000,0.0500,10,10,0.0000,0
a-n60-k9.vrp,ga,1,1406.8370,2454.7141,1826.9227,260.3816,200,9445,0.9000,0.0500,10,10,0.0000,0
a-n60-k9.vrp,ga,1,1406.8370,2474.9062,1832.6078,259.8098,200,9446,0.9000,0.0500,10,10,0.0000,0
a-n60-k9.vrp,ga,1,1406.8370,2528.3481,1865.9386,279.9110,200,9447,0.9000,0.0500,10,10,0.0000,0
a-n60-k9.vrp,ga,1,1406.8370,2473.3860,1805.5520,266.7558,200,9448,0.9000,0.0500,10,10,0.0000,0
a-n60-k9.vrp,ga,1,1406.8370,2718.1865,1892.2618,255.4628,200,9449,0.9000,0.0500,10,10,0.0000,0
a-n60-k9.vrp,ga,1,1406.8370,2644.5869,1887.8553,275.7697,200,9450,0.9000,0.0500,10,10,0.0000,0
a-n60-k9.vrp,ga,1,1406.8370,2513.3979,1866.6077,271.0297,200,9451,0.9000,0.0500,10,10,0.0000,0
a-n60-k9.vrp,ga,1,1406.8370,2455.9324,1828.6184,266.6676,200,9452,0.9000,0.0500,10,10,0.0000,0
a-n60-k9.vrp,ga,1,1406.8370,2438.4114,1859.1183,251.5283,200,9453,0.9000,0.0500,10,10,0.0000,0
a-n60-k9.vrp,ga,1,1406.8370,2546.2849,1851.8501,262.2308,200,9454,0.9000,0.0500,10,10,0.0000,0
a-n60-k9.vrp,ga,1,1406.8370,2602.8711,1870.4270,283.3728,200,9455,0.9000,0.0500,10,10,0.0000,0
a-n60-k9.vrp,ga,1,1406.8370,2606.2896,1879.4995,269.6286,200,9456,0.9000,0.0500,10,10,0.0000,0
a-n60-k9.vrp,ga,1,1406.8370,2644.2249,1862.3323,268.9287,200,9457,0.9000,0.0500,10,10,0.0000,0
a-n60-k9.vrp,ga,1,1406.8370,2543.6777,1854.0795,279.0102,200,9458,0.9000,0.0500,10,10,0.0000,0
a-n60-k9.vrp,ga,1,1406.8370,2579.8904,1844.5847,268.2860,200,9459,0.9000,0.0500,10,10,0.0000,0
a-n60-k9.vrp,ga,1,1406.8370,2549.2217,1883.8157,277.1851,200,9460,0.9000,0.0500,10,10,0.0000,0
a-n60-k9.vrp,ga,1,1406.8370,2562.9282,1911.8511,265.4593,200,9461,0.9000,0.0500,10,10,0.0000,0
a-n60-k9.vrp,ga,1,1406.8370,2566.2700,1906.3987,264.8213,200,9462,0.9000,0.0500,10,10,0.0000,0
a-n60-k9.vrp,ga,1,1404.2944,2663.9045,1891.4236,272.3690,200,9463,0.9000,0.0500,10,10,0.0000,0
a-n60-k9.vrp,ga,1,1404.2944,2717.1775,1885.2675,286.2788,200,9464,0.9000,0.0500,10,10,0.0000,0
a-n60-k9.vrp,ga,1,1404.2944,2698.0059,1888.6500,287.1588,200,9465,0.9000,0.0500,10,10,0.0000,0
a-n60-k9.vrp,ga,1,1401.6549,2617.2957,1839.6139,278.8359,200,9466,0.9000,0.0500,10,10,0.0000,0
a-n60-k9.vrp,ga,1,1401.6549,2497.5320,1866.7494,275.2574,200,9467,0.9000,0.0500,10,10,0.0000,0
a-n60-k9.vrp,ga,1,1401.6549,2501.8181,1864.7129,261.1478,200,9468,0.9000,0.0500,10,10,0.0000,0
a-n60-k9.vrp,ga,1,1401.6549,2586.5750,1846.1329,256.0951,200,9469,0.9000,0.0500,10,10,0.0000,0
a-n60-k9.vrp,ga,1,1391.6143,2343.0286,1827.0734,237.7068,200,9470,0.9000,0.0500,10,10,0.0000,0
a-n60-k9.vrp,ga,1,1391.6143,2441.2156,1820.8740,247.3185,200,9471,0.9000,0.0500,10,10,0.0000,0
a-n60-k9.vrp,ga,1,1391.6143,2261.0837,1778.3768,248.6077,200,9472,0.9000,0.0500,10,10,0.0000,0
a-n60-k9.vrp,ga,1,1391.6143,2279.2710,1733.0490,235.8816,200,9473,0.9000,0.0500,10,10,0.0000,0
a-n60-k9.vrp,ga,1,1391.6143,2200.6943,1727.1949,231.6212,200,9474,0.9000,0.0500,10,10,0.0000,0
a-n60-k9.vrp,ga,1,1391.6143,2247.7554,1695.0466,227.6188,200,9475,0.9000,0.0500,10,10,0.0000,0
a-n60-k9.vrp,ga,1,1391.6143,2339.8867,1748.3303,241.1335,200,9476,0.9000,0.0500,10,10,0.0000,0
a-n60-k9.vrp,ga,1,1391.6143,2269.9617,1757.7573,238.1777,200,9477,0.9000,0.0500,10,10,0.0000,0
a-n60-k9.vrp,ga,1,1391.6143,2300.2244,1765.5864,230.7711,200,9478,0.9000,0.0500,10,10,0.0000,0
a-n60-k9.vrp,ga,1,1391.6143,2269.2891,1754.0918,240.2722,200,9479,0.9000,0.0500,10,10,0.0000,0
a-n60-k9.vrp,ga,1,1391.6143,2492.3015,1780.4038,242.2699,200,9480,0.9000,0.0500,10,10,0.0000,0
a-n60-k9.vrp,ga,1,1391.6143,2356.2056,1757.3999,242.5109,200,9481,0.9000,0.0500,10,10,0.0000,0
a-n60-k9.vrp,ga,1,1391.6143,2366.1187,1769.4342,226.5819,200,9482,0.9000,0.0500,10,10,0.0000,0
a-n60-k9.vrp,ga,1,1391.6143,2368.1345,1780.9613,256.8573,200,9483,0.9000,0.0500,10,10,0.0000,0
a-n60-k9.vrp,ga,1,1391.6143,2302.2961,1761.9913,242.9190,200,9484,0.9000,0.0500,10,10,0.0000,0
a-n60-k9.vrp,ga,1,1391.6143,2328.5286,1752.8054,245.0782,200,9485,0.9000,0.0500,10,10,0.0000,0
a-n60-k9.vrp,ga,1,1391.6143,2355.8850,1794.4658,239.0751,200,9486,0.9000,0.0500,10,10,0.0000,0
a-n60-k9.vrp,ga,1,1391.6143,2339.2993,1801.9060,253.3215,200,9487,0.9000,0.0500,10,10,0.0000,0
a-n60-k9.vrp,ga,1,1391.6143,2337.4771,1770.5129,263.4030,200,9488,0.9000,0.0500,10,10,0.0000,0
a-n60-k9.vrp,ga,1,1391.6143,2486.3914,1791.7019,261.6757,200,9489,0.9000,0.0500,10,10,0.0000,0
a-n60-k9.vrp,ga,1,1391.6143,2608.7344,1784.3059,263.2117,200,9490,0.9000,0.0500,10,10,0.0000,0
a-n60-k9.vrp,ga,1,1391.6143,2463.3311,1753.8314,251.2229,200,9491,0.9000,0.0500,10,10,0.0000,0
a-n60-k9.vrp,ga,1,1391.6143,2373.3049,1760.1295,262.5888,200,9492,0.9000,0.0500,10,10,0.0000,0
a-n60-k9.vrp,ga,1,1391.6143,2602.3999,1796.3353,279.7214,200,9493,0.9000,0.0500,10,10,0.0000,0
a-n60-k9.vrp,ga,1,1391.6143,2408.3408,1799.4458,256.3078,200,9494,0.9000,0.0500,10,10,0.0000,0
a-n60-k9.vrp,ga,1,1391.6143,2640.5005,1810.5765,266.0667,200,9495,0.9000,0.0500,10,10,0.0000,0
a-n60-k9.vrp,ga,1,1391.6143,2636.8892,1802.0100,280.3621,200,9496,0.9000,0.0500,10,10,0.0000,0
a-n60-k9.vrp,ga,1,1391.6143,2512.8196,1816.1025,282.0832,200,9497,0.9000,0.0500,10,10,0.0000,0
a-n60-k9.vrp,ga,1,1391.6143,2344.7490,1772.5984,256.8361,200,9498,0.9000,0.0500,10,10,0.0000,0
a-n60-k9.vrp,ga,1,1391.6143,2533.9490,1781.3855,254.4286,200,9499,0.9000,0.0500,10,10,0.0000,0
a-n60-k9.vrp,ga,1,1391.6143,2681.5999,1797.9974,268.4062,200,9500,0.9000,0.0500,10,10,0.0000,0
a-n60-k9.vrp,ga,1,1391.6143,2366.4094,1785.8357,268.2054,200,9501,0.9000,0.0500,10,10,0.0000,0
a-n60-k9.vrp,ga,1,1391.6143,2551.1460,1777.1697,259.5473,200,9502,0.9000,0.0500,10,10,0.0000,0
a-n60-k9.vrp,ga,1,1391.6143,2433.8042,1817.8479,250.4919,200,9503,0.9000,0.0500,10,10,0.0000,0
a-n60-k9.vrp,ga,1,1391.6143,2458.3604,1825.5459,247.1385,200,9504,0.9000,0.0500,10,10,0.0000,0
a-n60-k9.vrp,ga,1,1391.6143,2443.8511,1836.4418,246.0140,200,9505,0.9000,0.0500,10,10,0.0000,0
a-n60-k9.vrp,ga,1,1391.6143,2420.5342,1808.2831,260.7143,200,9506,0.9000,0.0500,10,10,0.0000,0
a-n60-k9.vrp,ga,1,1391.6143,2618.7490,1833.7324,249.4299,200,9507,0.9000,0.0500,10,10,0.0000,0
a-n60-k9.vrp,ga,1,1391.6143,2423.3879,1839.2234,279.0049,200,9508,0.9000,0.0500,10,10,0.0000,0
a-n60-k9.vrp,ga,1,1391.6143,2656.0359,1806.7106,271.1531,200,9509,0.9000,0.0500,10,10,0.0000,0
a-n60-k9.vrp,ga,1,1391.6143,2578.1404,1832.9417,255.7357,200,9510,0.9000,0.0500,10,10,0.0000,0
a-n60-k9.vrp,ga,1,1391.6143,2453.1489,1825.2759,276.5251,200,9511,0.9000,0.0500,10,10,0.0000,0
a-n60-k9.vrp,ga,1,1391.6143,2444.8440,1797.4814,244.8045,200,9512,0.9000,0.0500,10,10,0.0000,0
a-n60-k9.vrp,ga,1,1391.6143,2482.4829,1799.1606,261.2694,200,9513,0.9000,0.0500,10,10,0.0000,0
a-n60-k9.vrp,ga,1,1391.6143,2582.8940,1782.7489,284.2838,200,9514,0.9000,0.0500,10,10,0.0000,0
a-n60-k9.vrp,ga,1,1391.6143,2770.2317,1771.1252,269.8154,200,9515,0.9000,0.0500,10,10,0.0000,0
a-n60-k9.vrp,ga,1,1391.6143,2373.3049,1795.5449,263.1112,200,9516,0.9000,0.0500,10,10,0.0000,0
a-n60-k9.vrp,ga,1,1391.6143,2540.3098,1823.4154,275.0703,200,9517,0.9000,0.0500,10,10,0.0000,0
a-n60-k9.vrp,ga,1,1391.6143,2598.0591,1855.7906,262.7191,200,9518,0.9000,0.0500,10,10,0.0000,0
a-n60-k9.vrp,ga,1,1391.6143,2367.0471,1838.2352,252.6175,200,9519,0.9000,0.0500,10,10,0.0000,0
a-n60-k9.vrp,ga,1,1391.6143,2489.2451,1843.0182,279.8589,200,9520,0.9000,0.0500,10,10,0.0000,0
a-n60-k9.vrp,ga,1,1391.6143,2651.8430,1828.4460,268.8706,200,9521,0.9000,0.0500,10,10,0.0000,0
a-n60-k9.vrp,ga,1,1391.6143,2538.6499,1828.8323,255.4718,200,9522,0.9000,0.0500,10,10,0.0000,0
a-n60-k9.vrp,ga,1,1391.6143,2546.6553,1897.8621,261.5776,200,9523,0.9000,0.0500,10,10,0.0000,0
a-n60-k9.vrp,ga,1,1391.6143,2700.3606,1862.0027,278.4824,200,9524,0.9000,0.0500,10,10,0.0000,0
a-n60-k9.vrp,ga,1,1391.6143,2540.8250,1817.8250,280.7930,200,9525,0.9000,0.0500,10,10,0.0000,0
a-n60-k9.vrp,ga,1,1391.6143,2297.3440,1782.9730,249.4362,200,9526,0.9000,0.0500,10,10,0.0000,0
a-n60-k9.vrp,ga,1,1391.6143,2493.4158,1797.9894,281.5652,200,9527,0.9000,0.0500,10,10,0.0000,0
a-n60-k9.vrp,ga,1,1391.6143,2306.7837,1768.3708,267.0768,200,9528,0.9000,0.0500,10,10,0.0000,0
a-n60-k9.vrp,ga,1,1391.6143,2615.3198,1811.0310,270.5608,200,9529,0.9000,0.0500,10,10,0.0000,0
a-n60-k9.vrp,ga,1,1391.6143,2544.4702,1820.5912,274.5291,200,9530,0.9000,0.0500,10,10,0.0000,0
a-n60-k9.vrp,ga,1,1391.6143,2431.4006,1808.6486,250.7810,200,9531,0.9000,0.0500,10,10,0.0000,0
a-n60-k9.vrp,ga,1,1391.6143,2816.8054,1803.1577,276.2216,200,9532,0.9000,0.0500,10,10,0.0000,0
a-n60-k9.vrp,ga,1,1391.6143,2389.2163,1813.8875,244.5032,200,9533,0.9000,0.0500,10,10,0.0000,0
a-n60-k9.vrp,ga,1,1391.6143,2408.0918,1807.1923,268.2133,200,9534,0.9000,0.0500,10,10,0.0000,0
a-n60-k9.vrp,ga,1,1391.6143,2453.7234,1809.9694,255.6830,200,9535,0.9000,0.0500,10,10,0.0000,0
a-n60-k9.vrp,ga,1,1391.6143,2392.8484,1803.8220,260.8271,200,9536,0.9000,0.0500,10,10,0.0000,0
a-n60-k9.vrp,ga,1,1391.6143,2451.1687,1819.6927,261.2903,200,9537,0.9000,0.0500,10,10,0.0000,0
a-n60-k9.vrp,ga,1,1391.6143,2480.8198,1794.3867,252.0347,200,9538,0.9000,0.0500,10,10,0.0000,0
a-n60-k9.vrp,ga,1,1391.6143,2448.1230,1792.6111,262.6233,200,9539,0.9000,0.0500,10,10,0.0000,0
a-n60-k9.vrp,ga,1,1391.6143,2384.5645,1783.7930,253.5720,200,9540,0.9000,0.0500,10,10,0.0000,0
a-n60-k9.vrp,ga,1,1391.6143,2444.6663,1794.7539,259.4700,200,9541,0.9000,0.0500,10,10,0.0000,0
a-n60-k9.vrp,ga,1,1391.6143,2453.2141,1807.9053,253.6575,200,9542,0.9000,0.0500,10,10,0.0000,0
a-n60-k9.vrp,ga,1,1391.6143,2637.6865,1835.3684,259.0799,200,9543,0.9000,0.0500,10,10,0.0000,0
a-n60-k9.vrp,ga,1,1391.6143,2471.2476,1815.6547,265.4521,200,9544,0.9000,0.0500,10,10,0.0000,0
a-n60-k9.vrp,ga,1,1391.6143,2890.2937,1856.9717,309.5099,200,9545,0.9000,0.0500,10,10,0.0000,0
a-n60-k9.vrp,ga,1,1391.6143,2605.5308,1808.8700,272.6196,200,9546,0.9000,0.0500,10,10,0.0000,0
a-n60-k9.vrp,ga,1,1391.6143,2494.6958,1818.8599,268.7244,200,9547,0.9000,0.0500,10,10,0.0000,0
a-n60-k9.vrp,ga,1,1391.6143,2662.3845,1827.8452,275.8972,200,9548,0.9000,0.0500,10,10,0.0000,0
a-n60-k9.vrp,ga,1,1391.6143,2725.8403,1800.7247,280.8484,200,9549,0.9000,0.0500,10,10,0.0000,0
a-n60-k9.vrp,ga,1,1391.6143,2683.8831,1812.8213,288.6835,200,9550,0.9000,0.0500,10,10,0.0000,0
a-n60-k9.vrp,ga,1,1391.6143,2712.4312,1842.7048,293.8245,200,9551,0.9000,0.0500,10,10,0.0000,0
a-n60-k9.vrp,ga,1,1391.6143,2789.0212,1820.6860,274.1213,200,9552,0.9000,0.0500,10,10,0.0000,0
a-n60-k9.vrp,ga,1,1391.6143,2542.5452,1818.9915,265.1444,200,9553,0.9000,0.0500,10,10,0.0000,0
a-n60-k9.vrp,ga,1,1391.6143,2564.0693,1826.0245,261.9452,200,9554,0.9000,0.0500,10,10,0.0000,0
a-n60-k9.vrp,ga,1,1391.6143,2398.4553,1797.3743,255.5819,200,9555,0.9000,0.0500,10,10,0.0000,0
a-n60-k9.vrp,ga,1,1391.6143,2639.0696,1817.9830,286.5239,200,9556,0.9000,0.0500,10,10,0.0000,0
a-n60-k9.vrp,ga,1,1391.6143,2652.5562,1768.5002,285.1234,200,9557,0.9000,0.0500,10,10,0.0000,0
a-n60-k9.vrp,ga,1,1391.6143,2650.8755,1769.1879,254.3500,200,9558,0.9000,0.0500,10,10,0.0000,0
a-n60-k9.vrp,ga,1,1391.6143,2589.4595,1818.0652,265.1766,200,9559,0.9000,0.0500,10,10,0.0000,0
a-n60-k9.vrp,ga,1,1391.6143,2851.7510,1849.2949,291.8129,200,9560,0.9000,0.0500,10,10,0.0000,0
a-n60-k9.vrp,ga,1,1391.6143,2796.0752,1824.2371,294.7534,200,9561,0.9000,0.0500,10,10,0.0000,0
a-n60-k9.vrp,ga,1,1391.6143,2449.3247,1792.7156,269.9460,200,9562,0.9000,0.0500,10,10,0.0000,0
a-n60-k9.vrp,ga,1,1391.6143,2718.0933,1855.1903,292.1418,200,9563,0.9000,0.0500,10,10,0.0000,0
a-n60-k9.vrp,ga,1,1391.6143,2593.1250,1807.6786,292.6640,200,9564,0.9000,0.0500,10,10,0.0000,0
a-n60-k9.vrp,ga,1,1391.6143,2557.8745,1785.9154,265.0302,200,9565,0.9000,0.0500,10,10,0.0000,0
a-n60-k9.vrp,ga,1,1391.6143,2643.1980,1802.7721,297.4434,200,9566,0.9000,0.0500,10,10,0.0000,0
a-n60-k9.vrp,ga,1,1391.6143,2589.6296,1782.5505,288.6586,200,9567,0.9000,0.0500,10,10,0.0000,0
a-n60-k9.vrp,ga,1,1391.6143,2601.4268,1843.8323,284.5421,200,9568,0.9000,0.0500,10,10,0.0000,0
a-n60-k9.vrp,ga,1,1391.6143,2638.6111,1825.9281,283.3603,200,9569,0.9000,0.0500,10,10,0.0000,0
a-n60-k9.vrp,ga,1,1391.6143,2524.5938,1791.4688,280.5601,200,9570,0.9000,0.0500,10,10,0.0000,0
a-n60-k9.vrp,ga,1,1391.6143,2565.6135,1825.5271,268.0654,200,9571,0.9000,0.0500,10,10,0.0000,0
a-n60-k9.vrp,ga,1,1391.6143,2778.6606,1822.0736,271.4119,200,9572,0.9000,0.0500,10,10,0.0000,0
a-n60-k9.vrp,ga,1,1391.6143,2534.6755,1860.3181,282.4670,200,9573,0.9000,0.0500,10,10,0.0000,0
a-n60-k9.vrp,ga,1,1391.6143,2566.8430,1807.4127,289.6381,200,9574,0.9000,0.0500,10,10,0.0000,0
a-n60-k9.vrp,ga,1,1391.6143,2532.2520,1796.6566,289.6728,200,9575,0.9000,0.0500,10,10,0.0000,0
a-n60-k9.vrp,ga,1,1391.6143,2585.3274,1790.3180,275.5625,200,9576,0.9000,0.0500,10,10,0.0000,0
a-n60-k9.vrp,ga,1,1391.6143,2864.0852,1871.8181,292.7382,200,9577,0.9000,0.0500,10,10,0.0000,0
a-n60-k9.vrp,ga,1,1391.6143,2512.4922,1848.5492,283.1102,200,9578,0.9000,0.0500,10,10,0.0000,0
a-n60-k9.vrp,ga,1,1391.6143,2599.6519,1853.0020,263.5547,200,9579,0.9000,0.0500,10,10,0.0000,0
a-n60-k9.vrp,ga,1,1391.6143,2633.8062,1844.4384,277.0650,200,9580,0.9000,0.0500,10,10,0.0000,0
a-n60-k9.vrp,ga,1,1391.6143,2730.9492,1841.8309,288.2764,200,9581,0.9000,0.0500,10,10,0.0000,0
a-n60-k9.vrp,ga,1,1391.6143,2858.0383,1812.2048,289.3474,200,9582,0.9000,0.0500,10,10,0.0000,0
a-n60-k9.vrp,ga,1,1391.6143,2811.5005,1841.8993,305.6407,200,9583,0.9000,0.0500,10,10,0.0000,0
a-n60-k9.vrp,ga,1,1391.6143,2661.1697,1875.1431,319.1979,200,9584,0.9000,0.0500,10,10,0.0000,0
a-n60-k9.vrp,ga,1,1391.6143,2617.4890,1812.9208,283.1574,200,9585,0.9000,0.0500,10,10,0.0000,0
a-n60-k9.vrp,ga,1,1391.6143,2632.3052,1844.1185,287.6537,200,9586,0.9000,0.0500,10,10,0.0000,0
a-n60-k9.vrp,ga,1,1391.6143,2565.2539,1797.8391,273.2480,200,9587,0.9000,0.0500,10,10,0.0000,0
a-n60-k9.vrp,ga,1,1391.6143,2481.9558,1810.2054,257.6407,200,9588,0.9000,0.0500,10,10,0.0000,0
a-n60-k9.vrp,ga,1,1391.6143,2633.7341,1835.5302,277.8937,200,9589,0.9000,0.0500,10,10,0.0000,0
a-n60-k9.vrp,ga,1,1391.6143,2634.3855,1857.7152,312.7682,200,9590,0.9000,0.0500,10,10,0.0000,0
a-n60-k9.vrp,ga,1,1391.6143,2742.1248,1798.2681,287.2925,200,9591,0.9000,0.0500,10,10,0.0000,0
a-n60-k9.vrp,ga,1,1391.6143,2654.8630,1808.7598,290.8863,200,9592,0.9000,0.0500,10,10,0.0000,0
a-n60-k9.vrp,ga,1,1391.6143,2740.7175,1790.5919,280.5504,200,9593,0.9000,0.0500,10,10,0.0000,0
a-n60-k9.vrp,ga,1,1391.6143,2711.0583,1814.5880,269.8160,200,9594,0.9000,0.0500,10,10,0.0000,0
a-n60-k9.vrp,ga,1,1391.6143,2838.5200,1858.4601,284.2248,200,9595,0.9000,0.0500,10,10,0.0000,0
a-n60-k9.vrp,ga,1,1391.6143,2588.0950,1870.0638,279.4667,200,9596,0.9000,0.0500,10,10,0.0000,0
a-n60-k9.vrp,ga,1,1391.6143,2863.4875,1877.6351,300.2963,200,9597,0.9000,0.0500,10,10,0.0000,0
a-n60-k9.vrp,ga,1,1391.6143,2672.1238,1821.5127,302.4381,200,9598,0.9000,0.0500,10,10,0.0000,0
a-n60-k9.vrp,ga,1,1391.6143,2865.1213,1830.2721,297.0058,200,9599,0.9000,0.0500,10,10,0.0000,0
a-n60-k9.vrp,ga,1,1391.6143,2675.3999,1841.9681,291.6121,200,9600,0.9000,0.0500,10,10,0.0000,0
a-n60-k9.vrp,ga,1,1391.6143,2475.0435,1782.2444,266.0625,200,9601,0.9000,0.0500,10,10,0.0000,0
a-n60-k9.vrp,ga,1,1391.6143,2740.5249,1808.8656,267.5001,200,9602,0.9000,0.0500,10,10,0.0000,0
a-n60-k9.vrp,ga,1,1391.6143,2888.6824,1835.3903,276.8625,200,9603,0.9000,0.0500,10,10,0.0000,0
a-n60-k9.vrp,ga,1,1391.6143,2756.1929,1841.7518,288.3185,200,9604,0.9000,0.0500,10,10,0.0000,0
a-n60-k9.vrp,ga,1,1391.6143,2744.6094,1837.5964,296.5879,200,9605,0.9000,0.0500,10,10,0.0000,0
a-n60-k9.vrp,ga,1,1391.6143,2734.6509,1834.1285,310.6014,200,9606,0.9000,0.0500,10,10,0.0000,0
a-n60-k9.vrp,ga,1,1391.6143,2832.9138,1797.0406,273.2470,200,9607,0.9000,0.0500,10,10,0.0000,0
a-n60-k9.vrp,ga,1,1391.6143,2670.6011,1835.7574,291.3971,200,9608,0.9000,0.0500,10,10,0.0000,0
a-n60-k9.vrp,ga,1,1391.6143,2830.9744,1864.3445,297.6629,200,9609,0.9000,0.0500,10,10,0.0000,0
a-n60-k9.vrp,ga,1,1391.6143,2740.2898,1830.4872,298.0281,200,9610,0.9000,0.0500,10,10,0.0000,0
a-n60-k9.vrp,ga,1,1391.6143,2768.4487,1812.4347,289.7719,200,9611,0.9000,0.0500,10,10,0.0000,0
a-n60-k9.vrp,ga,1,1391.6143,2706.4053,1840.2809,286.5418,200,9612,0.9000,0.0500,10,10,0.0000,0
a-n60-k9.vrp,ga,1,1391.6143,2887.7527,1855.4653,287.7270,200,9613,0.9000,0.0500,10,10,0.0000,0
a-n60-k9.vrp,ga,1,1391.6143,2962.2551,1831.6693,283.5061,200,9614,0.9000,0.0500,10,10,0.0000,0
a-n60-k9.vrp,ga,1,1391.6143,2876.9517,1827.6837,286.2835,200,9615,0.9000,0.0500,10,10,0.0000,0
a-n60-k9.vrp,ga,1,1391.6143,2812.4180,1890.0645,307.3795,200,9616,0.9000,0.0500,10,10,0.0000,0
a-n60-k9.vrp,ga,1,1391.6143,2720.5276,1896.5692,307.0539,200,9617,0.9000,0.0500,10,10,0.0000,0
a-n60-k9.vrp,ga,1,1391.6143,2767.0769,1893.3915,301.8761,200,9618,0.9000,0.0500,10,10,0.0000,0
a-n60-k9.vrp,ga,1,1391.6143,2668.8870,1871.1382,290.8417,200,9619,0.9000,0.0500,10,10,0.0000,0
a-n60-k9.vrp,ga,1,1391.6143,2832.9382,1816.9601,313.5589,200,9620,0.9000,0.0500,10,10,0.0000,0
a-n60-k9.vrp,ga,1,1391.6143,2607.7847,1819.9799,277.8222,200,9621,0.9000,0.0500,10,10,0.0000,0
a-n60-k9.vrp,ga,1,1391.6143,2813.9553,1806.6227,309.7274,200,9622,0.9000,0.0500,10,10,0.0000,0
a-n60-k9.vrp,ga,1,1391.6143,2678.7629,1831.5181,283.9348,200,9623,0.9000,0.0500,10,10,0.0000,0
a-n60-k9.vrp,ga,1,1391.6143,2660.6274,1831.7910,276.2511,200,9624,0.9000,0.0500,10,10,0.0000,0
a-n60-k9.vrp,ga,1,1391.6143,2587.1064,1808.7266,274.9603,200,9625,0.9000,0.0500,10,10,0.0000,0
a-n60-k9.vrp,ga,1,1391.6143,2740.6553,1802.5248,298.5888,200,9626,0.9000,0.0500,10,10,0.0000,0
a-n60-k9.vrp,ga,1,1391.6143,2646.5156,1811.8177,291.9496,200,9627,0.9000,0.0500,10,10,0.0000,0
a-n60-k9.vrp,ga,1,1391.6143,2678.7629,1828.9025,295.3743,200,9628,0.9000,0.0500,10,10,0.0000,0
a-n60-k9.vrp,ga,1,1391.6143,2657.6191,1801.8018,292.2049,200,9629,0.9000,0.0500,10,10,0.0000,0
a-n60-k9.vrp,ga,1,1391.6143,2693.9636,1798.8082,283.2722,200,9630,0.9000,0.0500,10,10,0.0000,0
a-n60-k9.vrp,ga,1,1391.6143,2639.0110,1761.9127,268.8394,200,9631,0.9000,0.0500,10,10,0.0000,0
a-n60-k9.vrp,ga,1,1391.6143,2540.1274,1761.2440,265.9638,200,9632,0.9000,0.0500,10,10,0.0000,0
a-n60-k9.vrp,ga,1,1391.6143,2561.6311,1818.2321,291.7586,200,9633,0.9000,0.0500,10,10,0.0000,0
a-n60-k9.vrp,ga,1,1391.6143,2866.7454,1806.0013,282.1291,200,9634,0.9000,0.0500,10,10,0.0000,0
a-n60-k9.vrp,ga,1,1391.6143,2579.7798,1798.1649,288.4729,200,9635,0.9000,0.0500,10,10,0.0000,0
a-n60-k9.vrp,ga,1,1391.6143,2500.2100,1787.0234,269.1577,200,9636,0.9000,0.0500,10,10,0.0000,0
a-n60-k9.vrp,ga,1,1391.6143,2927.7002,1821.6541,287.7540,200,9637,0.9000,0.0500,10,10,0.0000,0
a-n60-k9.vrp,ga,1,1391.6143,2717.7688,1808.2913,257.4064,200,9638,0.9000,0.0500,10,10,0.0000,0
a-n60-k9.vrp,ga,1,1391.6143,2721.8916,1820.3086,280.6617,200,9639,0.9000,0.0500,10,10,0.0000,0
a-n60-k9.vrp,ga,1,1391.6143,2806.7844,1792.4530,288.9703,200,9640,0.9000,0.0500,10,10,0.0000,0
a-n60-k9.vrp,ga,1,1391.6143,2983.2759,1844.1129,287.3359,200,9641,0.9000,0.0500,10,10,0.0000,0
a-n60-k9.vrp,ga,1,1391.6143,2873.8352,1868.3120,311.1375,200,9642,0.9000,0.0500,10,10,0.0000,0
a-n60-k9.vrp,ga,1,1391.6143,2887.2759,1812.1249,284.4411,200,9643,0.9000,0.0500,10,10,0.0000,0
a-n60-k9.vrp,ga,1,1391.6143,2533.0852,1805.7410,253.1382,200,9644,0.9000,0.0500,10,10,0.0000,0
a-n60-k9.vrp,ga,1,1391.6143,2889.1565,1767.2399,289.7249,200,9645,0.9000,0.0500,10,10,0.0000,0
a-n60-k9.vrp,ga,1,1391.6143,2696.4973,1788.0834,255.0974,200,9646,0.9000,0.0500,10,10,0.0000,0
a-n60-k9.vrp,ga,1,1391.6143,2767.6333,1776.7784,277.6183,200,9647,0.9000,0.0500,10,10,0.0000,0
a-n60-k9.vrp,ga,1,1391.6143,2541.6829,1806.2609,258.8010,200,9648,0.9000,0.0500,10,10,0.0000,0
a-n60-k9.vrp,ga,1,1391.6143,2899.4412,1808.0070,283.5910,200,9649,0.9000,0.0500,10,10,0.0000,0
a-n60-k9.vrp,ga,1,1391.6143,2765.3296,1801.2936,278.7958,200,9650,0.9000,0.0500,10,10,0.0000,0
a-n60-k9.vrp,ga,1,1391.6143,2638.9492,1770.7338,268.7281,200,9651,0.9000,0.0500,10,10,0.0000,0
a-n60-k9.vrp,ga,1,1391.6143,2815.1460,1788.7659,282.4977,200,9652,0.9000,0.0500,10,10,0.0000,0
a-n60-k9.vrp,ga,1,1391.6143,2592.9561,1775.2806,260.6505,200,9653,0.9000,0.0500,10,10,0.0000,0
a-n60-k9.vrp,ga,1,1391.6143,2720.6509,1826.2489,290.4340,200,9654,0.9000,0.0500,10,10,0.0000,0
a-n60-k9.vrp,ga,1,1391.6143,2591.8345,1841.5144,280.2476,200,9655,0.9000,0.0500,10,10,0.0000,0
a-n60-k9.vrp,ga,1,1391.6143,2736.3076,1816.9312,284.7724,200,9656,0.9000,0.0500,10,10,0.0000,0
a-n60-k9.vrp,ga,1,1391.6143,2830.5752,1814.6932,277.9312,200,9657,0.9000,0.0500,10,10,0.0000,0
a-n60-k9.vrp,ga,1,1391.6143,2798.0461,1822.9648,303.9742,200,9658,0.9000,0.0500,10,10,0.0000,0
a-n60-k9.vrp,ga,1,1391.6143,2708.6479,1782.3821,276.8502,200,9659,0.9000,0.0500,10,10,0.0000,0
a-n60-k9.vrp,ga,1,1391.6143,2676.4556,1853.6025,277.8996,200,9660,0.9000,0.0500,10,10,0.0000,0
a-n60-k9.vrp,ga,1,1391.6143,2848.9348,1800.9034,282.3362,200,9661,0.9000,0.0500,10,10,0.0000,0
a-n60-k9.vrp,ga,1,1391.6143,2765.9021,1826.4823,302.7502,200,9662,0.9000,0.0500,10,10,0.0000,0
a-n60-k9.vrp,ga,1,1391.6143,2571.0325,1809.2103,290.0650,200,9663,0.9000,0.0500,10,10,0.0000,0
a-n60-k9.vrp,ga,1,1391.6143,2769.0593,1801.6359,271.2160,200,9664,0.9000,0.0500,10,10,0.0000,0
a-n60-k9.vrp,ga,1,1391.6143,2987.9817,1892.2894,296.5710,200,9665,0.9000,0.0500,10,10,0.0000,0
a-n60-k9.vrp,ga,1,1391.6143,2701.5269,1865.8585,291.2489,200,9666,0.9000,0.0500,10,10,0.0000,0
a-n60-k9.vrp,ga,1,1391.6143,2774.9634,1852.6851,289.6963,200,9667,0.9000,0.0500,10,10,0.0000,0
a-n60-k9.vrp,ga,1,1391.6143,2924.8718,1853.8680,292.0056,200,9668,0.9000,0.0500,10,10,0.0000,0
a-n60-k9.vrp,ga,1,1391.6143,2802.4333,1854.0341,287.2769,200,9669,0.9000,0.0500,10,10,0.0000,0
a-n60-k9.vrp,ga,1,1391.6143,2842.8237,1820.3260,283.7737,200,9670,0.9000,0.0500,10,10,0.0000,0
a-n60-k9.vrp,ga,1,1391.6143,2483.3037,1846.8533,281.8784,200,9671,0.9000,0.0500,10,10,0.0000,0
a-n60-k9.vrp,ga,1,1391.6143,2755.6401,1846.2603,291.7477,200,9672,0.9000,0.0500,10,10,0.0000,0
a-n60-k9.vrp,ga,1,1391.6143,2804.7432,1838.5404,311.5490,200,9673,0.9000,0.0500,10,10,0.0000,0
a-n60-k9.vrp,ga,1,1391.6143,2856.0598,1823.5830,278.2931,200,9674,0.9000,0.0500,10,10,0.0000,0
a-n60-k9.vrp,ga,1,1391.6143,2701.5269,1827.6074,279.3911,200,9675,0.9000,0.0500,10,10,0.0000,0
a-n60-k9.vrp,ga,1,1391.6143,2559.0640,1810.5533,288.0139,200,9676,0.9000,0.0500,10,10,0.0000,0
a-n60-k9.vrp,ga,1,1391.6143,2556.3716,1841.6222,293.1912,200,9677,0.9000,0.0500,10,10,0.0000,0
a-n60-k9.vrp,ga,1,1391.6143,2625.3162,1841.1761,292.5045,200,9678,0.9000,0.0500,10,10,0.0000,0
a-n60-k9.vrp,ga,1,1391.6143,2731.4873,1816.6495,294.2306,200,9679,0.9000,0.0500,10,10,0.0000,0
a-n60-k9.vrp,ga,1,1391.6143,2721.1887,1807.1042,284.0488,200,9680,0.9000,0.0500,10,10,0.0000,0
a-n60-k9.vrp,ga,1,1391.6143,2889.1565,1819.8701,291.1007,200,9681,0.9000,0.0500,10,10,0.0000,0
a-n60-k9.vrp,ga,1,1391.6143,2902.6799,1795.7778,292.1481,200,9682,0.9000,0.0500,10,10,0.0000,0
a-n60-k9.vrp,ga,1,1391.6143,2870.9888,1825.2244,304.1831,200,9683,0.9000,0.0500,10,10,0.0000,0
a-n60-k9.vrp,ga,1,1391.6143,2917.8406,1832.5834,313.4416,200,9684,0.9000,0.0500,10,10,0.0000,0
a-n60-k9.vrp,ga,1,1391.6143,2886.6543,1831.6212,307.0312,200,9685,0.9000,0.0500,10,10,0.0000,0
a-n60-k9.vrp,ga,1,1391.6143,2472.4346,1783.8378,269.4750,200,9686,0.9000,0.0500,10,10,0.0000,0
a-n60-k9.vrp,ga,1,1391.6143,2844.4824,1794.1322,282.8652,200,9687,0.9000,0.0500,10,10,0.0000,0
a-n60-k9.vrp,ga,1,1391.6143,2484.6804,1822.8242,267.1197,200,9688,0.9000,0.0500,10,10,0.0000,0
a-n60-k9.vrp,ga,1,1391.6143,2886.8779,1837.0006,297.6016,200,9689,0.9000,0.0500,10,10,0.0000,0
a-n60-k9.vrp,ga,1,1391.6143,2844.4824,1812.3562,299.2054,200,9690,0.9000,0.0500,10,10,0.0000,0
a-n60-k9.vrp,ga,1,1391.6143,2391.5161,1806.6729,262.3619,200,9691,0.9000,0.0500,10,10,0.0000,0
a-n60-k9.vrp,ga,1,1391.6143,2619.1038,1797.7732,281.0402,200,9692,0.9000,0.0500,10,10,0.0000,0
a-n60-k9.vrp,ga,1,1391.6143,2953.5132,1794.6406,301.6358,200,9693,0.9000,0.0500,10,10,0.0000,0
a-n60-k9.vrp,ga,1,1391.6143,2896.9468,1768.8580,282.3218,200,9694,0.9000,0.0500,10,10,0.0000,0
a-n60-k9.vrp,ga,1,1391.6143,2844.4824,1808.4845,297.2439,200,9695,0.9000,0.0500,10,10,0.0000,0
a-n60-k9.vrp,ga,1,1391.6143,2536.9497,1803.0944,267.3957,200,9696,0.9000,0.0500,10,10,0.0000,0
a-n60-k9.vrp,ga,1,1391.6143,2820.9041,1798.9951,283.7880,200,9697,0.9000,0.0500,10,10,0.0000,0
a-n60-k9.vrp,ga,1,1391.6143,2566.6790,1759.9391,273.5898,200,9698,0.9000,0.0500,10,10,0.0000,0
a-n60-k9.vrp,ga,1,1391.6143,2893.7498,1811.5453,305.6396,200,9699,0.9000,0.0500,10,10,0.0000,0
a-n60-k9.vrp,ga,1,1391.6143,2951.1448,1811.4565,317.5972,200,9700,0.9000,0.0500,10,10,0.0000,0
a-n60-k9.vrp,ga,1,1391.6143,2820.6033,1807.3690,292.6106,200,9701,0.9000,0.0500,10,10,0.0000,0
a-n60-k9.vrp,ga,1,1391.6143,2844.4824,1859.4728,314.8976,200,9702,0.9000,0.0500,10,10,0.0000,0
a-n60-k9.vrp,ga,1,1391.6143,2850.8596,1839.4984,292.1064,200,9703,0.9000,0.0500,10,10,0.0000,0
a-n60-k9.vrp,ga,1,1391.6143,3123.7249,1823.5900,283.0614,200,9704,0.9000,0.0500,10,10,0.0000,0
a-n60-k9.vrp,ga,1,1391.6143,2589.4839,1816.2878,276.9922,200,9705,0.9000,0.0500,10,10,0.0000,0
a-n60-k9.vrp,ga,1,1391.6143,2844.4824,1841.7155,269.4674,200,9706,0.9000,0.0500,10,10,0.0000,0
a-n60-k9.vrp,ga,1,1391.6143,2858.4050,1856.3398,283.1632,200,9707,0.9000,0.0500,10,10,0.0000,0
a-n60-k9.vrp,ga,1,1391.6143,3140.7803,1836.5649,283.2274,200,9708,0.9000,0.0500,10,10,0.0000,0
a-n60-k9.vrp,ga,1,1391.6143,2844.4824,1831.9062,291.7332,200,9709,0.9000,0.0500,10,10,0.0000,0
a-n60-k9.vrp,ga,1,1391.6143,2907.8237,1843.9866,304.3803,200,9710,0.9000,0.0500,10,10,0.0000,0
a-n60-k9.vrp,ga,1,1391.6143,2880.7522,1834.2112,295.1299,200,9711,0.9000,0.0500,10,10,0.0000,0
a-n60-k9.vrp,ga,1,1391.6143,2800.5605,1847.5240,291.6404,200,9712,0.9000,0.0500,10,10,0.0000,0
a-n60-k9.vrp,ga,1,1391.6143,2844.4824,1827.6750,275.8958,200,9713,0.9000,0.0500,10,10,0.0000,0
a-n60-k9.vrp,ga,1,1391.6143,2828.5398,1855.7550,282.5140,200,9714,0.9000,0.0500,10,10,0.0000,0
a-n60-k9.vrp,ga,1,1391.6143,2905.4500,1868.9430,301.1545,200,9715,0.9000,0.0500,10,10,0.0000,0
a-n60-k9.vrp,ga,1,1391.6143,3047.9690,1890.1665,296.5059,200,9716,0.9000,0.0500,10,10,0.0000,0
a-n60-k9.vrp,ga,1,1391.6143,2404.0308,1827.1775,271.1858,200,9717,0.9000,0.0500,10,10,0.0000,0
a-n60-k9.vrp,ga,1,1391.6143,2902.0276,1827.6244,294.6685,200,9718,0.9000,0.0500,10,10,0.0000,0
a-n60-k9.vrp,ga,1,1391.6143,2789.4670,1859.0225,302.0629,200,9719,0.9000,0.0500,10,10,0.0000,0
a-n60-k9.vrp,ga,1,1391.6143,2844.4824,1831.4390,281.3491,200,9720,0.9000,0.0500,10,10,0.0000,0
a-n60-k9.vrp,ga,1,1391.6143,2636.5432,1829.2007,289.5434,200,9721,0.9000,0.0500,10,10,0.0000,0
a-n60-k9.vrp,ga,1,1391.6143,2805.7917,1795.8458,320.5892,200,9722,0.9000,0.0500,10,10,0.0000,0
a-n60-k9.vrp,ga,1,1391.6143,2777.2744,1805.4241,291.4083,200,9723,0.9000,0.0500,10,10,0.0000,0
a-n60-k9.vrp,ga,1,1391.6143,2946.6941,1811.0212,324.2440,200,9724,0.9000,0.0500,10,10,0.0000,0
a-n60-k9.vrp,ga,1,1391.6143,2897.2554,1813.6707,305.2352,200,9725,0.9000,0.0500,10,10,0.0000,0
a-n60-k9.vrp,ga,1,1391.6143,2770.6768,1800.8762,289.1634,200,9726,0.9000,0.0500,10,10,0.0000,0
a-n60-k9.vrp,ga,1,1391.6143,2937.2222,1826.0331,313.2085,200,9727,0.9000,0.0500,10,10,0.0000,0
a-n60-k9.vrp,ga,1,1391.6143,2844.4824,1808.6217,310.6065,200,9728,0.9000,0.0500,10,10,0.0000,0
a-n60-k9.vrp,ga,1,1391.6143,2844.4824,1863.6411,298.2097,200,9729,0.9000,0.0500,10,10,0.0000,0
a-n60-k9.vrp,ga,1,1391.6143,2756.6040,1866.6942,284.7349,200,9730,0.9000,0.0500,10,10,0.0000,0
a-n60-k9.vrp,ga,1,1391.6143,2671.5918,1833.3356,283.8956,200,9731,0.9000,0.0500,10,10,0.0000,0
a-n60-k9.vrp,ga,1,1391.6143,3146.7070,1865.5206,332.3206,200,9732,0.9000,0.0500,10,10,0.0000,0
a-n60-k9.vrp,ga,1,1391.6143,2814.5278,1813.7634,290.6487,200,9733,0.9000,0.0500,10,10,0.0000,0
a-n60-k9.vrp,ga,1,1391.6143,2761.5710,1820.3740,283.6152,200,9734,0.9000,0.0500,10,10,0.0000,0
a-n60-k9.vrp,ga,1,1391.6143,2804.5530,1830.2094,302.9174,200,9735,0.9000,0.0500,10,10,0.0000,0
a-n60-k9.vrp,ga,1,1391.6143,2844.4824,1789.3331,281.9639,200,9736,0.9000,0.0500,10,10,0.0000,0
a-n60-k9.vrp,ga,1,1391.6143,2593.7773,1839.3901,257.8754,200,9737,0.9000,0.0500,10,10,0.0000,0
a-n60-k9.vrp,ga,1,1391.6143,3005.7576,1849.3967,314.7022,200,9738,0.9000,0.0500,10,10,0.0000,0
a-n60-k9.vrp,ga,1,1391.6143,2806.7007,1838.0345,320.5640,200,9739,0.9000,0.0500,10,10,0.0000,0
a-n60-k9.vrp,ga,1,1391.6143,2749.5347,1797.0192,295.9130,200,9740,0.9000,0.0500,10,10,0.0000,0
a-n60-k9.vrp,ga,1,1391.6143,2830.6155,1806.9209,294.2514,200,9741,0.9000,0.0500,10,10,0.0000,0
a-n60-k9.vrp,ga,1,1391.6143,2604.7012,1821.2981,279.2312,200,9742,0.9000,0.0500,10,10,0.0000,0
a-n60-k9.vrp,ga,1,1391.6143,2817.1506,1832.9249,293.7462,200,9743,0.9000,0.0500,10,10,0.0000,0
a-n60-k9.vrp,ga,1,1391.6143,2686.7603,1833.3984,315.6198,200,9744,0.9000,0.0500,10,10,0.0000,0
a-n60-k9.vrp,ga,1,1391.6143,2637.5527,1831.1740,277.8522,200,9745,0.9000,0.0500,10,10,0.0000,0
a-n60-k9.vrp,ga,1,1391.6143,2709.2295,1802.6090,278.4152,200,9746,0.9000,0.0500,10,10,0.0000,0
a-n60-k9.vrp,ga,1,1391.6143,2636.2400,1801.1676,288.9947,200,9747,0.9000,0.0500,10,10,0.0000,0
a-n60-k9.vrp,ga,1,1391.6143,2749.5347,1832.2207,281.1347,200,9748,0.9000,0.0500,10,10,0.0000,0
a-n60-k9.vrp,ga,1,1391.6143,2757.2803,1837.8368,284.6839,200,9749,0.9000,0.0500,10,10,0.0000,0
a-n60-k9.vrp,ga,1,1391.6143,2749.5347,1848.0139,297.3521,200,9750,0.9000,0.0500,10,10,0.0000,0
a-n60-k9.vrp,ga,1,1391.6143,2749.5347,1842.7426,292.8998,200,9751,0.9000,0.0500,10,10,0.0000,0
a-n60-k9.vrp,ga,1,1391.6143,2772.3420,1835.8654,300.2036,200,9752,0.9000,0.0500,10,10,0.0000,0
a-n60-k9.vrp,ga,1,1391.6143,2832.6619,1816.9133,274.8434,200,9753,0.9000,0.0500,10,10,0.0000,0
a-n60-k9.vrp,ga,1,1391.6143,2634.0940,1831.1244,271.1893,200,9754,0.9000,0.0500,10,10,0.0000,0
a-n60-k9.vrp,ga,1,1391.6143,2749.5347,1832.5656,277.2574,200,9755,0.9000,0.0500,10,10,0.0000,0
a-n60-k9.vrp,ga,1,1391.6143,2824.6487,1858.8888,295.7422,200,9756,0.9000,0.0500,10,10,0.0000,0
a-n60-k9.vrp,ga,1,1391.6143,2816.4932,1870.0938,324.0918,200,9757,0.9000,0.0500,10,10,0.0000,0
a-n60-k9.vrp,ga,1,1391.6143,2665.7312,1859.6217,300.5676,200,9758,0.9000,0.0500,10,10,0.0000,0
a-n60-k9.vrp,ga,1,1391.6143,2760.5818,1831.2051,282.6858,200,9759,0.9000,0.0500,10,10,0.0000,0
a-n60-k9.vrp,ga,1,1391.6143,2765.3428,1865.8639,302.9369,200,9760,0.9000,0.0500,10,10,0.0000,0
a-n60-k9.vrp,ga,1,1391.6143,2754.0718,1882.4214,301.0968,200,9761,0.9000,0.0500,10,10,0.0000,0
a-n60-k9.vrp,ga,1,1391.6143,2733.7722,1922.5861,302.6990,200,9762,0.9000,0.0500,10,10,0.0000,0
a-n60-k9.vrp,ga,1,1391.6143,3005.8081,1973.3994,334.3203,200,9763,0.9000,0.0500,10,10,0.0000,0
a-n60-k9.vrp,ga,1,1391.6143,2600.2361,1918.3517,300.4969,200,9764,0.9000,0.0500,10,10,0.0000,0
a-n60-k9.vrp,ga,1,1391.6143,2536.6697,1884.6581,298.6778,200,9765,0.9000,0.0500,10,10,0.0000,0
a-n60-k9.vrp,ga,1,1391.6143,2844.2717,1871.2612,299.8672,200,9766,0.9000,0.0500,10,10,0.0000,0
a-n60-k9.vrp,ga,1,1391.6143,2689.7747,1845.4823,310.9733,200,9767,0.9000,0.0500,10,10,0.0000,0
a-n60-k9.vrp,ga,1,1391.6143,2552.7065,1834.4091,286.5786,200,9768,0.9000,0.0500,10,10,0.0000,0
a-n60-k9.vrp,ga,1,1391.6143,2643.6821,1934.7427,269.1198,200,9769,0.9000,0.0500,10,10,0.0000,0
a-n60-k9.vrp,ga,1,1391.6143,2730.9819,1901.2496,286.0067,200,9770,0.9000,0.0500,10,10,0.0000,0
a-n60-k9.vrp,ga,1,1391.6143,2655.8657,1874.1108,280.3895,200,9771,0.9000,0.0500,10,10,0.0000,0
a-n60-k9.vrp,ga,1,1391.6143,2894.2461,1930.2703,267.8870,200,9772,0.9000,0.0500,10,10,0.0000,0
a-n60-k9.vrp,ga,1,1391.6143,2580.6765,1894.4468,282.6796,200,9773,0.9000,0.0500,10,10,0.0000,0
a-n60-k9.vrp,ga,1,1391.6143,2871.8926,1852.4775,300.3436,200,9774,0.9000,0.0500,10,10,0.0000,0
a-n60-k9.vrp,ga,1,1391.6143,2757.7761,1865.9683,317.8216,200,9775,0.9000,0.0500,10,10,0.0000,0
a-n60-k9.vrp,ga,1,1391.6143,2436.5767,1824.0219,275.3970,200,9776,0.9000,0.0500,10,10,0.0000,0
a-n60-k9.vrp,ga,1,1391.6143,2326.6377,1781.8900,272.3803,200,9777,0.9000,0.0500,10,10,0.0000,0
a-n60-k9.vrp,ga,1,1391.6143,2377.8936,1803.0055,264.8345,200,9778,0.9000,0.0500,10,10,0.0000,0
a-n60-k9.vrp,ga,1,1391.6143,2613.9429,1852.6597,268.6704,200,9779,0.9000,0.0500,10,10,0.0000,0
a-n60-k9.vrp,ga,1,1391.6143,2666.9148,1841.4688,263.7404,200,9780,0.9000,0.0500,10,10,0.0000,0
a-n60-k9.vrp,ga,1,1391.6143,2361.4800,1842.4952,262.5897,200,9781,0.9000,0.0500,10,10,0.0000,0
a-n60-k9.vrp,ga,1,1391.6143,2603.3384,1787.7067,260.0467,200,9782,0.9000,0.0500,10,10,0.0000,0
a-n60-k9.vrp,ga,1,1391.6143,2541.5046,1851.8712,271.8110,200,9783,0.9000,0.0500,10,10,0.0000,0
a-n60-k9.vrp,ga,1,1391.6143,2393.3513,1828.9929,259.1210,200,9784,0.9000,0.0500,10,10,0.0000,0
a-n60-k9.vrp,ga,1,1391.6143,2370.6736,1862.7075,269.4122,200,9785,0.9000,0.0500,10,10,0.0000,0
a-n60-k9.vrp,ga,1,1391.6143,2444.0693,1847.1732,259.5746,200,9786,0.9000,0.0500,10,10,0.0000,0
a-n60-k9.vrp,ga,1,1391.6143,2435.9636,1828.5566,270.9288,200,9787,0.9000,0.0500,10,10,0.0000,0
a-n60-k9.vrp,ga,1,1391.6143,2514.1621,1852.1565,269.0625,200,9788,0.9000,0.0500,10,10,0.0000,0
a-n60-k9.vrp,ga,1,1391.6143,2660.3640,1830.7550,289.4732,200,9789,0.9000,0.0500,10,10,0.0000,0
a-n60-k9.vrp,ga,1,1391.6143,2640.5413,1850.1042,276.9962,200,9790,0.9000,0.0500,10,10,0.0000,0
a-n60-k9.vrp,ga,1,1391.6143,2561.7031,1855.8593,287.2789,200,9791,0.9000,0.0500,10,10,0.0000,0
a-n60-k9.vrp,ga,1,1391.6143,2604.1357,1846.4293,293.3531,200,9792,0.9000,0.0500,10,10,0.0000,0
a-n60-k9.vrp,ga,1,1391.6143,2665.9502,1825.7946,280.3169,200,9793,0.9000,0.0500,10,10,0.0000,0
a-n60-k9.vrp,ga,1,1391.6143,2557.0862,1843.5420,265.3000,200,9794,0.9000,0.0500,10,10,0.0000,0
a-n60-k9.vrp,ga,1,1391.6143,2812.7517,1861.2344,276.3918,200,9795,0.9000,0.0500,10,10,0.0000,0
a-n60-k9.vrp,ga,1,1391.6143,2652.9810,1878.9735,297.6334,200,9796,0.9000,0.0500,10,10,0.0000,0
a-n60-k9.vrp,ga,1,1391.6143,2504.8677,1852.3132,278.8247,200,9797,0.9000,0.0500,10,10,0.0000,0
a-n60-k9.vrp,ga,1,1391.6143,2570.7163,1840.3402,290.5420,200,9798,0.9000,0.0500,10,10,0.0000,0
a-n60-k9.vrp,ga,1,1391.6143,2614.0391,1840.8435,271.6819,200,9799,0.9000,0.0500,10,10,0.0000,0
a-n60-k9.vrp,ga,1,1391.6143,2794.5989,1902.8630,296.3861,200,9800,0.9000,0.0500,10,10,0.0000,0
a-n60-k9.vrp,ga,1,1391.6143,2601.9661,1910.8048,273.2379,200,9801,0.9000,0.0500,10,10,0.0000,0
a-n60-k9.vrp,ga,1,1391.6143,2541.7581,1861.7208,264.6968,200,9802,0.9000,0.0500,10,10,0.0000,0
a-n60-k9.vrp,ga,1,1391.6143,2497.4985,1845.5747,261.3153,200,9803,0.9000,0.0500,10,10,0.0000,0
a-n60-k9.vrp,ga,1,1391.6143,2651.8401,1814.5782,296.8633,200,9804,0.9000,0.0500,10,10,0.0000,0
a-n60-k9.vrp,ga,1,1391.6143,2675.1726,1790.1073,277.7658,200,9805,0.9000,0.0500,10,10,0.0000,0
a-n60-k9.vrp,ga,1,1391.6143,2714.9792,1799.7013,277.4951,200,9806,0.9000,0.0500,10,10,0.0000,0
a-n60-k9.vrp,ga,1,1391.6143,2617.7563,1827.4364,267.8021,200,9807,0.9000,0.0500,10,10,0.0000,0
a-n60-k9.vrp,ga,1,1391.6143,2630.0144,1829.2152,292.9418,200,9808,0.9000,0.0500,10,10,0.0000,0
a-n60-k9.vrp,ga,1,1391.6143,2689.7747,1829.3972,268.1904,200,9809,0.9000,0.0500,10,10,0.0000,0
a-n60-k9.vrp,ga,1,1391.6143,2592.5398,1820.4425,253.9244,200,9810,0.9000,0.0500,10,10,0.0000,0
a-n60-k9.vrp,ga,1,1391.6143,2675.8752,1849.0217,291.7477,200,9811,0.9000,0.0500,10,10,0.0000,0
a-n60-k9.vrp,ga,1,1391.6143,2857.2915,1845.1458,281.0459,200,9812,0.9000,0.0500,10,10,0.0000,0
a-n60-k9.vrp,ga,1,1391.6143,2824.6809,1813.5287,285.5657,200,9813,0.9000,0.0500,10,10,0.0000,0
a-n60-k9.vrp,ga,1,1391.6143,2667.6365,1841.0742,281.4198,200,9814,0.9000,0.0500,10,10,0.0000,0
a-n60-k9.vrp,ga,1,1391.6143,2556.5891,1834.4529,284.9982,200,9815,0.9000,0.0500,10,10,0.0000,0
a-n60-k9.vrp,ga,1,1391.6143,2422.4067,1862.8734,269.9477,200,9816,0.9000,0.0500,10,10,0.0000,0
a-n60-k9.vrp,ga,1,1391.6143,2674.5251,1867.5332,254.9600,200,9817,0.9000,0.0500,10,10,0.0000,0
a-n60-k9.vrp,ga,1,1391.6143,2459.6147,1867.9924,256.1121,200,9818,0.9000,0.0500,10,10,0.0000,0
a-n60-k9.vrp,ga,1,1391.6143,2541.8926,1850.3480,271.4185,200,9819,0.9000,0.0500,10,10,0.0000,0
a-n60-k9.vrp,ga,1,1391.6143,2622.7092,1873.5892,275.9094,200,9820,0.9000,0.0500,10,10,0.0000,0
a-n60-k9.vrp,ga,1,1391.6143,2597.0466,1900.8774,278.6611,200,9821,0.9000,0.0500,10,10,0.0000,0
a-n60-k9.vrp,ga,1,1391.6143,2735.3186,1909.6974,278.3146,200,9822,0.9000,0.0500,10,10,0.0000,0
a-n60-k9.vrp,ga,1,1391.6143,2646.9011,1909.1315,295.4938,200,9823,0.9000,0.0500,10,10,0.0000,0
a-n60-k9.vrp,ga,1,1391.6143,2671.7537,1869.5898,297.3391,200,9824,0.9000,0.0500,10,10,0.0000,0
a-n60-k9.vrp,ga,1,1391.6143,2534.6936,1840.8679,280.2316,200,9825,0.9000,0.0500,10,10,0.0000,0
a-n60-k9.vrp,ga,1,1391.6143,2407.5671,1850.3021,248.6389,200,9826,0.9000,0.0500,10,10,0.0000,0
a-n60-k9.vrp,ga,1,1391.6143,2468.1609,1856.7595,283.1845,200,9827,0.9000,0.0500,10,10,0.0000,0
a-n60-k9.vrp,ga,1,1391.6143,2513.8875,1835.5983,274.7684,200,9828,0.9000,0.0500,10,10,0.0000,0
a-n60-k9.vrp,ga,1,1391.6143,2427.9014,1881.3267,278.3247,200,9829,0.9000,0.0500,10,10,0.0000,0
a-n60-k9.vrp,ga,1,1391.6143,2487.7766,1859.1714,275.3097,200,9830,0.9000,0.0500,10,10,0.0000,0
a-n60-k9.vrp,ga,1,1391.6143,2544.2856,1842.7883,295.6783,200,9831,0.9000,0.0500,10,10,0.0000,0
a-n60-k9.vrp,ga,1,1391.6143,2440.1782,1885.2422,267.7231,200,9832,0.9000,0.0500,10,10,0.0000,0
a-n60-k9.vrp,ga,1,1391.6143,2488.9045,1871.8956,292.2600,200,9833,0.9000,0.0500,10,10,0.0000,0
a-n60-k9.vrp,ga,1,1391.6143,2423.3298,1845.9055,261.4829,200,9834,0.9000,0.0500,10,10,0.0000,0
a-n60-k9.vrp,ga,1,1391.6143,2533.9165,1843.3191,277.2477,200,9835,0.9000,0.0500,10,10,0.0000,0
a-n60-k9.vrp,ga,1,1391.6143,2646.9011,1827.0912,291.6194,200,9836,0.9000,0.0500,10,10,0.0000,0
a-n60-k9.vrp,ga,1,1391.6143,2426.4478,1877.8307,259.0840,200,9837,0.9000,0.0500,10,10,0.0000,0
a-n60-k9.vrp,ga,1,1391.6143,2482.9893,1835.4978,277.1300,200,9838,0.9000,0.0500,10,10,0.0000,0
a-n60-k9.vrp,ga,1,1391.6143,2450.2947,1809.7013,273.2692,200,9839,0.9000,0.0500,10,10,0.0000,0
a-n60-k9.vrp,ga,1,1391.6143,2378.1069,1816.8949,264.9212,200,9840,0.9000,0.0500,10,10,0.0000,0
a-n60-k9.vrp,ga,1,1391.6143,2506.7632,1843.6512,269.3091,200,9841,0.9000,0.0500,10,10,0.0000,0
a-n60-k9.vrp,ga,1,1391.6143,2563.0776,1853.1915,280.7680,200,9842,0.9000,0.0500,10,10,0.0000,0
a-n60-k9.vrp,ga,1,1391.6143,2549.4609,1847.1774,286.3493,200,9843,0.9000,0.0500,10,10,0.0000,0
a-n60-k9.vrp,ga,1,1391.6143,2557.4807,1833.5681,271.3075,200,9844,0.9000,0.0500,10,10,0.0000,0
a-n60-k9.vrp,ga,1,1391.6143,2604.3220,1853.1454,289.8463,200,9845,0.9000,0.0500,10,10,0.0000,0
a-n60-k9.vrp,ga,1,1391.6143,2530.3352,1867.9521,266.3744,200,9846,0.9000,0.0500,10,10,0.0000,0
a-n60-k9.vrp,ga,1,1391.6143,2515.6338,1841.2389,276.7036,200,9847,0.9000,0.0500,10,10,0.0000,0
a-n60-k9.vrp,ga,1,1391.6143,2616.4619,1833.6365,258.8451,200,9848,0.9000,0.0500,10,10,0.0000,0
a-n60-k9.vrp,ga,1,1391.6143,2445.2327,1873.9202,274.1880,200,9849,0.9000,0.0500,10,10,0.0000,0
a-n60-k9.vrp,ga,1,1391.6143,2482.9368,1852.5741,280.6462,200,9850,0.9000,0.0500,10,10,0.0000,0
a-n60-k9.vrp,ga,1,1391.6143,2580.2097,1900.5070,275.2437,200,9851,0.9000,0.0500,10,10,0.0000,0
a-n60-k9.vrp,ga,1,1391.6143,2569.0637,1904.2566,264.4799,200,9852,0.9000,0.0500,10,10,0.0000,0
a-n60-k9.vrp,ga,1,1391.6143,2566.3687,1926.7860,273.0359,200,9853,0.9000,0.0500,10,10,0.0000,0
a-n60-k9.vrp,ga,1,1391.6143,2520.0249,1889.2379,254.5031,200,9854,0.9000,0.0500,10,10,0.0000,0
a-n60-k9.vrp,ga,1,1391.6143,2418.0315,1869.7798,268.4216,200,9855,0.9000,0.0500,10,10,0.0000,0
a-n60-k9.vrp,ga,1,1391.6143,2586.4358,1881.8887,271.2050,200,9856,0.9000,0.0500,10,10,0.0000,0
a-n60-k9.vrp,ga,1,1391.6143,2668.1680,1874.0812,277.4589,200,9857,0.9000,0.0500,10,10,0.0000,0
a-n60-k9.vrp,ga,1,1391.6143,2724.2781,1877.5753,288.3447,200,9858,0.9000,0.0500,10,10,0.0000,0
a-n60-k9.vrp,ga,1,1391.6143,2558.0283,1824.7185,281.6520,200,9859,0.9000,0.0500,10,10,0.0000,0
a-n60-k9.vrp,ga,1,1391.6143,2648.8801,1827.1029,275.4239,200,9860,0.9000,0.0500,10,10,0.0000,0
a-n60-k9.vrp,ga,1,1391.6143,2617.3748,1845.4104,272.7594,200,9861,0.9000,0.0500,10,10,0.0000,0
a-n60-k9.vrp,ga,1,1391.2532,2471.6421,1867.4387,260.3086,200,9862,0.9000,0.0500,10,10,0.0000,0
a-n60-k9.vrp,ga,1,1391.2532,2776.9280,1869.1826,267.9608,200,9863,0.9000,0.0500,10,10,0.0000,0
a-n60-k9.vrp,ga,1,1391.2532,2393.1216,1876.9497,248.5826,200,9864,0.9000,0.0500,10,10,0.0000,0
a-n60-k9.vrp,ga,1,1391.2532,2418.2190,1834.0121,258.9463,200,9865,0.9000,0.0500,10,10,0.0000,0
a-n60-k9.vrp,ga,1,1391.2528,2408.4321,1818.4154,262.3008,200,9866,0.9000,0.0500,10,10,0.0000,0
a-n60-k9.vrp,ga,1,1391.2528,2278.3667,1813.2263,254.0013,200,9867,0.9000,0.0500,10,10,0.0000,0
a-n60-k9.vrp,ga,1,1391.2528,2315.6245,1803.4241,257.4629,200,9868,0.9000,0.0500,10,10,0.0000,0
a-n60-k9.vrp,ga,1,1391.2528,2373.0879,1766.6376,242.2695,200,9869,0.9000,0.0500,10,10,0.0000,0
a-n60-k9.vrp,ga,1,1391.2528,2332.3716,1772.5923,263.5906,200,9870,0.9000,0.0500,10,10,0.0000,0
a-n60-k9.vrp,ga,1,1391.2528,2296.2673,1770.8870,263.0979,200,9871,0.9000,0.0500,10,10,0.0000,0
a-n60-k9.vrp,ga,1,1391.2528,2318.7375,1781.2805,247.4427,200,9872,0.9000,0.0500,10,10,0.0000,0
a-n60-k9.vrp,ga,1,1391.2528,2387.1499,1752.2506,262.5068,200,9873,0.9000,0.0500,10,10,0.0000,0
a-n60-k9.vrp,ga,1,1391.2528,2272.2810,1734.7134,241.9750,200,9874,0.9000,0.0500,10,10,0.0000,0
a-n60-k9.vrp,ga,1,1391.2528,2239.8657,1772.2394,224.7632,200,9875,0.9000,0.0500,10,10,0.0000,0
a-n60-k9.vrp,ga,1,1391.2528,2334.9514,1803.4133,231.4628,200,9876,0.9000,0.0500,10,10,0.0000,0
a-n60-k9.vrp,ga,1,1391.2528,2318.5696,1784.0210,242.0249,200,9877,0.9000,0.0500,10,10,0.0000,0
a-n60-k9.vrp,ga,1,1391.2528,2388.2888,1780.6663,249.0867,200,9878,0.9000,0.0500,10,10,0.0000,0
a-n60-k9.vrp,ga,1,1391.2528,2291.8479,1795.6614,256.2853,200,9879,0.9000,0.0500,10,10,0.0000,0
a-n60-k9.vrp,ga,1,1391.2528,2263.7073,1790.1566,242.2051,200,9880,0.9000,0.0500,10,10,0.0000,0
a-n60-k9.vrp,ga,1,1391.2528,2358.4475,1790.3137,242.8624,200,9881,0.9000,0.0500,10,10,0.0000,0
a-n60-k9.vrp,ga,1,1391.2528,2597.4326,1829.3821,251.0374,200,9882,0.9000,0.0500,10,10,0.0000,0
a-n60-k9.vrp,ga,1,1391.2528,2415.1858,1813.9938,245.0702,200,9883,0.9000,0.0500,10,10,0.0000,0
a-n60-k9.vrp,ga,1,1391.2528,2415.6650,1778.3468,250.9864,200,9884,0.9000,0.0500,10,10,0.0000,0
a-n60-k9.vrp,ga,1,1391.2528,2480.2112,1781.9880,266.6259,200,9885,0.9000,0.0500,10,10,0.0000,0
a-n60-k9.vrp,ga,1,1391.2528,2311.0745,1796.4425,255.9987,200,9886,0.9000,0.0500,10,10,0.0000,0
a-n60-k9.vrp,ga,1,1391.2528,2506.0378,1825.9674,263.9777,200,9887,0.9000,0.0500,10,10,0.0000,0
a-n60-k9.vrp,ga,1,1391.2528,2629.1184,1881.8239,288.5438,200,9888,0.9000,0.0500,10,10,0.0000,0
a-n60-k9.vrp,ga,1,1391.2528,2414.3462,1835.1169,256.0243,200,9889,0.9000,0.0500,10,10,0.0000,0
a-n60-k9.vrp,ga,1,1391.2528,2656.8853,1871.6270,261.0190,200,9890,0.9000,0.0500,10,10,0.0000,0
a-n60-k9.vrp,ga,1,1391.2528,2427.7236,1862.8175,262.4179,200,9891,0.9000,0.0500,10,10,0.0000,0
a-n60-k9.vrp,ga,1,1391.2528,2523.0117,1819.4976,261.1429,200,9892,0.9000,0.0500,10,10,0.0000,0
a-n60-k9.vrp,ga,1,1391.2528,2331.4709,1810.8949,254.4904,200,9893,0.9000,0.0500,10,10,0.0000,0
a-n60-k9.vrp,ga,1,1391.2528,2470.8977,1808.8846,264.9779,200,9894,0.9000,0.0500,10,10,0.0000,0
a-n60-k9.vrp,ga,1,1391.2528,2451.3914,1797.0809,261.7493,200,9895,0.9000,0.0500,10,10,0.0000,0
a-n60-k9.vrp,ga,1,1391.2528,2654.7842,1827.3593,263.9032,200,9896,0.9000,0.0500,10,10,0.0000,0
a-n60-k9.vrp,ga,1,1391.2528,2434.6265,1810.6100,274.5670,200,9897,0.9000,0.0500,10,10,0.0000,0
a-n60-k9.vrp,ga,1,1391.2528,2564.7268,1807.7994,257.3735,200,9898,0.9000,0.0500,10,10,0.0000,0
a-n60-k9.vrp,ga,1,1391.2528,2504.4138,1812.0099,263.3132,200,9899,0.9000,0.0500,10,10,0.0000,0
a-n60-k9.vrp,ga,1,1391.2528,2549.2009,1875.5850,276.0246,200,9900,0.9000,0.0500,10,10,0.0000,0
a-n60-k9.vrp,ga,1,1391.2528,2517.8125,1874.4733,270.6110,200,9901,0.9000,0.0500,10,10,0.0000,0
a-n60-k9.vrp,ga,1,1391.2528,2468.1343,1807.3843,281.2496,200,9902,0.9000,0.0500,10,10,0.0000,0
a-n60-k9.vrp,ga,1,1391.2528,2452.9426,1807.0363,264.1147,200,9903,0.9000,0.0500,10,10,0.0000,0
a-n60-k9.vrp,ga,1,1391.2528,2583.4341,1812.4508,273.9710,200,9904,0.9000,0.0500,10,10,0.0000,0
a-n60-k9.vrp,ga,1,1391.2528,2724.0327,1801.4084,284.9743,200,9905,0.9000,0.0500,10,10,0.0000,0
a-n60-k9.vrp,ga,1,1391.2528,2540.2869,1807.2905,286.3025,200,9906,0.9000,0.0500,10,10,0.0000,0
a-n60-k9.vrp,ga,1,1391.2528,2497.4216,1802.5347,254.4255,200,9907,0.9000,0.0500,10,10,0.0000,0
a-n60-k9.vrp,ga,1,1391.2528,2547.7786,1831.8673,265.4904,200,9908,0.9000,0.0500,10,10,0.0000,0
a-n60-k9.vrp,ga,1,1391.2528,2522.9285,1828.2686,274.6125,200,9909,0.9000,0.0500,10,10,0.0000,0
a-n60-k9.vrp,ga,1,1391.2528,2645.3401,1846.8682,268.2216,200,9910,0.9000,0.0500,10,10,0.0000,0
a-n60-k9.vrp,ga,1,1391.2528,2607.0984,1828.3640,284.4091,200,9911,0.9000,0.0500,10,10,0.0000,0
a-n60-k9.vrp,ga,1,1391.2528,2417.5894,1831.9792,287.1042,200,9912,0.9000,0.0500,10,10,0.0000,0
a-n60-k9.vrp,ga,1,1391.2528,2514.6396,1829.7191,288.3402,200,9913,0.9000,0.0500,10,10,0.0000,0
a-n60-k9.vrp,ga,1,1391.2528,2700.1667,1798.4001,273.6226,200,9914,0.9000,0.0500,10,10,0.0000,0
a-n60-k9.vrp,ga,1,1391.2528,2586.3962,1859.9763,277.4651,200,9915,0.9000,0.0500,10,10,0.0000,0
a-n60-k9.vrp,ga,1,1391.2528,2513.6746,1819.8290,289.7840,200,9916,0.9000,0.0500,10,10,0.0000,0
a-n60-k9.vrp,ga,1,1391.2528,2758.7097,1824.9478,298.2758,200,9917,0.9000,0.0500,10,10,0.0000,0
a-n60-k9.vrp,ga,1,1391.2528,2498.1692,1804.5223,247.7921,200,9918,0.9000,0.0500,10,10,0.0000,0
a-n60-k9.vrp,ga,1,1391.2528,2371.1819,1827.4895,253.2416,200,9919,0.9000,0.0500,10,10,0.0000,0
a-n60-k9.vrp,ga,1,1391.2528,2384.6570,1793.9552,249.3743,200,9920,0.9000,0.0500,10,10,0.0000,0
a-n60-k9.vrp,ga,1,1391.2528,2575.9819,1776.7885,264.0140,200,9921,0.9000,0.0500,10,10,0.0000,0
a-n60-k9.vrp,ga,1,1391.2528,2576.1687,1798.8298,259.6676,200,9922,0.9000,0.0500,10,10,0.0000,0
a-n60-k9.vrp,ga,1,1391.2528,2574.2417,1804.5018,264.1224,200,9923,0.9000,0.0500,10,10,0.0000,0
a-n60-k9.vrp,ga,1,1391.2528,2504.9080,1786.6575,258.3758,200,9924,0.9000,0.0500,10,10,0.0000,0
a-n60-k9.vrp,ga,1,1391.2528,2366.0928,1802.3453,254.3788,200,9925,0.9000,0.0500,10,10,0.0000,0
a-n60-k9.vrp,ga,1,1391.2528,2463.1448,1797.6385,269.8682,200,9926,0.9000,0.0500,10,10,0.0000,0
a-n60-k9.vrp,ga,1,1391.2528,2517.4478,1811.0348,260.6644,200,9927,0.9000,0.0500,10,10,0.0000,0
a-n60-k9.vrp,ga,1,1391.2528,2412.9888,1808.5233,262.5185,200,9928,0.9000,0.0500,10,10,0.0000,0
a-n60-k9.vrp,ga,1,1391.2528,2457.2739,1808.7333,275.6216,200,9929,0.9000,0.0500,10,10,0.0000,0
a-n60-k9.vrp,ga,1,1391.2528,2440.8140,1826.7556,243.5538,200,9930,0.9000,0.0500,10,10,0.0000,0
a-n60-k9.vrp,ga,1,1391.2528,2395.8787,1809.1700,253.6751,200,9931,0.9000,0.0500,10,10,0.0000,0
a-n60-k9.vrp,ga,1,1391.2528,2436.1611,1820.7767,268.1725,200,9932,0.9000,0.0500,10,10,0.0000,0
a-n60-k9.vrp,ga,1,1391.2528,2521.3713,1805.2225,264.3399,200,9933,0.9000,0.0500,10,10,0.0000,0
a-n60-k9.vrp,ga,1,1391.2528,2516.0564,1796.8997,247.6659,200,9934,0.9000,0.0500,10,10,0.0000,0
a-n60-k9.vrp,ga,1,1391.2528,2488.5762,1792.9143,245.6169,200,9935,0.9000,0.0500,10,10,0.0000,0
a-n60-k9.vrp,ga,1,1391.2528,2427.0217,1812.9858,253.6996,200,9936,0.9000,0.0500,10,10,0.0000,0
a-n60-k9.vrp,ga,1,1391.2528,2390.3906,1817.3612,250.6546,200,9937,0.9000,0.0500,10,10,0.0000,0
a-n60-k9.vrp,ga,1,1391.2528,2577.7749,1807.3027,252.1239,200,9938,0.9000,0.0500,10,10,0.0000,0
a-n60-k9.vrp,ga,1,1391.2528,2549.6465,1840.7334,275.0420,200,9939,0.9000,0.0500,10,10,0.0000,0
a-n60-k9.vrp,ga,1,1391.2528,2625.6184,1823.9526,261.1278,200,9940,0.9000,0.0500,10,10,0.0000,0
a-n60-k9.vrp,ga,1,1391.2528,2697.9260,1815.3302,276.2040,200,9941,0.9000,0.0500,10,10,0.0000,0
a-n60-k9.vrp,ga,1,1391.2528,2320.4956,1768.0121,259.1758,200,9942,0.9000,0.0500,10,10,0.0000,0
a-n60-k9.vrp,ga,1,1391.2528,2436.5771,1798.2286,246.9993,200,9943,0.9000,0.0500,10,10,0.0000,0
a-n60-k9.vrp,ga,1,1391.2528,2378.3586,1795.1594,242.8174,200,9944,0.9000,0.0500,10,10,0.0000,0
a-n60-k9.vrp,ga,1,1391.2528,2406.2834,1791.9417,261.1768,200,9945,0.9000,0.0500,10,10,0.0000,0
a-n60-k9.vrp,ga,1,1391.2528,2614.6541,1788.7018,243.3473,200,9946,0.9000,0.0500,10,10,0.0000,0
a-n60-k9.vrp,ga,1,1391.2528,2623.5227,1803.2397,244.1883,200,9947,0.9000,0.0500,10,10,0.0000,0
a-n60-k9.vrp,ga,1,1391.2528,2541.1228,1762.8263,250.2464,200,9948,0.9000,0.0500,10,10,0.0000,0
a-n60-k9.vrp,ga,1,1391.2528,2539.6174,1790.7156,248.8191,200,9949,0.9000,0.0500,10,10,0.0000,0
a-n60-k9.vrp,ga,1,1391.2528,2418.0195,1817.6570,248.8339,200,9950,0.9000,0.0500,10,10,0.0000,0
a-n60-k9.vrp,ga,1,1391.2528,2536.2334,1805.6727,252.9056,200,9951,0.9000,0.0500,10,10,0.0000,0
a-n60-k9.vrp,ga,1,1391.2528,2563.4255,1835.8319,255.5248,200,9952,0.9000,0.0500,10,10,0.0000,0
a-n60-k9.vrp,ga,1,1391.2528,2328.0269,1795.4362,251.6620,200,9953,0.9000,0.0500,10,10,0.0000,0
a-n60-k9.vrp,ga,1,1391.2528,2510.7234,1806.5558,255.5228,200,9954,0.9000,0.0500,10,10,0.0000,0
a-n60-k9.vrp,ga,1,1391.2528,2496.8484,1813.6372,258.6613,200,9955,0.9000,0.0500,10,10,0.0000,0
a-n60-k9.vrp,ga,1,1391.2528,2517.6001,1786.1519,242.6561,200,9956,0.9000,0.0500,10,10,0.0000,0
a-n60-k9.vrp,ga,1,1391.2528,2373.9407,1828.4098,240.3749,200,9957,0.9000,0.0500,10,10,0.0000,0
a-n60-k9.vrp,ga,1,1391.2528,2551.6091,1816.0104,254.1565,200,9958,0.9000,0.0500,10,10,0.0000,0
a-n60-k9.vrp,ga,1,1391.2528,2416.0281,1786.9685,250.1160,200,9959,0.9000,0.0500,10,10,0.0000,0
a-n60-k9.vrp,ga,1,1391.2528,2376.0046,1806.4437,232.1201,200,9960,0.9000,0.0500,10,10,0.0000,0
a-n60-k9.vrp,ga,1,1391.2528,2386.4084,1820.5015,246.1329,200,9961,0.9000,0.0500,10,10,0.0000,0
a-n60-k9.vrp,ga,1,1391.2528,2538.5173,1786.6233,254.5227,200,9962,0.9000,0.0500,10,10,0.0000,0
a-n60-k9.vrp,ga,1,1391.2528,2417.3259,1767.6788,230.6699,200,9963,0.9000,0.0500,10,10,0.0000,0
a-n60-k9.vrp,ga,1,1391.2528,2429.5449,1786.3628,251.8874,200,9964,0.9000,0.0500,10,10,0.0000,0
a-n60-k9.vrp,ga,1,1391.2528,2571.8306,1791.9646,263.9743,200,9965,0.9000,0.0500,10,10,0.0000,0
a-n60-k9.vrp,ga,1,1391.2528,2397.9309,1783.7996,234.3647,200,9966,0.9000,0.0500,10,10,0.0000,0
a-n60-k9.vrp,ga,1,1391.2528,2529.2756,1791.4282,265.0130,200,9967,0.9000,0.0500,10,10,0.0000,0
a-n60-k9.vrp,ga,1,1391.2528,2449.7991,1777.6495,260.4390,200,9968,0.9000,0.0500,10,10,0.0000,0
a-n60-k9.vrp,ga,1,1391.2528,2440.0205,1789.6111,243.6734,200,9969,0.9000,0.0500,10,10,0.0000,0
a-n60-k9.vrp,ga,1,1391.2528,2545.2922,1795.0530,251.6679,200,9970,0.9000,0.0500,10,10,0.0000,0
a-n60-k9.vrp,ga,1,1391.2528,2444.6892,1788.0737,238.1263,200,9971,0.9000,0.0500,10,10,0.0000,0
a-n60-k9.vrp,ga,1,1391.2528,2457.2739,1776.2156,249.4463,200,9972,0.9000,0.0500,10,10,0.0000,0
a-n60-k9.vrp,ga,1,1391.2528,2320.4956,1794.8999,247.4309,200,9973,0.9000,0.0500,10,10,0.0000,0
a-n60-k9.vrp,ga,1,1391.2528,2486.9634,1788.7826,252.2629,200,9974,0.9000,0.0500,10,10,0.0000,0
a-n60-k9.vrp,ga,1,1391.2528,2402.6470,1771.1508,243.3409,200,9975,0.9000,0.0500,10,10,0.0000,0
a-n60-k9.vrp,ga,1,1391.2528,2538.5173,1802.2351,237.8982,200,9976,0.9000,0.0500,10,10,0.0000,0
a-n60-k9.vrp,ga,1,1391.2528,2360.6350,1796.0660,256.8073,200,9977,0.9000,0.0500,10,10,0.0000,0
a-n60-k9.vrp,ga,1,1391.2528,2500.5645,1765.6381,243.5267,200,9978,0.9000,0.0500,10,10,0.0000,0
a-n60-k9.vrp,ga,1,1391.2528,2375.1848,1796.1803,228.8363,200,9979,0.9000,0.0500,10,10,0.0000,0
a-n60-k9.vrp,ga,1,1391.2528,2458.8284,1780.0044,242.4668,200,9980,0.9000,0.0500,10,10,0.0000,0
a-n60-k9.vrp,ga,1,1391.2528,2657.9302,1787.8357,253.2613,200,9981,0.9000,0.0500,10,10,0.0000,0
a-n60-k9.vrp,ga,1,1391.2528,2431.4697,1789.0227,245.4315,200,9982,0.9000,0.0500,10,10,0.0000,0
a-n60-k9.vrp,ga,1,1391.2528,2467.0264,1792.1271,258.8269,200,9983,0.9000,0.0500,10,10,0.0000,0
a-n60-k9.vrp,ga,1,1391.2528,2424.5505,1783.6744,253.7480,200,9984,0.9000,0.0500,10,10,0.0000,0
a-n60-k9.vrp,ga,1,1391.2528,2454.6150,1785.6440,244.1243,200,9985,0.9000,0.0500,10,10,0.0000,0
a-n60-k9.vrp,ga,1,1391.2528,2343.0691,1753.1787,248.0383,200,9986,0.9000,0.0500,10,10,0.0000,0
a-n60-k9.vrp,ga,1,1391.2528,2307.7441,1779.7125,236.3434,200,9987,0.9000,0.0500,10,10,0.0000,0
a-n60-k9.vrp,ga,1,1391.2528,2377.1394,1745.4725,261.7093,200,9988,0.9000,0.0500,10,10,0.0000,0
a-n60-k9.vrp,ga,1,1391.2528,2566.5745,1799.2806,259.2310,200,9989,0.9000,0.0500,10,10,0.0000,0
a-n60-k9.vrp,ga,1,1391.2528,2380.2004,1812.6531,246.2336,200,9990,0.9000,0.0500,10,10,0.0000,0
a-n60-k9.vrp,ga,1,1391.2528,2317.9724,1783.5216,254.3621,200,9991,0.9000,0.0500,10,10,0.0000,0
a-n60-k9.vrp,ga,1,1391.2528,2504.4417,1794.7802,259.1064,200,9992,0.9000,0.0500,10,10,0.0000,0
a-n60-k9.vrp,ga,1,1391.2528,2382.5012,1787.7404,248.0201,200,9993,0.9000,0.0500,10,10,0.0000,0
a-n60-k9.vrp,ga,1,1391.2528,2485.4219,1812.6044,244.0901,200,9994,0.9000,0.0500,10,10,0.0000,0
a-n60-k9.vrp,ga,1,1391.2528,2510.4272,1815.1882,256.7826,200,9995,0.9000,0.0500,10,10,0.0000,0
a-n60-k9.vrp,ga,1,1391.2528,2491.9004,1814.7902,232.3555,200,9996,0.9000,0.0500,10,10,0.0000,0
a-n60-k9.vrp,ga,1,1391.2528,2580.0625,1835.9290,261.4891,200,9997,0.9000,0.0500,10,10,0.0000,0
a-n60-k9.vrp,ga,1,1391.2528,2484.7905,1822.5719,251.8860,200,9998,0.9000,0.0500,10,10,0.0000,0
a-n60-k9.vrp,ga,1,1391.2528,2416.7397,1833.7062,241.9587,200,9999,0.9000,0.0500,10,10,0.0000,0
a-n60-k9.vrp,ga,1,1391.2528,2530.9199,1864.0337,258.5245,200,10000,0.9000,0.0500,10,10,0.0000,0